0.5446121096611023,0.7181317806243896,8.038510301844326e-09,0.605324923992157,0.6512660980224609,0.07718434929847717,0.6000404357910156,0.5757349729537964,0.11053312569856644,0.5808478593826294,0.5142521262168884,0.12963642179965973,0.5658193230628967,0.4735161066055298,0.14065337181091309,0.585930347442627,0.5335156321525574,0.03183199465274811,0.5581359267234802,0.42121803760528564,0.019263390451669693,0.5434247255325317,0.34919434785842896,0.013499089516699314,0.5373692512512207,0.29156693816185,0.007907881401479244,0.557859480381012,0.5396446585655212,-0.01749936118721962,0.5227310657501221,0.4085448980331421,-0.03542617708444595,0.5058233737945557,0.32631024718284607,-0.04907814785838127,0.5033251643180847,0.2674158215522766,-0.06024904549121857,0.5140560269355774,0.5556754469871521,-0.05921591445803642,0.49092164635658264,0.4255998134613037,-0.08176640421152115,0.4721105396747589,0.3497002124786377,-0.0984853133559227,0.47263818979263306,0.2904975414276123,-0.11124764382839203,0.4589923620223999,0.5808698534965515,-0.09156873822212219,0.4408177137374878,0.4985387921333313,-0.13160164654254913,0.43200013041496277,0.4412485957145691,-0.15475575625896454,0.4318418800830841,0.3881450295448303,-0.1686771810054779,ayubowan
0.578163743019104,0.9991005659103394,-5.05766479363956e-07,0.7078827619552612,0.8531144857406616,0.12016122043132782,0.7236817479133606,0.7238793969154358,0.17163467407226562,0.7231593728065491,0.6264987587928772,0.20189939439296722,0.7435369491577148,0.5465810894966125,0.22313223779201508,0.6390897035598755,0.6306403875350952,0.05447198450565338,0.5962465405464172,0.4621291160583496,0.028266923502087593,0.5572957992553711,0.3619375228881836,0.016304999589920044,0.5306053757667542,0.28911110758781433,0.008078431710600853,0.5547798871994019,0.646477460861206,-0.021797966212034225,0.5093704462051392,0.4501243829727173,-0.08075391501188278,0.469971626996994,0.331076443195343,-0.11352934688329697,0.44807565212249756,0.23522207140922546,-0.13307926058769226,0.45431965589523315,0.6794446110725403,-0.08727070689201355,0.40404224395751953,0.4951791763305664,-0.1426502913236618,0.37636178731918335,0.3831155300140381,-0.1722550243139267,0.36329907178878784,0.2895958721637726,-0.18926940858364105,0.3491414487361908,0.7319086790084839,-0.13727645576000214,0.30416616797447205,0.5929620265960693,-0.19683673977851868,0.2848242521286011,0.5052685141563416,-0.22609835863113403,0.2685084044933319,0.4245796799659729,-0.24305102229118347,ayubowan
0.4339572787284851,0.9061327576637268,5.690538387170818e-07,0.5986486673355103,0.8120583295822144,0.03136834129691124,0.6853534579277039,0.7178038358688354,0.02903689257800579,0.7539879083633423,0.6293553709983826,0.026060253381729126,0.8208043575286865,0.5624434947967529,0.017736975103616714,0.5550315380096436,0.6163516640663147,-0.04644164443016052,0.5541983246803284,0.4672178030014038,-0.06162510812282562,0.5458137392997742,0.3802090585231781,-0.06590968370437622,0.5366731286048889,0.31076717376708984,-0.07092829793691635,0.452750563621521,0.6204034090042114,-0.0712665393948555,0.4519534707069397,0.4627634882926941,-0.11032670736312866,0.44878631830215454,0.35964640974998474,-0.13329501450061798,0.4475104808807373,0.2834181785583496,-0.15270817279815674,0.3561420440673828,0.6414362192153931,-0.08581138402223587,0.3542775511741638,0.4928121864795685,-0.11502451449632645,0.36183983087539673,0.39547353982925415,-0.13105131685733795,0.3706805408000946,0.3200538456439972,-0.14541707932949066,0.2727460265159607,0.6727094650268555,-0.09320706129074097,0.2516982853412628,0.5574424266815186,-0.117774598300457,0.25331631302833557,0.48369157314300537,-0.12899012863636017,0.260316401720047,0.41549351811408997,-0.13775141537189484,ayubowan
0.36093825101852417,0.7871559858322144,-5.4899773616057246e-09,0.3608379065990448,0.6976855993270874,0.05109351873397827,0.37636929750442505,0.5982959270477295,0.06017940491437912,0.40417909622192383,0.5255100131034851,0.05601503327488899,0.4250345230102539,0.46906089782714844,0.04695194959640503,0.3669775724411011,0.5692346096038818,-0.016180507838726044,0.422202467918396,0.4609202742576599,-0.05445718392729759,0.4491615295410156,0.3894014060497284,-0.07409809529781342,0.4678708612918854,0.32977476716041565,-0.08817017078399658,0.3711533546447754,0.5783283114433289,-0.06671655178070068,0.42162901163101196,0.4577764868736267,-0.11702194809913635,0.4395095407962799,0.37391459941864014,-0.1395326405763626,0.4470813572406769,0.30410265922546387,-0.1527739018201828,0.38582518696784973,0.6010555028915405,-0.112574003636837,0.43597546219825745,0.4784718453884125,-0.15818430483341217,0.45352602005004883,0.3986642360687256,-0.1800101399421692,0.4643978476524353,0.3306572139263153,-0.19328759610652924,0.41384434700012207,0.6336027383804321,-0.1526697427034378,0.44023916125297546,0.5531952977180481,-0.1966460645198822,0.45053890347480774,0.4920526146888733,-0.21996097266674042,0.46089187264442444,0.4384099841117859,-0.23516255617141724,ayubowan
0.4013700783252716,1.0109034776687622,-2.1460458299316088e-07,0.4564145505428314,0.8999956846237183,0.027074992656707764,0.4814649820327759,0.7644063234329224,0.01736975833773613,0.48289135098457336,0.6529601216316223,0.0033795794006437063,0.4705144166946411,0.5564701557159424,-0.019938817247748375,0.46869346499443054,0.7040426135063171,-0.10962624102830887,0.4370843172073364,0.5347988605499268,-0.18570369482040405,0.4180263578891754,0.4279647469520569,-0.22950059175491333,0.4009692668914795,0.34609290957450867,-0.2616078555583954,0.42800670862197876,0.7280005812644958,-0.1672893762588501,0.40680503845214844,0.5465425252914429,-0.256181925535202,0.392762690782547,0.42810341715812683,-0.3089560270309448,0.3778563141822815,0.32951903343200684,-0.3471984267234802,0.3803477883338928,0.7807835936546326,-0.21719279885292053,0.36300763487815857,0.6128870248794556,-0.30611297488212585,0.35571789741516113,0.5041045546531677,-0.36321723461151123,0.35338854789733887,0.40502116084098816,-0.40416085720062256,0.32917022705078125,0.8478178977966309,-0.2581408619880676,0.2962178885936737,0.7614262104034424,-0.3607925772666931,0.2841075658798218,0.6855786442756653,-0.4195901155471802,0.2767608165740967,0.6071901321411133,-0.4592018723487854,ayubowan
0.5562368035316467,0.8075419068336487,-3.622043323048274e-07,0.6454964876174927,0.720942497253418,0.06859248131513596,0.6595231294631958,0.6229961514472961,0.09828249365091324,0.6662643551826477,0.5497265458106995,0.11393599957227707,0.6949869990348816,0.499284952878952,0.12174684554338455,0.6183404326438904,0.565082311630249,0.03200507536530495,0.5947964787483215,0.4437009394168854,0.018031319603323936,0.5742083191871643,0.37388139963150024,0.009928897023200989,0.5575034022331238,0.32078850269317627,0.003169143572449684,0.5669258832931519,0.574960470199585,-0.01607345975935459,0.536423921585083,0.4364548325538635,-0.03637303039431572,0.5100420117378235,0.3532620668411255,-0.05340801924467087,0.4950390160083771,0.29104506969451904,-0.06874657422304153,0.5009784698486328,0.5958788990974426,-0.05877802148461342,0.466749370098114,0.4623323082923889,-0.08006264269351959,0.4436277747154236,0.38511309027671814,-0.10000746697187424,0.43373996019363403,0.3234347105026245,-0.11737008392810822,0.4247715175151825,0.6278366446495056,-0.09337829798460007,0.3923819661140442,0.5272903442382812,-0.12403277307748795,0.37964457273483276,0.4665621221065521,-0.14408759772777557,0.37318822741508484,0.41127505898475647,-0.159120112657547,ayubowan
0.5615513920783997,0.5501635670661926,1.8022922176896827e-07,0.5036720633506775,0.51236492395401,-0.05054076388478279,0.48206913471221924,0.45082223415374756,-0.0823226198554039,0.48618045449256897,0.391744464635849,-0.10239144414663315,0.49929079413414,0.33816152811050415,-0.12142226845026016,0.5163299441337585,0.46345582604408264,-0.11913217604160309,0.5122135281562805,0.39091208577156067,-0.167110413312912,0.5172457695007324,0.3381110429763794,-0.1881040632724762,0.5233123302459717,0.29723072052001953,-0.1999937891960144,0.5700924396514893,0.4576556384563446,-0.10951407998800278,0.5681077837944031,0.37629038095474243,-0.15584149956703186,0.5689215064048767,0.3177134096622467,-0.17043733596801758,0.5696449279785156,0.274135023355484,-0.17994365096092224,0.6090344786643982,0.45421239733695984,-0.10045696794986725,0.6038756966590881,0.376526415348053,-0.14259596168994904,0.5984980463981628,0.3227263391017914,-0.15384534001350403,0.5929051041603088,0.28030163049697876,-0.15874610841274261,0.6314261555671692,0.4533674716949463,-0.09331386536359787,0.6232491135597229,0.3918824791908264,-0.1303618997335434,0.614978551864624,0.3502252697944641,-0.1436314582824707,0.6079363822937012,0.3172336518764496,-0.15040838718414307,ayubowan
0.6254973411560059,0.991312563419342,-3.859137791550893e-07,0.7746331095695496,0.8804939985275269,0.0923546627163887,0.8373315334320068,0.778563916683197,0.1283494085073471,0.8810956478118896,0.6870976686477661,0.15016181766986847,0.9448169469833374,0.6386528611183167,0.16364680230617523,0.7397262454032898,0.6584712266921997,0.045845698565244675,0.6950430870056152,0.505577027797699,0.045609768480062485,0.6561875343322754,0.4255679249763489,0.04756664112210274,0.6240515112876892,0.3645469546318054,0.046658486127853394,0.6341688632965088,0.6681113839149475,-0.005986792501062155,0.5829585790634155,0.4947868883609772,-0.031085846945643425,0.5445095300674438,0.39260441064834595,-0.04965883493423462,0.5177288055419922,0.31442174315452576,-0.06413198262453079,0.5317040681838989,0.699414849281311,-0.04627823829650879,0.48622363805770874,0.535929799079895,-0.06834643334150314,0.46096599102020264,0.4378212094306946,-0.08200611174106598,0.4470529556274414,0.358621209859848,-0.09337837994098663,0.4401450753211975,0.7498695850372314,-0.07452278584241867,0.3876560926437378,0.6221109628677368,-0.0973321869969368,0.3701815903186798,0.5493729710578918,-0.10356825590133667,0.3627539575099945,0.4811750650405884,-0.10690566897392273,ayubowan
0.6130364537239075,0.8942521810531616,-9.640739335736725e-07,0.7876134514808655,0.7783175706863403,0.09520728886127472,0.8648049831390381,0.6483641862869263,0.14569954574108124,0.9188032150268555,0.5643006563186646,0.17426086962223053,0.985140323638916,0.5227756500244141,0.19127494096755981,0.8005251884460449,0.5047672390937805,0.08750119805335999,0.7424430847167969,0.3327639102935791,0.07779736816883087,0.6989376544952393,0.23457810282707214,0.058146510273218155,0.663672685623169,0.15541702508926392,0.041928671300411224,0.7076568603515625,0.5183804035186768,0.024394243955612183,0.642328143119812,0.3122049570083618,0.02213527262210846,0.5994134545326233,0.1958228051662445,0.0016718219267204404,0.5721355676651001,0.10333943367004395,-0.021868964657187462,0.6028949022293091,0.5539649724960327,-0.03415367379784584,0.5291190147399902,0.35846978425979614,-0.045567791908979416,0.4885178804397583,0.247482568025589,-0.06967140734195709,0.4683094322681427,0.15419843792915344,-0.09441760927438736,0.49067750573158264,0.6093610525131226,-0.08380585163831711,0.42614826560020447,0.46567708253860474,-0.10946419090032578,0.39783963561058044,0.3810771405696869,-0.12381639331579208,0.3813134431838989,0.30658429861068726,-0.13552235066890717,ayubowan
0.5235821604728699,0.9286329746246338,-1.2897058923044824e-06,0.49030041694641113,0.7665714025497437,0.10111139714717865,0.5279297828674316,0.6083669662475586,0.11186155676841736,0.6061429977416992,0.48520177602767944,0.10727336257696152,0.6666125655174255,0.3982246518135071,0.08819209039211273,0.47937455773353577,0.574676513671875,-0.13433124125003815,0.5270572900772095,0.38400715589523315,-0.2169525921344757,0.5669264793395996,0.2824477553367615,-0.24447953701019287,0.6003082990646362,0.2019372582435608,-0.2683839499950409,0.5339751839637756,0.6207329630851746,-0.22846117615699768,0.5961388945579529,0.40293896198272705,-0.3419259786605835,0.6361929774284363,0.29169565439224243,-0.3800038695335388,0.6677226424217224,0.19608363509178162,-0.41074231266975403,0.6087026000022888,0.6783186793327332,-0.30784788727760315,0.6690965890884399,0.4579734206199646,-0.42748790979385376,0.6889368891716003,0.34272849559783936,-0.48372882604599,0.6970341801643372,0.2466890513896942,-0.5226065516471863,0.7012644410133362,0.7392702698707581,-0.36963874101638794,0.7287277579307556,0.5932879447937012,-0.5075748562812805,0.7387918829917908,0.49029186367988586,-0.5943765640258789,0.7516161799430847,0.3977559804916382,-0.6566756963729858,ayubowan
0.5765281319618225,0.735319972038269,2.788111714835395e-07,0.5651609897613525,0.6421078443527222,0.01127720344811678,0.5643441081047058,0.5324448943138123,0.009196649305522442,0.5890612602233887,0.4486903250217438,0.002887343754991889,0.599437952041626,0.38362550735473633,-0.005768311209976673,0.5247439742088318,0.48430559039115906,-0.04243084415793419,0.5558993220329285,0.36531949043273926,-0.08461631834506989,0.5665892958641052,0.29170793294906616,-0.10643457621335983,0.5774137377738953,0.23258647322654724,-0.12291765958070755,0.5312321186065674,0.49704039096832275,-0.07394981384277344,0.5679367184638977,0.36320459842681885,-0.12635232508182526,0.585821270942688,0.28224605321884155,-0.15678463876247406,0.602296769618988,0.2119182050228119,-0.17650090157985687,0.5550820231437683,0.5261121392250061,-0.10393040627241135,0.5786658525466919,0.39707013964653015,-0.15480937063694,0.5840644240379333,0.3178379535675049,-0.18949288129806519,0.5911906361579895,0.24742822349071503,-0.21319641172885895,0.5938529372215271,0.5673543810844421,-0.1312693953514099,0.6042211055755615,0.4897945821285248,-0.19001993536949158,0.6063213348388672,0.4302867650985718,-0.23002168536186218,0.6133968830108643,0.37379664182662964,-0.25718191266059875,ayubowan
0.3898034691810608,0.863181471824646,1.1739874139493622e-07,0.49050867557525635,0.7485440373420715,-0.022369055077433586,0.5009278059005737,0.616348147392273,-0.02579472027719021,0.49945762753486633,0.5053588151931763,-0.03277934715151787,0.5060338377952576,0.41655266284942627,-0.03574248403310776,0.3960176706314087,0.4921681582927704,0.02121983841061592,0.37768423557281494,0.35765987634658813,-0.009344063699245453,0.37089669704437256,0.26854434609413147,-0.04003491997718811,0.368200421333313,0.1904015839099884,-0.06906978785991669,0.40010911226272583,0.4977705776691437,0.0027622731868177652,0.40389710664749146,0.3403494954109192,-0.0318213514983654,0.40721768140792847,0.2459993064403534,-0.06710201501846313,0.40612471103668213,0.16423073410987854,-0.09698931872844696,0.41920435428619385,0.5337046384811401,-0.025653744116425514,0.42599713802337646,0.3873714208602905,-0.07744836062192917,0.4196791648864746,0.295086145401001,-0.12532567977905273,0.40961089730262756,0.21074357628822327,-0.16090933978557587,0.46038204431533813,0.5917139053344727,-0.05702029913663864,0.47268015146255493,0.5212697386741638,-0.11517023295164108,0.47578275203704834,0.4598172605037689,-0.161874458193779,0.4768752455711365,0.39549368619918823,-0.19771714508533478,ayubowan
0.500902533531189,0.790175199508667,-1.0830378869286506e-06,0.6194283366203308,0.6351615786552429,0.09320604056119919,0.6708851456642151,0.4816220998764038,0.10292661935091019,0.7234529852867126,0.37552979588508606,0.08876741677522659,0.7401922345161438,0.2784230411052704,0.06215091794729233,0.49599844217300415,0.3935670256614685,-0.06699126958847046,0.4868001639842987,0.2302701324224472,-0.1588958501815796,0.489102840423584,0.12499558925628662,-0.21544675529003143,0.49328702688217163,0.03911551833152771,-0.2619321048259735,0.49332237243652344,0.4300103783607483,-0.17397016286849976,0.4970208406448364,0.24295207858085632,-0.29854658246040344,0.5141327977180481,0.1224905252456665,-0.378952294588089,0.5301370024681091,0.016548216342926025,-0.44095736742019653,0.5269360542297363,0.4945181906223297,-0.27138641476631165,0.5504747629165649,0.305190771818161,-0.4051971137523651,0.5583920478820801,0.18485793471336365,-0.49816203117370605,0.5646769404411316,0.07807812094688416,-0.5631308555603027,0.6005818843841553,0.5722833275794983,-0.3535143733024597,0.6204456090927124,0.46067291498184204,-0.4953662157058716,0.6313841938972473,0.36852532625198364,-0.5927532911300659,0.642627477645874,0.28158262372016907,-0.6657728552818298,ayubowan
0.4525067210197449,0.8473511934280396,2.0707332737401885e-07,0.5950586199760437,0.7673080563545227,0.00861078780144453,0.6627697944641113,0.6732770204544067,0.0030351069290190935,0.6945458650588989,0.5821794867515564,-0.0036014243960380554,0.7257689237594604,0.512558102607727,-0.016847867518663406,0.550818920135498,0.5972809195518494,-0.04662979021668434,0.5373256802558899,0.4639350175857544,-0.07428377866744995,0.5223557949066162,0.38803398609161377,-0.09332948923110962,0.5052688121795654,0.32536646723747253,-0.10792825371026993,0.4631548821926117,0.6039630174636841,-0.06833355128765106,0.449476957321167,0.4635775089263916,-0.09843096882104874,0.4345313012599945,0.3721737861633301,-0.12210598587989807,0.42354947328567505,0.30398350954055786,-0.14472316205501556,0.3820381760597229,0.6268100738525391,-0.0856391042470932,0.3660469949245453,0.49470415711402893,-0.11044671386480331,0.3546542525291443,0.40824657678604126,-0.1289805769920349,0.3484994173049927,0.34217900037765503,-0.14649136364459991,0.3118947744369507,0.6594287157058716,-0.09985870122909546,0.2832942306995392,0.5544930696487427,-0.12614087760448456,0.2717841863632202,0.4883742034435272,-0.1391780525445938,0.2664068341255188,0.43113285303115845,-0.14908301830291748,ayubowan
0.3874449133872986,0.8885452747344971,1.932339159793628e-07,0.5398022532463074,0.8005817532539368,0.020182978361845016,0.6050139665603638,0.7009885907173157,0.012643218971788883,0.6319985389709473,0.6027957201004028,0.006874607875943184,0.6727160215377808,0.5274325609207153,-0.004756035748869181,0.49823665618896484,0.6242200136184692,-0.07452528923749924,0.49170708656311035,0.4846181273460388,-0.09913654625415802,0.4785993695259094,0.40584367513656616,-0.10723700374364853,0.4654445946216583,0.3421754240989685,-0.11355222016572952,0.40226101875305176,0.6307610869407654,-0.09260817617177963,0.3915407061576843,0.4803465008735657,-0.13820013403892517,0.38283830881118774,0.3877495229244232,-0.15992532670497894,0.37562960386276245,0.32182371616363525,-0.1785580813884735,0.31828123331069946,0.6504314541816711,-0.10012561827898026,0.30484724044799805,0.5095037817955017,-0.12866462767124176,0.30280590057373047,0.42207249999046326,-0.1384926587343216,0.303279310464859,0.35710838437080383,-0.1489141583442688,0.24691987037658691,0.678087055683136,-0.1017983928322792,0.22169998288154602,0.5687578916549683,-0.12002971768379211,0.2179836928844452,0.5033621191978455,-0.12608905136585236,0.21788153052330017,0.44712743163108826,-0.1322900354862213,ayubowan
0.47619175910949707,0.9670122265815735,6.824080855949433e-07,0.6580268144607544,0.8626606464385986,0.0025417539291083813,0.7389972805976868,0.7269372940063477,-0.017237544059753418,0.7893914580345154,0.598914384841919,-0.036537185311317444,0.867339015007019,0.5189297795295715,-0.06174242123961449,0.6016329526901245,0.6264337301254272,-0.09703774005174637,0.6026698350906372,0.43394196033477783,-0.14544352889060974,0.5927618741989136,0.3238333463668823,-0.16737158596515656,0.5801898837089539,0.23605510592460632,-0.18270060420036316,0.4732850193977356,0.6285409927368164,-0.1232682541012764,0.4740394949913025,0.421811044216156,-0.1823868453502655,0.46565133333206177,0.29407352209091187,-0.2090938687324524,0.45715218782424927,0.19739416241645813,-0.22788749635219574,0.35510575771331787,0.6531124114990234,-0.14262476563453674,0.3429621160030365,0.4607202708721161,-0.18960851430892944,0.3436379134654999,0.341310977935791,-0.2119591236114502,0.3472633361816406,0.2481527328491211,-0.22857894003391266,0.25406935811042786,0.6947082281112671,-0.15779197216033936,0.22397559881210327,0.5516644716262817,-0.20261593163013458,0.21424835920333862,0.4568840265274048,-0.22215034067630768,0.2101101279258728,0.3746291399002075,-0.23316702246665955,ayubowan
0.49344009160995483,0.9311615228652954,6.102494012338866e-07,0.6723211407661438,0.8384813070297241,-0.025114331394433975,0.7550365924835205,0.7250710129737854,-0.0489429347217083,0.8095266819000244,0.6120157241821289,-0.06560025364160538,0.8810917139053345,0.5342214107513428,-0.0848173126578331,0.6267521977424622,0.6263448596000671,-0.08911958336830139,0.6376541256904602,0.45438146591186523,-0.12450176477432251,0.6317107081413269,0.35836261510849,-0.14465570449829102,0.6196389198303223,0.2801494002342224,-0.159107968211174,0.5109790563583374,0.6228752136230469,-0.08990427851676941,0.5170421600341797,0.4482913613319397,-0.1372309774160385,0.5127463936805725,0.33559632301330566,-0.16730466485023499,0.5032655000686646,0.25093987584114075,-0.19120894372463226,0.41016629338264465,0.6400163173675537,-0.08601401746273041,0.4092913568019867,0.47918009757995605,-0.1199546605348587,0.41317200660705566,0.3792819082736969,-0.1414383053779602,0.41608771681785583,0.30187010765075684,-0.15913891792297363,0.3306853771209717,0.668586790561676,-0.0809909924864769,0.30746015906333923,0.5456995964050293,-0.11096055060625076,0.30772557854652405,0.4692654609680176,-0.12735626101493835,0.3140856623649597,0.40312016010284424,-0.1384907066822052,ayubowan
0.4023609161376953,0.9611444473266602,3.600005413773033e-07,0.5788766741752625,0.8416361212730408,0.03348032757639885,0.6503124237060547,0.6985267400741577,0.029550766572356224,0.6935843229293823,0.5716809630393982,0.021237708628177643,0.7590944766998291,0.4905626177787781,0.005175527185201645,0.534849226474762,0.60748690366745,-0.07115813344717026,0.5292877554893494,0.4144367575645447,-0.11549820750951767,0.5129299163818359,0.30328255891799927,-0.1344473659992218,0.49482569098472595,0.21679231524467468,-0.14709706604480743,0.4073063135147095,0.6083697080612183,-0.10929691791534424,0.4005858600139618,0.4019891619682312,-0.16881176829338074,0.386027455329895,0.27223455905914307,-0.1944449543952942,0.3732317388057709,0.1751445233821869,-0.21158923208713531,0.28630226850509644,0.6317659020423889,-0.1381334662437439,0.2711392045021057,0.4380163550376892,-0.1836339682340622,0.2689642608165741,0.318428635597229,-0.20208680629730225,0.27057787775993347,0.22482314705848694,-0.21514973044395447,0.17878133058547974,0.6756690144538879,-0.15983794629573822,0.14401447772979736,0.5296899676322937,-0.20274437963962555,0.13284823298454285,0.4371291995048523,-0.21833214163780212,0.1259056031703949,0.3561391830444336,-0.2256959080696106,ayubowan
0.524320125579834,0.8453934192657471,-9.566010561457006e-08,0.6565566062927246,0.7352989912033081,0.04550899192690849,0.7029380202293396,0.6164355874061584,0.0614205040037632,0.7250828146934509,0.518580973148346,0.0696219876408577,0.7624832391738892,0.4589862525463104,0.07148683816194534,0.6158711314201355,0.5525099635124207,-0.012377774342894554,0.6110426187515259,0.4022279679775238,-0.04050601273775101,0.60246342420578,0.3190588355064392,-0.054176799952983856,0.5918780565261841,0.25556379556655884,-0.06219843402504921,0.5273619890213013,0.5600146055221558,-0.04745326563715935,0.5160440802574158,0.39396172761917114,-0.08394691348075867,0.5073428750038147,0.29513412714004517,-0.10219968855381012,0.5014855265617371,0.22245535254478455,-0.11532098054885864,0.43813955783843994,0.5813474655151367,-0.07646200060844421,0.4150576591491699,0.4259251356124878,-0.10662060230970383,0.4099140167236328,0.3347015976905823,-0.1213340237736702,0.41396164894104004,0.26399508118629456,-0.13148289918899536,0.35249900817871094,0.6144952178001404,-0.09883029013872147,0.3244472146034241,0.49347224831581116,-0.1303468942642212,0.3158215284347534,0.4217325448989868,-0.1437091827392578,0.31306296586990356,0.3606013059616089,-0.1506352573633194,ayubowan
0.6532605290412903,0.940520167350769,3.649097735092255e-08,0.802219033241272,0.8040270805358887,0.0618477538228035,0.8470001816749573,0.6647942066192627,0.07538487762212753,0.8733265995979309,0.552020788192749,0.07695409655570984,0.9253492951393127,0.47485944628715515,0.06954636424779892,0.7557273507118225,0.5862388610839844,-0.0232321098446846,0.7475093603134155,0.4079892933368683,-0.06102154403924942,0.731939435005188,0.3025382161140442,-0.07791241258382797,0.7184088230133057,0.2197536826133728,-0.08933001756668091,0.6509752869606018,0.5907442569732666,-0.07609063386917114,0.6362025141716003,0.39381587505340576,-0.13227403163909912,0.6200458407402039,0.2684275805950165,-0.15788757801055908,0.6136058568954468,0.17516687512397766,-0.17435915768146515,0.5407103300094604,0.6173426508903503,-0.11986852437257767,0.5168442726135254,0.4298771023750305,-0.16687241196632385,0.5107886791229248,0.31310737133026123,-0.18522822856903076,0.5164024829864502,0.21983996033668518,-0.19688260555267334,0.4325554072856903,0.6650794744491577,-0.1545245498418808,0.40110912919044495,0.5213698744773865,-0.20259375870227814,0.39241671562194824,0.43222901225090027,-0.21963810920715332,0.3894478380680084,0.34998586773872375,-0.22731131315231323,ayubowan
0.5815088152885437,0.868803083896637,-3.992910002637018e-09,0.7114540934562683,0.7512929439544678,0.045192718505859375,0.759110689163208,0.6268184185028076,0.054060518741607666,0.7866744995117188,0.5257150530815125,0.052352067083120346,0.8335780501365662,0.4584440290927887,0.04293230175971985,0.6814239025115967,0.5563890337944031,-0.011912922374904156,0.6740756034851074,0.39569586515426636,-0.042890459299087524,0.6609262228012085,0.30526024103164673,-0.061177726835012436,0.6464961767196655,0.23455113172531128,-0.07369173318147659,0.5904157757759094,0.5607297420501709,-0.053970202803611755,0.5761951208114624,0.3876577615737915,-0.08764242380857468,0.5618625283241272,0.28096580505371094,-0.10649961978197098,0.55172199010849,0.20064884424209595,-0.12257541716098785,0.49231576919555664,0.5821022987365723,-0.09088701009750366,0.47374770045280457,0.4182864725589752,-0.12033317238092422,0.4694506525993347,0.32071006298065186,-0.13527849316596985,0.4721718430519104,0.24203354120254517,-0.14877095818519592,0.39321327209472656,0.6190525889396667,-0.12188948690891266,0.3665764331817627,0.49643445014953613,-0.15504874289035797,0.3594704568386078,0.42063432931900024,-0.1669244021177292,0.3581184446811676,0.35221531987190247,-0.17426064610481262,ayubowan
0.4017459452152252,0.8683599829673767,3.428827142215596e-07,0.5558412075042725,0.7865862846374512,0.010518006049096584,0.6307740211486816,0.6828727126121521,0.006105250213295221,0.670750617980957,0.5848881006240845,9.908111678669229e-06,0.7188060283660889,0.5154018402099609,-0.011613233014941216,0.51702481508255,0.5977144241333008,-0.04479817673563957,0.5206148028373718,0.45406219363212585,-0.07611151784658432,0.5160007476806641,0.3704630732536316,-0.09448333829641342,0.5058197975158691,0.3035508394241333,-0.10772816836833954,0.42296016216278076,0.5985267758369446,-0.06660375744104385,0.4291911721229553,0.4467243552207947,-0.1059388741850853,0.4276910722255707,0.3493294417858124,-0.13227678835391998,0.4234926104545593,0.2755189836025238,-0.1531425565481186,0.33452320098876953,0.6171208620071411,-0.08358342945575714,0.33219605684280396,0.4747045934200287,-0.11575532704591751,0.33856821060180664,0.3840341866016388,-0.13569217920303345,0.3457137942314148,0.3139781653881073,-0.15108796954154968,0.25593459606170654,0.6477639675140381,-0.096881203353405,0.23599886894226074,0.5356191992759705,-0.1289137303829193,0.23269087076187134,0.46581292152404785,-0.14385728538036346,0.23359611630439758,0.4044002294540405,-0.15282133221626282,ayubowan
0.317944198846817,0.7611601948738098,6.655317861259391e-07,0.4663417935371399,0.7044689655303955,-0.02771637588739395,0.5243850350379944,0.6324358582496643,-0.0667572095990181,0.5679103136062622,0.5582204461097717,-0.0913328155875206,0.6263267993927002,0.495898962020874,-0.1194595992565155,0.43932420015335083,0.5539426207542419,-0.165836364030838,0.4512532353401184,0.43776410818099976,-0.21947723627090454,0.44815394282341003,0.36306408047676086,-0.24508769810199738,0.4420917332172394,0.3037768602371216,-0.2580410838127136,0.3485008776187897,0.5493558645248413,-0.1520574986934662,0.3569799065589905,0.4270440340042114,-0.21980629861354828,0.36421114206314087,0.34167930483818054,-0.24475795030593872,0.3620985448360443,0.2811279892921448,-0.2615951895713806,0.27209556102752686,0.5605756044387817,-0.12696310877799988,0.2775680124759674,0.4485595226287842,-0.1769205778837204,0.2878531217575073,0.3714951276779175,-0.19331254065036774,0.2945364713668823,0.3134024441242218,-0.20184950530529022,0.21435803174972534,0.5751357078552246,-0.09672272205352783,0.2009679675102234,0.49344566464424133,-0.1250632107257843,0.20405294001102448,0.43866562843322754,-0.13390332460403442,0.21432936191558838,0.3895282745361328,-0.13950404524803162,ayubowan
0.3958345651626587,0.7694923877716064,9.789774821911124e-07,0.5499659776687622,0.7171028852462769,-0.08049394190311432,0.6141730546951294,0.6509180068969727,-0.1429750919342041,0.6592943072319031,0.5821090340614319,-0.17521889507770538,0.7164826989173889,0.5066030025482178,-0.2071087509393692,0.5121340751647949,0.558001697063446,-0.23743204772472382,0.51975417137146,0.44986170530319214,-0.28645673394203186,0.5187327265739441,0.37118834257125854,-0.30098557472229004,0.5074841380119324,0.3093072772026062,-0.3057146966457367,0.4272942543029785,0.5571184158325195,-0.18980875611305237,0.43018174171447754,0.4402664303779602,-0.2507663667201996,0.4333415925502777,0.3578646183013916,-0.27157318592071533,0.4314314126968384,0.29349538683891296,-0.2890930771827698,0.3589748442173004,0.570604145526886,-0.13030686974525452,0.3583407402038574,0.4660853147506714,-0.17710062861442566,0.36595359444618225,0.385886549949646,-0.20359769463539124,0.37045222520828247,0.3255031704902649,-0.2220110297203064,0.30787384510040283,0.5825459361076355,-0.06796059757471085,0.2884235978126526,0.5057249069213867,-0.09622649103403091,0.28826525807380676,0.45039674639701843,-0.11611637473106384,0.29631319642066956,0.3987712264060974,-0.1326061636209488,ayubowan
0.3465835452079773,0.7591325640678406,1.639156835153699e-06,0.5045618414878845,0.7226184010505676,-0.13747233152389526,0.5742158889770508,0.658175528049469,-0.2360071837902069,0.6192578077316284,0.5898926854133606,-0.29294100403785706,0.6659802794456482,0.5124750733375549,-0.3529234826564789,0.4493165910243988,0.5654785633087158,-0.32773831486701965,0.4480174481868744,0.4500391185283661,-0.39294329285621643,0.4392867088317871,0.3661806881427765,-0.4197215735912323,0.42182186245918274,0.29619231820106506,-0.4342558979988098,0.3687351942062378,0.5652855038642883,-0.2564562261104584,0.3594669699668884,0.4360297918319702,-0.3300975263118744,0.3582693338394165,0.33890604972839355,-0.3679049611091614,0.34591901302337646,0.2684876322746277,-0.4000645577907562,0.3074954152107239,0.5744220614433289,-0.17140045762062073,0.3037508726119995,0.46103015542030334,-0.22389653325080872,0.3099365234375,0.3643808364868164,-0.2616294324398041,0.3063357174396515,0.2981506288051605,-0.290006548166275,0.2640286684036255,0.5777996182441711,-0.08647040277719498,0.2670736610889435,0.4864066541194916,-0.11496523022651672,0.27720406651496887,0.421428382396698,-0.13355493545532227,0.28490695357322693,0.3669407367706299,-0.15189620852470398,ayubowan
0.3804659843444824,0.9050806760787964,4.327486635702371e-07,0.5532996654510498,0.8111677765846252,-0.008518717251718044,0.6337574124336243,0.7037386894226074,-0.0231019239872694,0.6767454743385315,0.5933510661125183,-0.03236895799636841,0.7255554795265198,0.5101625919342041,-0.04302409291267395,0.49999356269836426,0.611021876335144,-0.07148466259241104,0.507452666759491,0.4459973871707916,-0.09957557171583176,0.5002117156982422,0.35722389817237854,-0.11146871000528336,0.48918282985687256,0.2870222330093384,-0.11912040412425995,0.3928259611129761,0.6097006797790527,-0.07444441318511963,0.3917749524116516,0.44006437063217163,-0.11974349617958069,0.3894752860069275,0.33899134397506714,-0.14397740364074707,0.38294461369514465,0.2664203345775604,-0.16203220188617706,0.3021441102027893,0.6263367533683777,-0.07119160890579224,0.2884409427642822,0.4746171832084656,-0.09991464018821716,0.2891576290130615,0.3825226426124573,-0.1130368784070015,0.2899830937385559,0.3124789297580719,-0.124103844165802,0.23118844628334045,0.6537894010543823,-0.06569643318653107,0.20008555054664612,0.5408798456192017,-0.08624157309532166,0.19866278767585754,0.4703845977783203,-0.09600933641195297,0.20271986722946167,0.4082425534725189,-0.1026482880115509,ayubowan
0.3851238489151001,0.888076901435852,3.48401215433114e-07,0.5541189312934875,0.7972058057785034,-0.0055927857756614685,0.6364279985427856,0.6899921894073486,-0.019687943160533905,0.6777033805847168,0.581840455532074,-0.031150180846452713,0.7261049747467041,0.5035725235939026,-0.04595305025577545,0.5061298608779907,0.5948217511177063,-0.06530287116765976,0.5140830278396606,0.4384564161300659,-0.09939257800579071,0.5101386904716492,0.3515729308128357,-0.11893758177757263,0.5002038478851318,0.2816299796104431,-0.13254693150520325,0.40410158038139343,0.5969458222389221,-0.07635437697172165,0.40700414776802063,0.4333231449127197,-0.12242470681667328,0.40674880146980286,0.33361855149269104,-0.15075591206550598,0.4015786945819855,0.26004457473754883,-0.1732754111289978,0.31421104073524475,0.616836667060852,-0.08251377940177917,0.3059644103050232,0.4665631651878357,-0.11641901731491089,0.3094336688518524,0.3735036253929138,-0.1348549872636795,0.3119482398033142,0.302444726228714,-0.1500709056854248,0.24104216694831848,0.647479772567749,-0.08629532903432846,0.21395224332809448,0.5360291600227356,-0.11481479555368423,0.21328341960906982,0.46510881185531616,-0.12892277538776398,0.21790719032287598,0.40283751487731934,-0.13873089849948883,ayubowan
0.5443892478942871,0.9396352767944336,4.884823283646256e-07,0.6991162300109863,0.8223267793655396,0.023277144879102707,0.757472813129425,0.6970502734184265,0.023073459044098854,0.7834419012069702,0.5844857096672058,0.017185984179377556,0.8274473547935486,0.5049619078636169,0.005906016565859318,0.6324763894081116,0.609429121017456,-0.02856549620628357,0.6188955903053284,0.4470093846321106,-0.060944389551877975,0.6037676334381104,0.35243338346481323,-0.08079853653907776,0.5881068110466003,0.2747557759284973,-0.09543696790933609,0.5229632258415222,0.6159757971763611,-0.05900520831346512,0.5109750628471375,0.4460817277431488,-0.099803127348423,0.49666252732276917,0.3358922302722931,-0.12489631026983261,0.4832089841365814,0.25008174777030945,-0.14395125210285187,0.42043912410736084,0.6429677605628967,-0.08463316410779953,0.40007245540618896,0.4786755442619324,-0.11800792813301086,0.3953155279159546,0.37570419907569885,-0.13423767685890198,0.3939959704875946,0.2939058244228363,-0.14681589603424072,0.3306676149368286,0.6857885718345642,-0.10604298114776611,0.2935331463813782,0.560076892375946,-0.13928259909152985,0.27982276678085327,0.4798600673675537,-0.15095998346805573,0.27103191614151,0.4086448550224304,-0.15649452805519104,ayubowan
0.4115789234638214,0.8577420711517334,1.6090965004877944e-07,0.578999400138855,0.7705285549163818,0.01046808436512947,0.6569139957427979,0.6598530411720276,0.005255545023828745,0.6926963329315186,0.5504363179206848,-0.000818108965177089,0.732639491558075,0.4705509841442108,-0.013652645982801914,0.5380812287330627,0.5702836513519287,-0.049960244446992874,0.5299066305160522,0.4204897880554199,-0.07973270118236542,0.5208142399787903,0.3345237970352173,-0.09980518370866776,0.5100346207618713,0.26299864053726196,-0.11561818420886993,0.43910130858421326,0.574253499507904,-0.07173329591751099,0.4274342656135559,0.4151158928871155,-0.10804932564496994,0.41971856355667114,0.3154546916484833,-0.13374245166778564,0.4134675860404968,0.24075618386268616,-0.15753932297229767,0.34968888759613037,0.597040593624115,-0.08815106004476547,0.33143672347068787,0.44850030541419983,-0.11645036935806274,0.3268662393093109,0.35637953877449036,-0.13417021930217743,0.3270255923271179,0.2849942743778229,-0.15089456737041473,0.27337610721588135,0.6317260265350342,-0.10111645609140396,0.24298030138015747,0.5168918967247009,-0.12704293429851532,0.2335212528705597,0.4472457468509674,-0.13845421373844147,0.23039746284484863,0.3877663016319275,-0.1474592089653015,ayubowan
0.6171859502792358,0.8967046737670898,-1.3498903683739627e-07,0.7551011443138123,0.7596091032028198,0.07366600632667542,0.789047122001648,0.6258382797241211,0.10109619796276093,0.8027646541595459,0.5182956457138062,0.11512783169746399,0.8471871614456177,0.4471522867679596,0.12087301164865494,0.7056742310523987,0.5620397925376892,0.01101894211024046,0.6880968809127808,0.39099764823913574,-0.0154254836961627,0.6681009531021118,0.2916809916496277,-0.027218813076615334,0.6520039439201355,0.21549731492996216,-0.03459630906581879,0.6076505780220032,0.5678754448890686,-0.039723217487335205,0.583798885345459,0.37771642208099365,-0.07941824197769165,0.5612039566040039,0.26216113567352295,-0.09737585484981537,0.5485057234764099,0.1751619577407837,-0.10864676535129547,0.5045868754386902,0.5911598205566406,-0.08261829614639282,0.4774462878704071,0.4124329090118408,-0.1167377308011055,0.46616658568382263,0.3069639801979065,-0.13163140416145325,0.4649549722671509,0.22092437744140625,-0.1411503404378891,0.4015771448612213,0.6340241432189941,-0.1160116195678711,0.3680530786514282,0.496664822101593,-0.15291732549667358,0.3527592718601227,0.4150436520576477,-0.16580545902252197,0.3424986004829407,0.3415312170982361,-0.17134137451648712,ayubowan
0.5994667410850525,0.8966677784919739,2.1195337751578336e-07,0.7443414926528931,0.7704177498817444,0.05868766829371452,0.7843489050865173,0.6490563154220581,0.07186640799045563,0.8070122599601746,0.5418307185173035,0.07541380077600479,0.8529146313667297,0.4709017872810364,0.07180730253458023,0.6913751363754272,0.57585608959198,-0.021376656368374825,0.676544189453125,0.40693575143814087,-0.051989637315273285,0.6567497253417969,0.30944401025772095,-0.06292694807052612,0.640801191329956,0.2338573932647705,-0.06945842504501343,0.5851466059684753,0.579552948474884,-0.06544973701238632,0.5664921998977661,0.3965612053871155,-0.11589186638593674,0.5460273623466492,0.28311896324157715,-0.1355513334274292,0.5338095426559448,0.19923850893974304,-0.1463049352169037,0.479022741317749,0.6043615937232971,-0.09982296079397202,0.4544684588909149,0.43054330348968506,-0.13880960643291473,0.44576889276504517,0.3257130980491638,-0.1490522176027298,0.44591644406318665,0.2433493733406067,-0.15407969057559967,0.3785633444786072,0.6490173935890198,-0.12566649913787842,0.34520021080970764,0.5167553424835205,-0.16174431145191193,0.3334362506866455,0.43694767355918884,-0.16990700364112854,0.3262343108654022,0.3654445707798004,-0.17082297801971436,ayubowan
0.6396781206130981,0.8563532829284668,-4.35361329209627e-08,0.7733721733093262,0.721030056476593,0.08760940283536911,0.803309977054596,0.5974627733230591,0.1191411241889,0.818017840385437,0.49325132369995117,0.13552647829055786,0.8624606728553772,0.42421668767929077,0.14259186387062073,0.7183243036270142,0.5346571803092957,0.025527173653244972,0.7038377523422241,0.3670509457588196,0.006697156932204962,0.6854878067970276,0.27004629373550415,-0.0016511635622009635,0.6734210848808289,0.19465738534927368,-0.007539239712059498,0.6234727501869202,0.5394637584686279,-0.02821427956223488,0.6017781496047974,0.3523836135864258,-0.06226436048746109,0.5816973447799683,0.24014237523078918,-0.08240479975938797,0.5748844146728516,0.15556663274765015,-0.0964813157916069,0.5218614339828491,0.5625102519989014,-0.07182420045137405,0.49358439445495605,0.38488197326660156,-0.09889747202396393,0.484131395816803,0.2793613374233246,-0.11558149755001068,0.48738065361976624,0.1961314082145691,-0.1282150000333786,0.42138898372650146,0.6051105260848999,-0.10415273904800415,0.3862515389919281,0.47071361541748047,-0.13219542801380157,0.3746819794178009,0.39203858375549316,-0.14305008947849274,0.36984169483184814,0.3208844065666199,-0.14886413514614105,ayubowan
0.3741368353366852,0.7134706377983093,3.55447411948262e-07,0.3768256604671478,0.6319493651390076,0.037936944514513016,0.39301538467407227,0.5291690230369568,0.04689740389585495,0.4217565357685089,0.4525902271270752,0.046475935727357864,0.43394601345062256,0.39277029037475586,0.04422936215996742,0.36067551374435425,0.488555908203125,-0.013581267558038235,0.4118556082248688,0.37466704845428467,-0.04470037296414375,0.4364892542362213,0.301594078540802,-0.05861196294426918,0.45766228437423706,0.24179542064666748,-0.06856637448072433,0.3570931851863861,0.49538880586624146,-0.05414533615112305,0.40128666162490845,0.37044447660446167,-0.09513284265995026,0.42019498348236084,0.28594332933425903,-0.11274883151054382,0.4356459081172943,0.21343371272087097,-0.1229187399148941,0.3668690025806427,0.5137510895729065,-0.09128660708665848,0.40990814566612244,0.3890472948551178,-0.12723031640052795,0.4285358488559723,0.31124043464660645,-0.14338812232017517,0.4434677064418793,0.24371618032455444,-0.15383204817771912,0.39161303639411926,0.5406196713447571,-0.12469472736120224,0.4204745292663574,0.46113353967666626,-0.1629100888967514,0.432432621717453,0.40456289052963257,-0.18339461088180542,0.443371444940567,0.3554896116256714,-0.19664733111858368,ayubowan
0.3806891441345215,0.762600302696228,-9.470761597185628e-08,0.41583359241485596,0.6522467732429504,0.0632084384560585,0.44690221548080444,0.5324637293815613,0.07893679291009903,0.4882325530052185,0.44937512278556824,0.07762016355991364,0.5163319110870361,0.38375163078308105,0.07173223048448563,0.37122929096221924,0.4883158206939697,0.005645102355629206,0.4240531027317047,0.36054909229278564,-0.03391123190522194,0.4566997289657593,0.28349703550338745,-0.0564902164041996,0.47920188307762146,0.21963444352149963,-0.07349184155464172,0.3731424808502197,0.5009586811065674,-0.05516970530152321,0.43503016233444214,0.358360230922699,-0.1098049208521843,0.46367454528808594,0.26637503504753113,-0.13942945003509521,0.47791433334350586,0.18872106075286865,-0.15753787755966187,0.3931000530719757,0.5293552279472351,-0.11207485944032669,0.4567083418369293,0.38807207345962524,-0.16135579347610474,0.48816075921058655,0.29657429456710815,-0.1924877166748047,0.5097178220748901,0.21832138299942017,-0.21309390664100647,0.43279704451560974,0.5680311322212219,-0.16253581643104553,0.4683167338371277,0.47336679697036743,-0.21121133863925934,0.4855108857154846,0.4028671979904175,-0.24167758226394653,0.5009759664535522,0.33975666761398315,-0.2634877562522888,ayubowan
0.44510483741760254,0.8116763830184937,4.468049752404113e-08,0.475824236869812,0.7291783690452576,0.04014279693365097,0.4768748879432678,0.627539873123169,0.05102923512458801,0.47957661747932434,0.5536651015281677,0.0509602427482605,0.4736475944519043,0.4951752722263336,0.04695955291390419,0.42342719435691833,0.5846501588821411,-0.01015481911599636,0.44516244530677795,0.4709172248840332,-0.04301721230149269,0.4574478268623352,0.39902669191360474,-0.06234745308756828,0.4672674834728241,0.33914071321487427,-0.07826592773199081,0.40830034017562866,0.5942240357398987,-0.054137978702783585,0.41766658425331116,0.46567288041114807,-0.0953306183218956,0.4252019226551056,0.3841624855995178,-0.12027914822101593,0.42869696021080017,0.31256744265556335,-0.13893157243728638,0.40542158484458923,0.6169928312301636,-0.09487252682447433,0.41865837574005127,0.49027690291404724,-0.13432073593139648,0.4295063316822052,0.4143911302089691,-0.16012324392795563,0.4378841519355774,0.348662406206131,-0.1791643649339676,0.4190230667591095,0.6489913463592529,-0.13103745877742767,0.42453739047050476,0.5684526562690735,-0.1775680035352707,0.4296514391899109,0.5089715123176575,-0.20707322657108307,0.43351343274116516,0.45577943325042725,-0.22807005047798157,ayubowan
0.3448101580142975,0.8013530373573303,6.791725013499672e-07,0.3494681715965271,0.7131962180137634,0.038735661655664444,0.3674240708351135,0.5861945748329163,0.04432816803455353,0.41800573468208313,0.49447011947631836,0.03783464431762695,0.44653546810150146,0.42479175329208374,0.02723442204296589,0.32505878806114197,0.5520204901695251,-0.03020089492201805,0.3883873224258423,0.41190242767333984,-0.08257484436035156,0.42768433690071106,0.3181302845478058,-0.11526550352573395,0.461524099111557,0.23844179511070251,-0.13945525884628296,0.32700878381729126,0.5579603314399719,-0.08266858756542206,0.3771044611930847,0.4028661847114563,-0.1480610966682434,0.4062154293060303,0.2952865958213806,-0.1949404776096344,0.4283045828342438,0.21059823036193848,-0.22518101334571838,0.34892570972442627,0.5854321718215942,-0.12916822731494904,0.3970482349395752,0.42943355441093445,-0.19037458300590515,0.42621225118637085,0.3301326334476471,-0.23222364485263824,0.4539027810096741,0.246107816696167,-0.2581901550292969,0.39317095279693604,0.6272239089012146,-0.16951262950897217,0.4203982353210449,0.5275473594665527,-0.23141011595726013,0.4334834814071655,0.45182180404663086,-0.2665972113609314,0.4510342478752136,0.3792348802089691,-0.2885020971298218,ayubowan
0.3569102883338928,0.8007478713989258,-1.3262641118672036e-07,0.36517274379730225,0.6965777277946472,0.06076991930603981,0.38790175318717957,0.5656201839447021,0.07716812193393707,0.42810341715812683,0.47396549582481384,0.0773225873708725,0.4586302638053894,0.40525680780410767,0.07236276566982269,0.34400859475135803,0.5271996855735779,-0.005474867299199104,0.3925477862358093,0.3872585892677307,-0.047152888029813766,0.4217725396156311,0.3010747730731964,-0.06923627853393555,0.44104400277137756,0.23119020462036133,-0.0860794335603714,0.3506501317024231,0.5400732755661011,-0.06645269691944122,0.41052010655403137,0.3829582929611206,-0.12592655420303345,0.439985990524292,0.2843737006187439,-0.15729458630084991,0.4550997018814087,0.20411470532417297,-0.17449234426021576,0.3808768093585968,0.5702673196792603,-0.12293975800275803,0.45466217398643494,0.4108227789402008,-0.178062304854393,0.49543941020965576,0.31658750772476196,-0.21214814484119415,0.5269966125488281,0.23586001992225647,-0.23257772624492645,0.4331773817539215,0.6136156320571899,-0.1724068820476532,0.47220560908317566,0.5102200508117676,-0.2307688444852829,0.4947699308395386,0.43441712856292725,-0.2665342390537262,0.5210537314414978,0.36575788259506226,-0.2893998622894287,ayubowan
0.39100533723831177,0.7536699771881104,7.10315184448973e-09,0.4292429983615875,0.6626273989677429,0.05375386402010918,0.45669257640838623,0.5470927953720093,0.0710044801235199,0.4936855435371399,0.46665477752685547,0.0744490846991539,0.508232057094574,0.4042632579803467,0.07407238334417343,0.35941973328590393,0.504615068435669,0.00019108956621494144,0.39968037605285645,0.38176286220550537,-0.03316732868552208,0.42576679587364197,0.30366626381874084,-0.05298435688018799,0.44503054022789,0.24111557006835938,-0.06952536106109619,0.3536381423473358,0.5139738917350769,-0.05152256041765213,0.39931270480155945,0.3792148232460022,-0.09623284637928009,0.4254828691482544,0.2906622886657715,-0.12483435869216919,0.44010937213897705,0.21662500500679016,-0.14543037116527557,0.371512234210968,0.538382351398468,-0.09945401549339294,0.4245843291282654,0.4014241099357605,-0.14290329813957214,0.45632755756378174,0.3167915344238281,-0.17762988805770874,0.481376975774765,0.24553421139717102,-0.2023594230413437,0.412836492061615,0.5731192231178284,-0.1412515640258789,0.44371747970581055,0.4832130968570709,-0.18882286548614502,0.46021905541419983,0.41680699586868286,-0.2243221253156662,0.47667521238327026,0.3570394515991211,-0.25080162286758423,ayubowan
0.33462825417518616,0.7823636531829834,1.7380766337282694e-07,0.3351011276245117,0.6775845885276794,0.03869717940688133,0.37457209825515747,0.5339581966400146,0.04449882358312607,0.43781524896621704,0.43278852105140686,0.03719979152083397,0.4870119094848633,0.3571552634239197,0.02611090987920761,0.30756664276123047,0.49493151903152466,-0.02563285455107689,0.35754528641700745,0.3437742590904236,-0.07274449616670609,0.3885098695755005,0.2492789924144745,-0.09765468537807465,0.4102966785430908,0.17161661386489868,-0.11579803377389908,0.31309691071510315,0.5048871040344238,-0.07960512489080429,0.3805612325668335,0.3392378091812134,-0.13915738463401794,0.41852810978889465,0.23365545272827148,-0.17355211079120636,0.4408920109272003,0.1487787663936615,-0.1936323493719101,0.34921619296073914,0.5368094444274902,-0.1303349733352661,0.42483246326446533,0.36875349283218384,-0.18522992730140686,0.4730204939842224,0.2684899568557739,-0.22218835353851318,0.5100088715553284,0.18487846851348877,-0.24496883153915405,0.41208165884017944,0.5815178155899048,-0.1762438714504242,0.4589812159538269,0.4692811369895935,-0.22839726507663727,0.48713985085487366,0.3904227614402771,-0.26130548119544983,0.5177364945411682,0.3201850652694702,-0.2834147810935974,ayubowan
0.3835015594959259,0.8781688809394836,-4.3492184431670466e-07,0.4250015318393707,0.7421819567680359,0.05264086648821831,0.48655104637145996,0.5735584497451782,0.0594334676861763,0.5705607533454895,0.4566826820373535,0.050734568387269974,0.6248705387115479,0.36811506748199463,0.03666803240776062,0.367347776889801,0.5167074203491211,-0.043593037873506546,0.4262034595012665,0.34622883796691895,-0.10786138474941254,0.46457943320274353,0.2451980710029602,-0.14419503509998322,0.49376171827316284,0.16223028302192688,-0.1726483255624771,0.37223511934280396,0.541581392288208,-0.11329762637615204,0.454118013381958,0.35248154401779175,-0.19370996952056885,0.495209664106369,0.23498550057411194,-0.23907269537448883,0.5210891366004944,0.13544616103172302,-0.27073365449905396,0.41119498014450073,0.5886609554290771,-0.17890790104866028,0.5086989998817444,0.40001487731933594,-0.2587779462337494,0.5569151639938354,0.28327542543411255,-0.31301283836364746,0.5948392748832703,0.18091312050819397,-0.3505427837371826,0.4799160957336426,0.6501418352127075,-0.23713268339633942,0.5308797359466553,0.526110827922821,-0.32026663422584534,0.5597400069236755,0.4341081380844116,-0.37648653984069824,0.5933946967124939,0.3508679270744324,-0.4179201126098633,ayubowan
0.4823119640350342,0.8380160331726074,-8.401462423535122e-07,0.42922157049179077,0.7086788415908813,0.07632260024547577,0.4415758550167084,0.5784658193588257,0.09715399891138077,0.48459896445274353,0.4854282736778259,0.10411171615123749,0.5247163772583008,0.41510987281799316,0.10254774242639542,0.4447419047355652,0.5213798880577087,-0.045528754591941833,0.4972487688064575,0.36974555253982544,-0.10447977483272552,0.5310065746307373,0.2848947048187256,-0.13014647364616394,0.5500971674919128,0.21573838591575623,-0.14378765225410461,0.484729528427124,0.546531617641449,-0.10938408225774765,0.5597457885742188,0.3772929012775421,-0.18365663290023804,0.5955681800842285,0.2762080729007721,-0.21235838532447815,0.6183315515518188,0.18961304426193237,-0.2275441735982895,0.5392683148384094,0.587832510471344,-0.16492728888988495,0.6179895997047424,0.4231497645378113,-0.2421833723783493,0.6550524234771729,0.31911832094192505,-0.2839495539665222,0.6808575391769409,0.23119595646858215,-0.30534714460372925,0.6075958609580994,0.6405466794967651,-0.20808254182338715,0.6637393236160278,0.5191620588302612,-0.28242936730384827,0.6965695023536682,0.4373159408569336,-0.32414305210113525,0.7278231382369995,0.3659326136112213,-0.3498108685016632,ayubowan
0.434841513633728,0.8569854497909546,-5.579848334491544e-07,0.38149651885032654,0.742750346660614,0.04576348140835762,0.39293384552001953,0.6234997510910034,0.05919232964515686,0.4312363266944885,0.537177562713623,0.06401115655899048,0.46712827682495117,0.47211262583732605,0.06468001753091812,0.4009413719177246,0.5705360770225525,-0.03716520592570305,0.4522095322608948,0.42520901560783386,-0.08816854655742645,0.4859451651573181,0.3455960154533386,-0.11094736307859421,0.5066318511962891,0.2817462384700775,-0.12181369215250015,0.44032585620880127,0.5896406769752502,-0.0805390328168869,0.508827269077301,0.429177850484848,-0.14112120866775513,0.5435866117477417,0.337801456451416,-0.16315053403377533,0.5669567584991455,0.26103684306144714,-0.17239052057266235,0.49123331904411316,0.6235452890396118,-0.11951982975006104,0.5623825788497925,0.465710312128067,-0.18146663904190063,0.5963144898414612,0.37150055170059204,-0.21268214285373688,0.6209657192230225,0.2932394742965698,-0.22630448639392853,0.5543251037597656,0.6687925457954407,-0.15048134326934814,0.5965174436569214,0.5552071928977966,-0.2078777253627777,0.6244783997535706,0.48101526498794556,-0.23760011792182922,0.6528111696243286,0.4162871837615967,-0.2537585198879242,ayubowan
0.42650631070137024,0.8007321357727051,-4.2004909772686005e-08,0.4512621760368347,0.7144743204116821,0.03381998464465141,0.4421478807926178,0.6112361550331116,0.039758358150720596,0.43205082416534424,0.5338549613952637,0.03693181276321411,0.41928523778915405,0.4729931354522705,0.029108192771673203,0.4262147843837738,0.5747213959693909,-0.01687551476061344,0.40938466787338257,0.46064943075180054,-0.05408897250890732,0.4021447002887726,0.3841550350189209,-0.07761305570602417,0.39638805389404297,0.3206212520599365,-0.09614227712154388,0.4133763909339905,0.5865041017532349,-0.05964222922921181,0.38283002376556396,0.45601511001586914,-0.09888411313295364,0.37156224250793457,0.37381136417388916,-0.12058927118778229,0.3645705282688141,0.30261802673339844,-0.13777244091033936,0.39515045285224915,0.613311767578125,-0.10008665174245834,0.3722558319568634,0.4870370626449585,-0.14101149141788483,0.3626384139060974,0.40976065397262573,-0.1636510044336319,0.36066579818725586,0.34119558334350586,-0.18031594157218933,0.3755273222923279,0.6513227224349976,-0.13602346181869507,0.35844653844833374,0.572831392288208,-0.18648682534694672,0.3544795513153076,0.513439416885376,-0.2139098197221756,0.35404813289642334,0.45850205421447754,-0.23230913281440735,ayubowan
0.3369400203227997,0.7704116106033325,6.20812443230534e-07,0.3434174060821533,0.6929320693016052,0.035980019718408585,0.34827545285224915,0.6136475801467896,0.043138038367033005,0.3622278869152069,0.5543017387390137,0.037765953689813614,0.3699570298194885,0.5036159753799438,0.02907668426632881,0.3255997598171234,0.5923374891281128,0.01352642197161913,0.3570157587528229,0.5076558589935303,-0.015429649502038956,0.376566618680954,0.4445957541465759,-0.0371134951710701,0.39385369420051575,0.38855522871017456,-0.053195659071207047,0.32369381189346313,0.5946871042251587,-0.02777838334441185,0.3512577414512634,0.499652624130249,-0.05986616760492325,0.372205913066864,0.4282425045967102,-0.08678826689720154,0.39197927713394165,0.36765754222869873,-0.10446229577064514,0.32886919379234314,0.6065465211868286,-0.06717852503061295,0.35138577222824097,0.5091656446456909,-0.10125937312841415,0.37090441584587097,0.441603422164917,-0.12608081102371216,0.3880268335342407,0.3817290663719177,-0.14131005108356476,0.34649449586868286,0.6279166340827942,-0.10275770723819733,0.36741071939468384,0.5621742010116577,-0.13495439291000366,0.3794107735157013,0.5153775811195374,-0.1513298600912094,0.3909189701080322,0.4706050455570221,-0.161375492811203,ayubowan
0.4146091341972351,0.825227677822113,-2.4659749442434986e-07,0.39320623874664307,0.7231160402297974,0.043775834143161774,0.4233822822570801,0.604101836681366,0.05190612003207207,0.48474210500717163,0.5225031971931458,0.050451185554265976,0.5368434190750122,0.4652400612831116,0.04312688857316971,0.3966975212097168,0.56810063123703,-0.0466899573802948,0.4368566870689392,0.4359622001647949,-0.09988264739513397,0.4693550765514374,0.3550780415534973,-0.1259816288948059,0.4935351610183716,0.2912096381187439,-0.14254900813102722,0.4191611111164093,0.5878116488456726,-0.09623482823371887,0.47711077332496643,0.4476345181465149,-0.15944154560565948,0.5200756192207336,0.3539387583732605,-0.1911577731370926,0.5508717894554138,0.2771049737930298,-0.20993924140930176,0.4607883095741272,0.6232235431671143,-0.14089898765087128,0.524685263633728,0.4824758768081665,-0.2041180282831192,0.5644434690475464,0.3911651372909546,-0.24537469446659088,0.5972936749458313,0.31215858459472656,-0.2695578336715698,0.5197022557258606,0.6677770614624023,-0.17784935235977173,0.5530494451522827,0.5683279037475586,-0.24402467906475067,0.5748538374900818,0.496255099773407,-0.2850639820098877,0.6020126342773438,0.43192484974861145,-0.31077343225479126,ayubowan
0.5623304843902588,0.7729647159576416,1.498029078561558e-08,0.5569873452186584,0.669549822807312,0.06126152351498604,0.5293125510215759,0.5526106357574463,0.07870125025510788,0.511358916759491,0.4645111560821533,0.08323103189468384,0.4860130548477173,0.3986959755420685,0.08187860995531082,0.495552122592926,0.49853694438934326,-0.007302633486688137,0.4681095480918884,0.3667510747909546,-0.042193345725536346,0.449886679649353,0.28074589371681213,-0.059730011969804764,0.44100284576416016,0.20936784148216248,-0.07534829527139664,0.48443666100502014,0.5130624175071716,-0.06517002731561661,0.4373750686645508,0.36004871129989624,-0.10816225409507751,0.41981130838394165,0.26313623785972595,-0.12972316145896912,0.4107871949672699,0.17946857213974,-0.14855949580669403,0.47091788053512573,0.5429023504257202,-0.11825893074274063,0.42965182662010193,0.38447460532188416,-0.16214989125728607,0.4151443541049957,0.2917114198207855,-0.1881338208913803,0.4086062014102936,0.2118997871875763,-0.21052120625972748,0.4597068428993225,0.5810025930404663,-0.16425208747386932,0.4323381781578064,0.48630762100219727,-0.22510075569152832,0.4228823184967041,0.41475242376327515,-0.2652283012866974,0.4176226258277893,0.34995999932289124,-0.2951456606388092,ayubowan
0.379253089427948,0.8012928366661072,7.030063784441154e-07,0.34732571244239807,0.7134974598884583,0.023347625508904457,0.3551804721355438,0.5927149653434753,0.02062116749584675,0.3953765034675598,0.5038214325904846,0.008560613729059696,0.43041932582855225,0.43990856409072876,-0.00790359266102314,0.3341485857963562,0.5648337006568909,-0.04999755695462227,0.38416096568107605,0.4287605583667755,-0.10751442611217499,0.4182775318622589,0.33754074573516846,-0.14276427030563354,0.44664183259010315,0.25961872935295105,-0.16674812138080597,0.34340617060661316,0.5753190517425537,-0.09437631070613861,0.39204227924346924,0.4250483512878418,-0.159776970744133,0.42037642002105713,0.319000780582428,-0.2034001350402832,0.44099095463752747,0.23343226313591003,-0.22938576340675354,0.3762691915035248,0.603974461555481,-0.13392506539821625,0.41765016317367554,0.45304805040359497,-0.19556868076324463,0.4438287019729614,0.3528437316417694,-0.23727887868881226,0.4659990072250366,0.26878923177719116,-0.26139259338378906,0.43086132407188416,0.6439692378044128,-0.1686595380306244,0.4515192210674286,0.5471840500831604,-0.2275906205177307,0.4601157307624817,0.4751461446285248,-0.25945013761520386,0.47396615147590637,0.4090766906738281,-0.2774844765663147,ayubowan
0.5446675419807434,0.7734479904174805,-3.079865962263284e-07,0.5600094199180603,0.6751270890235901,0.06262634694576263,0.5293194055557251,0.5699300765991211,0.08708429336547852,0.49971598386764526,0.4892718195915222,0.09797310829162598,0.4731593430042267,0.4300447404384613,0.10305920988321304,0.5092043280601501,0.5281467437744141,0.01845145784318447,0.4742434620857239,0.4102737307548523,-0.0062555354088544846,0.4533956050872803,0.3303565979003906,-0.021692955866456032,0.4400143623352051,0.2651114761829376,-0.03672586381435394,0.5035957098007202,0.5380629301071167,-0.03449375554919243,0.44358623027801514,0.40505850315093994,-0.06385151296854019,0.41486600041389465,0.31704413890838623,-0.07961893081665039,0.39467477798461914,0.2416217029094696,-0.09520202875137329,0.4908289909362793,0.5641820430755615,-0.0842532068490982,0.44401055574417114,0.43143758177757263,-0.11957583576440811,0.424264132976532,0.3499571681022644,-0.14292114973068237,0.413438618183136,0.27857455611228943,-0.16316841542720795,0.4752938151359558,0.6022277474403381,-0.12710422277450562,0.44814202189445496,0.520958662033081,-0.18436871469020844,0.43412691354751587,0.4584360122680664,-0.22185631096363068,0.42228367924690247,0.4004877805709839,-0.2488774210214615,ayubowan
0.4339976906776428,0.9201218485832214,-3.605997562772245e-07,0.3977547287940979,0.7927026748657227,0.06138893589377403,0.4147690534591675,0.647308349609375,0.07538092881441116,0.469661682844162,0.5467814803123474,0.07437542080879211,0.515866756439209,0.4696063697338104,0.06509005278348923,0.38252484798431396,0.5923979878425598,-0.04225682094693184,0.41822296380996704,0.42914989590644836,-0.10953333973884583,0.4489026367664337,0.3284580707550049,-0.14716845750808716,0.47076183557510376,0.24731844663619995,-0.1724792867898941,0.41224151849746704,0.6162112355232239,-0.10951239615678787,0.4656592309474945,0.44058775901794434,-0.19082912802696228,0.5008754134178162,0.32331734895706177,-0.23721060156822205,0.5214340090751648,0.22366508841514587,-0.265953004360199,0.4638785719871521,0.6591257452964783,-0.17131121456623077,0.5257478356361389,0.48048070073127747,-0.25654932856559753,0.559861958026886,0.3651266098022461,-0.31597402691841125,0.5866333842277527,0.2642616033554077,-0.3511941134929657,0.5373551845550537,0.7126355767250061,-0.22263655066490173,0.5669537782669067,0.5907468199729919,-0.3114582300186157,0.5854240655899048,0.5023094415664673,-0.3675694465637207,0.6103282570838928,0.4225825071334839,-0.4033796191215515,ayubowan
0.49184760451316833,0.9373530745506287,-1.7087589867514907e-06,0.4784167408943176,0.7669538855552673,0.17822986841201782,0.49253273010253906,0.6328556537628174,0.2213152050971985,0.5257813334465027,0.5354928970336914,0.23668429255485535,0.5614376664161682,0.45096924901008606,0.23484884202480316,0.47385919094085693,0.5671316981315613,-0.07946128398180008,0.495472252368927,0.4110555648803711,-0.15764640271663666,0.5131750702857971,0.31300246715545654,-0.17441566288471222,0.5217317938804626,0.23900064826011658,-0.1814718246459961,0.5190239548683167,0.6049329042434692,-0.20031917095184326,0.5656206011772156,0.4250561594963074,-0.3251672685146332,0.5933616757392883,0.30442142486572266,-0.36197543144226074,0.6112251281738281,0.20638170838356018,-0.3840238153934479,0.5745259523391724,0.6570226550102234,-0.29824790358543396,0.6278881430625916,0.4834130108356476,-0.4384929835796356,0.6518773436546326,0.35970836877822876,-0.5068414807319641,0.6696373224258423,0.2618706226348877,-0.5420771837234497,0.6475207209587097,0.7209218144416809,-0.3660632371902466,0.6871711611747742,0.5881332755088806,-0.4951415956020355,0.7166892290115356,0.4924185872077942,-0.568561315536499,0.7429884076118469,0.41236788034439087,-0.6188445091247559,ayubowan
0.4752366542816162,0.9274764060974121,-1.6651399619149743e-06,0.4738154411315918,0.7447375655174255,0.18858031928539276,0.5005655884742737,0.6019439101219177,0.2265828549861908,0.5419484376907349,0.49774470925331116,0.23602603375911713,0.5804728865623474,0.4090690016746521,0.22706197202205658,0.43869131803512573,0.5362237691879272,-0.10071896761655807,0.44763579964637756,0.3790547251701355,-0.19654062390327454,0.46361517906188965,0.2761114239692688,-0.2266993522644043,0.4736384153366089,0.20065516233444214,-0.24153754115104675,0.4816627502441406,0.5802673697471619,-0.23268398642539978,0.5122576951980591,0.4020416736602783,-0.3728553354740143,0.5396214127540588,0.27462440729141235,-0.41679635643959045,0.5570381283760071,0.16829034686088562,-0.44301077723503113,0.546474277973175,0.638663649559021,-0.3401075303554535,0.5865253210067749,0.46903589367866516,-0.502998948097229,0.6143041253089905,0.33846354484558105,-0.5846523642539978,0.6361156105995178,0.2318098247051239,-0.6260145306587219,0.6359421014785767,0.7054863572120667,-0.41430383920669556,0.668302595615387,0.5740091800689697,-0.5631837844848633,0.6955744028091431,0.46941012144088745,-0.6469458341598511,0.7186031341552734,0.3835716247558594,-0.7031645178794861,ayubowan
0.43703240156173706,0.9660739302635193,-1.2583344641825533e-06,0.41384726762771606,0.8043045997619629,0.1245725005865097,0.4430930018424988,0.659428060054779,0.14869879186153412,0.5007784366607666,0.5543795824050903,0.15067589282989502,0.5567313432693481,0.47193169593811035,0.13719940185546875,0.4063841700553894,0.6047424674034119,-0.08949436247348785,0.4288597106933594,0.433986634016037,-0.17802315950393677,0.4532933235168457,0.3276468813419342,-0.21307620406150818,0.46931713819503784,0.24771293997764587,-0.23419110476970673,0.44420555233955383,0.6421375870704651,-0.1937675178050995,0.4953992962837219,0.4477066993713379,-0.3101419508457184,0.530616044998169,0.3247550427913666,-0.35366329550743103,0.553417444229126,0.2233206331729889,-0.3803632855415344,0.5014859437942505,0.6972318887710571,-0.2831185460090637,0.5667136311531067,0.5064619183540344,-0.4080699682235718,0.5961976647377014,0.38105452060699463,-0.47519615292549133,0.618573784828186,0.27704358100891113,-0.5125756859779358,0.5798147320747375,0.7665189504623413,-0.35111576318740845,0.6226330995559692,0.6260330677032471,-0.4764235317707062,0.6479702591896057,0.5241145491600037,-0.550413966178894,0.6737096905708313,0.4390524625778198,-0.5993422865867615,ayubowan
0.5519158840179443,0.871734619140625,1.958452884309736e-07,0.6022084951400757,0.7797332406044006,0.07782287895679474,0.5785019397735596,0.6739894151687622,0.10963989794254303,0.5439877510070801,0.5998950004577637,0.12296435236930847,0.5092886686325073,0.5447276830673218,0.12631499767303467,0.5695883631706238,0.6499625444412231,0.0360141284763813,0.5166626572608948,0.5304477214813232,0.014915527775883675,0.48632627725601196,0.4443334639072418,0.0007553260657005012,0.4650783836841583,0.3714272677898407,-0.011275236494839191,0.5399693250656128,0.6610463857650757,-0.025911696255207062,0.47204551100730896,0.5174318552017212,-0.05139528214931488,0.44055983424186707,0.41610535979270935,-0.07077430933713913,0.4247127175331116,0.33719173073768616,-0.08452918380498886,0.48832905292510986,0.680748701095581,-0.08189307898283005,0.4278116226196289,0.5341084599494934,-0.11958712339401245,0.3964558243751526,0.4353470206260681,-0.14201869070529938,0.38287076354026794,0.3524182438850403,-0.15496346354484558,0.4187094271183014,0.7117393016815186,-0.1284133940935135,0.37749814987182617,0.5985883474349976,-0.17983664572238922,0.36049574613571167,0.5180413722991943,-0.20328092575073242,0.3572002053260803,0.44437000155448914,-0.214967280626297,ayubowan
0.6069995760917664,0.7875372171401978,4.302721663407283e-07,0.6600728034973145,0.6842330694198608,0.06435778737068176,0.6398706436157227,0.5892699956893921,0.08736548572778702,0.612535297870636,0.5173614025115967,0.09356614202260971,0.5884473919868469,0.459328293800354,0.09077763557434082,0.6049543023109436,0.5665427446365356,0.030332840979099274,0.5578120350837708,0.4559479355812073,0.0007972189923748374,0.5310426950454712,0.3728792667388916,-0.0204569473862648,0.5145154595375061,0.30212467908859253,-0.0360504612326622,0.5762026906013489,0.5767371654510498,-0.02609669789671898,0.5178183913230896,0.4470961093902588,-0.05692967399954796,0.4924091696739197,0.34976914525032043,-0.08297854661941528,0.4843311011791229,0.2711591422557831,-0.10103357583284378,0.5320987701416016,0.601173996925354,-0.07780717313289642,0.47455209493637085,0.46924805641174316,-0.1188206896185875,0.4460616707801819,0.37719425559043884,-0.14558811485767365,0.43677982687950134,0.29859083890914917,-0.16168609261512756,0.4753482937812805,0.6400256156921387,-0.12138783931732178,0.43118005990982056,0.5482704043388367,-0.17280790209770203,0.41435131430625916,0.47875362634658813,-0.19652356207370758,0.41186627745628357,0.41193750500679016,-0.20872901380062103,ayubowan
0.5084892511367798,0.9495253562927246,-6.389581130861188e-07,0.6017165780067444,0.8202527761459351,0.08227517455816269,0.6235765218734741,0.6887488961219788,0.10595539212226868,0.6226606965065002,0.5751543045043945,0.12159943580627441,0.6193652749061584,0.4879589080810547,0.12941081821918488,0.5703138709068298,0.6397804617881775,-0.04889095574617386,0.5143802165985107,0.46312758326530457,-0.08289718627929688,0.46914249658584595,0.3647853434085846,-0.08593416213989258,0.43354135751724243,0.2960166037082672,-0.08269619941711426,0.49296990036964417,0.6509668231010437,-0.09830384701490402,0.4232730269432068,0.4546077847480774,-0.15407215058803558,0.3658583462238312,0.33262312412261963,-0.1655246466398239,0.32832425832748413,0.24671953916549683,-0.16956806182861328,0.3984958231449127,0.6789853572845459,-0.1325606107711792,0.32394495606422424,0.4971449673175812,-0.18143121898174286,0.28571367263793945,0.3833748996257782,-0.19916126132011414,0.26422446966171265,0.2979937195777893,-0.20659267902374268,0.28984352946281433,0.7258585691452026,-0.15231400728225708,0.22400397062301636,0.602181077003479,-0.1924637109041214,0.19802603125572205,0.5143476128578186,-0.20765414834022522,0.18174812197685242,0.435933917760849,-0.21460574865341187,ayubowan
0.5687770247459412,0.9236897826194763,-7.097939374034468e-07,0.649553120136261,0.8014088273048401,0.10161429643630981,0.6709086894989014,0.6780956983566284,0.14817726612091064,0.6686049699783325,0.5730097889900208,0.18294918537139893,0.6721213459968567,0.49654340744018555,0.2104489803314209,0.6233861446380615,0.6095060110092163,0.031079038977622986,0.5712573528289795,0.443271279335022,0.03137873485684395,0.5224509239196777,0.35785216093063354,0.04348515719175339,0.4875982403755188,0.2990458011627197,0.05445662885904312,0.5509149432182312,0.6239847540855408,-0.017044054344296455,0.49073755741119385,0.4428529441356659,-0.031150739639997482,0.4358750879764557,0.3370360732078552,-0.028111357241868973,0.400381863117218,0.25786563754081726,-0.024995379149913788,0.4624365568161011,0.655988872051239,-0.05307185277342796,0.40619343519210815,0.48685580492019653,-0.0657723993062973,0.3774207532405853,0.3835834860801697,-0.07271388173103333,0.3619052767753601,0.3021889328956604,-0.078292116522789,0.35874688625335693,0.7023460865020752,-0.07555415481328964,0.31094515323638916,0.588273823261261,-0.09143607318401337,0.29682159423828125,0.5068581104278564,-0.09930133819580078,0.2909814417362213,0.43255650997161865,-0.10380887985229492,ayubowan
0.5227505564689636,0.9565844535827637,-7.019546046649339e-07,0.6180568933486938,0.8241705298423767,0.07878228276968002,0.6315310001373291,0.6952477693557739,0.09682982414960861,0.6175189018249512,0.5882155299186707,0.10598721355199814,0.622165858745575,0.5073902010917664,0.1050342321395874,0.581662118434906,0.6477782726287842,-0.06711316108703613,0.5257478952407837,0.47675633430480957,-0.11613325029611588,0.4793975353240967,0.3827981948852539,-0.12774640321731567,0.4399864971637726,0.3171845078468323,-0.13233351707458496,0.5017045140266418,0.6665816307067871,-0.12667591869831085,0.4336591958999634,0.4764916002750397,-0.19773262739181519,0.37347930669784546,0.3594757318496704,-0.21803711354732513,0.3278972804546356,0.27306821942329407,-0.22925736010074615,0.4059146046638489,0.7016728520393372,-0.17275457084178925,0.3367355465888977,0.5203097462654114,-0.24267585575580597,0.29442036151885986,0.41264039278030396,-0.26925021409988403,0.26856350898742676,0.32589852809906006,-0.28376322984695435,0.30059757828712463,0.7535743713378906,-0.20408131182193756,0.24119481444358826,0.6302583813667297,-0.2817685008049011,0.21567615866661072,0.5450244545936584,-0.31849998235702515,0.19800284504890442,0.4663431644439697,-0.3388090431690216,ayubowan
0.6553726196289062,0.866308331489563,3.436303757098358e-07,0.7125646471977234,0.7759988307952881,0.05719297006726265,0.7015036344528198,0.6738694906234741,0.07898474484682083,0.6777883768081665,0.5977452397346497,0.08726083487272263,0.6459089517593384,0.540584146976471,0.0868900716304779,0.6882790327072144,0.6513105630874634,0.009880469180643559,0.640334963798523,0.5296993255615234,-0.017103618010878563,0.6116678714752197,0.4440130591392517,-0.03310765326023102,0.5904107093811035,0.3714722990989685,-0.044997673481702805,0.6534783244132996,0.6616764664649963,-0.040239524096250534,0.5894110202789307,0.516459584236145,-0.07282881438732147,0.5597069263458252,0.4158513844013214,-0.09382223337888718,0.5463878512382507,0.33678820729255676,-0.10771080106496811,0.5980796813964844,0.6771248579025269,-0.08496952056884766,0.541917622089386,0.5302748680114746,-0.12669521570205688,0.5153757929801941,0.42967796325683594,-0.1502763032913208,0.5043882131576538,0.3470975458621979,-0.16268415749073029,0.5252407789230347,0.701510488986969,-0.12181760370731354,0.4984777867794037,0.5860023498535156,-0.17212142050266266,0.49186670780181885,0.5053743124008179,-0.1954895406961441,0.4956251382827759,0.4324434995651245,-0.20696493983268738,ayubowan
0.44049930572509766,0.9552092552185059,-1.1611692798396689e-06,0.43226301670074463,0.7925754189491272,0.11910349875688553,0.47284457087516785,0.6450994610786438,0.13797563314437866,0.5410642623901367,0.5425892472267151,0.1343318670988083,0.6044799089431763,0.4635239243507385,0.1151171401143074,0.4221765398979187,0.5937796831130981,-0.09468557685613632,0.44898131489753723,0.4314567446708679,-0.18964889645576477,0.47549185156822205,0.32737278938293457,-0.23420673608779907,0.49195629358291626,0.2465229034423828,-0.26311424374580383,0.449199378490448,0.6337137818336487,-0.2002725899219513,0.5049442052841187,0.4488978981971741,-0.3200865387916565,0.5430186986923218,0.325073778629303,-0.373302698135376,0.5674022436141968,0.2216041088104248,-0.40893614292144775,0.5001085996627808,0.6892940998077393,-0.29146164655685425,0.568013608455658,0.5088402032852173,-0.41865187883377075,0.6026893854141235,0.3816545605659485,-0.49411410093307495,0.6285684704780579,0.27632904052734375,-0.5391522645950317,0.5749599933624268,0.7576568722724915,-0.3620341122150421,0.6211633086204529,0.6214191913604736,-0.48816415667533875,0.6468480825424194,0.5205726623535156,-0.5659152269363403,0.6726946830749512,0.4372241497039795,-0.6194848418235779,ayubowan
0.3175206184387207,0.7945219278335571,4.490772198550985e-07,0.33229315280914307,0.7186903357505798,0.02420375868678093,0.35173726081848145,0.6236735582351685,0.009801720269024372,0.39170774817466736,0.5529175996780396,-0.011660397052764893,0.4131409823894501,0.48746800422668457,-0.04460195079445839,0.35258620977401733,0.606387734413147,-0.12677735090255737,0.3903467655181885,0.5019424557685852,-0.22490520775318146,0.41238051652908325,0.4099407196044922,-0.29143235087394714,0.4318670630455017,0.3324117064476013,-0.3390279710292816,0.3561311662197113,0.6192082762718201,-0.18387693166732788,0.38088086247444153,0.49904146790504456,-0.2974022924900055,0.3900062143802643,0.39329198002815247,-0.3718704879283905,0.40223366022109985,0.3021549880504608,-0.42372938990592957,0.361640602350235,0.6544549465179443,-0.23133669793605804,0.38329359889030457,0.5351456999778748,-0.3422881066799164,0.3826812505722046,0.4416268765926361,-0.4068036377429962,0.3886058032512665,0.36041784286499023,-0.44628605246543884,0.369527131319046,0.7000987529754639,-0.26985248923301697,0.387260764837265,0.6339214444160461,-0.3800864517688751,0.387379914522171,0.569018542766571,-0.43702131509780884,0.392193466424942,0.5051268935203552,-0.4726935923099518,ayubowan
0.3462480306625366,0.9079341888427734,7.132088626349287e-07,0.3534579575061798,0.8122085332870483,0.007605383172631264,0.36637404561042786,0.7078530788421631,-0.006239964161068201,0.39753082394599915,0.6317555904388428,-0.026143832132220268,0.4275367558002472,0.5719771385192871,-0.05165700986981392,0.33836573362350464,0.7115041613578796,-0.0685376226902008,0.3623723089694977,0.6015915870666504,-0.13726367056369781,0.3763539493083954,0.5121589303016663,-0.18249370157718658,0.3922402262687683,0.4354192018508911,-0.2129223644733429,0.34161701798439026,0.7243515253067017,-0.10701234638690948,0.36496835947036743,0.6036864519119263,-0.17820927500724792,0.38645702600479126,0.5036246180534363,-0.22633427381515503,0.41051608324050903,0.4177166521549225,-0.25724124908447266,0.35293111205101013,0.7494927048683167,-0.14165309071540833,0.37203580141067505,0.6251882910728455,-0.2118428349494934,0.38552793860435486,0.5310546159744263,-0.2486354112625122,0.40276679396629333,0.44617605209350586,-0.26720067858695984,0.3729739189147949,0.7838051319122314,-0.1723250299692154,0.38317370414733887,0.6978854537010193,-0.2353234887123108,0.39177969098091125,0.6276460886001587,-0.26051458716392517,0.405526727437973,0.561414361000061,-0.27268871665000916,ayubowan
0.6677252054214478,0.8480444550514221,-2.8404738827703113e-07,0.6525100469589233,0.716018557548523,-0.08192505687475204,0.5606290102005005,0.564189076423645,-0.12488460540771484,0.5040681958198547,0.4345247149467468,-0.15766385197639465,0.5176889896392822,0.3197871446609497,-0.17708343267440796,0.36841636896133423,0.6061663627624512,-0.0675072893500328,0.3296453654766083,0.6640763282775879,-0.14192688465118408,0.4369387924671173,0.6921866536140442,-0.17507649958133698,0.48417428135871887,0.6618087887763977,-0.19065508246421814,0.3479502201080322,0.7001748085021973,-0.05675259605050087,0.3221224844455719,0.76271653175354,-0.12330906838178635,0.4492361545562744,0.7717332243919373,-0.1265370398759842,0.47629135847091675,0.7205876708030701,-0.1216254010796547,0.3541790246963501,0.7925578355789185,-0.059761032462120056,0.32761192321777344,0.8419505953788757,-0.1315348893404007,0.44217297434806824,0.8385471105575562,-0.11259239166975021,0.47230038046836853,0.7865382432937622,-0.08876823633909225,0.37480247020721436,0.8675795793533325,-0.07023230195045471,0.3504536747932434,0.9084500074386597,-0.11206472665071487,0.4276229441165924,0.9009082317352295,-0.0993000939488411,0.4549880623817444,0.8648229241371155,-0.08216875046491623,good(hodai)
0.7048527002334595,0.7988781332969666,-3.359664333402179e-07,0.7019602656364441,0.6743216514587402,-0.1305159479379654,0.630956768989563,0.5408283472061157,-0.21185807883739471,0.5830122232437134,0.41765397787094116,-0.2752099633216858,0.5772320628166199,0.28803831338882446,-0.32703298330307007,0.3824247419834137,0.5997869968414307,-0.15708930790424347,0.4366505742073059,0.6641343235969543,-0.2560429871082306,0.5375134944915771,0.6735349893569946,-0.2983540892601013,0.5427131652832031,0.6558135747909546,-0.3214688301086426,0.34768146276474,0.720747709274292,-0.13806581497192383,0.4275963008403778,0.7824804782867432,-0.22845400869846344,0.5620624423027039,0.769775927066803,-0.23328551650047302,0.5460926294326782,0.7386190295219421,-0.2292506843805313,0.36034712195396423,0.8344601392745972,-0.13441747426986694,0.43261590600013733,0.8867508769035339,-0.2230297029018402,0.5451592206954956,0.8597501516342163,-0.19869688153266907,0.5301281213760376,0.8191299438476562,-0.17418761551380157,0.3936339318752289,0.9299651384353638,-0.1429099589586258,0.45091480016708374,0.9782838821411133,-0.1989469826221466,0.5371534824371338,0.9464462399482727,-0.18644867837429047,0.5391248464584351,0.9075071811676025,-0.17053210735321045,good(hodai)
0.7056196928024292,0.9219815731048584,-7.096290914887504e-07,0.6945613622665405,0.7643265724182129,-0.12003820389509201,0.5853732228279114,0.5928072333335876,-0.1724632829427719,0.5077154636383057,0.42583298683166504,-0.21307751536369324,0.5072652101516724,0.278124064207077,-0.23746143281459808,0.381683349609375,0.6660343408584595,-0.07043811678886414,0.24981774389743805,0.7201486825942993,-0.17827561497688293,0.38330361247062683,0.7706894874572754,-0.22318001091480255,0.4790237247943878,0.7548364400863647,-0.23166227340698242,0.3501148819923401,0.7851846814155579,-0.039421964436769485,0.23340904712677002,0.8332841992378235,-0.15627935528755188,0.3974058926105499,0.8620293736457825,-0.16838280856609344,0.47992777824401855,0.8183040618896484,-0.14476634562015533,0.33415549993515015,0.883868932723999,-0.03084520809352398,0.23025265336036682,0.9226350784301758,-0.1464199274778366,0.3755497634410858,0.9367048740386963,-0.12683631479740143,0.45760586857795715,0.8920190334320068,-0.07798047363758087,0.3355863094329834,0.9635385274887085,-0.03247290849685669,0.24639557301998138,0.9906313419342041,-0.10031697154045105,0.3556808829307556,0.9932708740234375,-0.08623199909925461,0.4384215474128723,0.9585410356521606,-0.05176115781068802,good(hodai)
0.6886661052703857,0.9011716842651367,-7.649769599993306e-07,0.6721277236938477,0.7589138746261597,-0.11174112558364868,0.5696867108345032,0.5923163294792175,-0.1638244092464447,0.5048999786376953,0.4332842230796814,-0.2043198198080063,0.509179949760437,0.2920451760292053,-0.23083679378032684,0.3745930790901184,0.6660737991333008,-0.09002798050642014,0.2559238076210022,0.7306720018386841,-0.19754110276699066,0.38486286997795105,0.7711939811706543,-0.24482935667037964,0.4696771502494812,0.746612012386322,-0.25840428471565247,0.354434996843338,0.787887692451477,-0.0662354975938797,0.24943320453166962,0.8459701538085938,-0.1815820336341858,0.40724167227745056,0.8592238426208496,-0.19557274878025055,0.48440778255462646,0.8159328699111938,-0.1800907999277115,0.35090601444244385,0.8884503841400146,-0.061217889189720154,0.2615051865577698,0.9385473728179932,-0.17836245894432068,0.4036094844341278,0.9396588206291199,-0.15924403071403503,0.47937601804733276,0.8932843804359436,-0.1159021332859993,0.3588971197605133,0.9709248542785645,-0.06505555659532547,0.2813892662525177,1.0048917531967163,-0.13672557473182678,0.389484703540802,0.9994386434555054,-0.12267524003982544,0.4665357768535614,0.9629358649253845,-0.09183145314455032,good(hodai)
0.6455628871917725,0.9466004371643066,-1.193919985098546e-07,0.5978015661239624,0.8099105358123779,-0.11334913969039917,0.4828067421913147,0.6463340520858765,-0.15544989705085754,0.41355204582214355,0.4866575598716736,-0.1863759607076645,0.41187211871147156,0.3456345200538635,-0.204580157995224,0.29671579599380493,0.7093006372451782,-0.009318641386926174,0.18039754033088684,0.7580501437187195,-0.08773689717054367,0.2856181859970093,0.8040327429771423,-0.13690869510173798,0.37828052043914795,0.7946386933326721,-0.15309475362300873,0.28753870725631714,0.8251238465309143,0.02682100236415863,0.17799009382724762,0.8716859221458435,-0.06404508650302887,0.305475115776062,0.8908469080924988,-0.10019104927778244,0.398628294467926,0.8674789667129517,-0.09905563294887543,0.29031920433044434,0.9294329285621643,0.04117734357714653,0.20392221212387085,0.9621308445930481,-0.046558912843465805,0.31631121039390564,0.9620455503463745,-0.05934082716703415,0.40197524428367615,0.9324073195457458,-0.03922313451766968,0.3066716492176056,1.0101935863494873,0.046230413019657135,0.22979722917079926,1.0223727226257324,0.001153371180407703,0.30917054414749146,1.0189945697784424,0.0022304747253656387,0.38248777389526367,0.9943273067474365,0.02104843035340309,good(hodai)
0.6666345596313477,0.9126970171928406,-5.836080276822031e-07,0.6386754512786865,0.7820008397102356,-0.11060213297605515,0.5317963361740112,0.6274394392967224,-0.15780913829803467,0.4649653434753418,0.47629880905151367,-0.19373784959316254,0.46559834480285645,0.3426884710788727,-0.21665818989276886,0.3462638854980469,0.696607768535614,-0.0644063875079155,0.22961151599884033,0.7515255212783813,-0.16214816272258759,0.3421483337879181,0.7964849472045898,-0.210037499666214,0.4271017909049988,0.7814508676528931,-0.22325173020362854,0.32981225848197937,0.8091487884521484,-0.03582936152815819,0.22274552285671234,0.8608591556549072,-0.14415082335472107,0.36251509189605713,0.8809120059013367,-0.16672731935977936,0.44846147298812866,0.8494994640350342,-0.15472067892551422,0.3291590213775635,0.90546053647995,-0.02677231840789318,0.24054238200187683,0.9455540776252747,-0.13405682146549225,0.3654610812664032,0.9508095979690552,-0.13204406201839447,0.44623732566833496,0.9170259237289429,-0.09898598492145538,0.33923035860061646,0.9835277795791626,-0.02634970284998417,0.2655467092990875,1.0062055587768555,-0.09043999016284943,0.3567633628845215,1.0033814907073975,-0.08784452825784683,0.4317913055419922,0.974083662033081,-0.06519658118486404,good(hodai)
0.6376657485961914,0.8972821831703186,-1.9766589787195699e-07,0.5852871537208557,0.7473570108413696,-0.08214382827281952,0.4925649166107178,0.5896241664886475,-0.10932677984237671,0.4330309331417084,0.4473890960216522,-0.12934540212154388,0.43464240431785583,0.32952824234962463,-0.13548587262630463,0.3406274914741516,0.6503614783287048,0.007314755581319332,0.23068822920322418,0.6824004054069519,-0.06342103332281113,0.33403193950653076,0.7289066314697266,-0.10603472590446472,0.4121979773044586,0.7190107703208923,-0.12311498075723648,0.3296244740486145,0.7458325624465942,0.026339765638113022,0.22465460002422333,0.7822234034538269,-0.04742532968521118,0.34512174129486084,0.8078112602233887,-0.072065070271492,0.41349273920059204,0.7806574106216431,-0.07330377399921417,0.3298283815383911,0.837679922580719,0.025873763486742973,0.2356780618429184,0.8684484362602234,-0.05285884067416191,0.34333932399749756,0.8792107105255127,-0.052643150091171265,0.41084083914756775,0.8483051657676697,-0.032079316675662994,0.34365007281303406,0.9124914407730103,0.018003730103373528,0.2663812041282654,0.9417651295661926,-0.024690594524145126,0.34177878499031067,0.942894697189331,-0.019079310819506645,0.4002772569656372,0.9163886308670044,-0.0018570809625089169,good(hodai)
0.65479576587677,0.9198980331420898,-2.5140928983091726e-07,0.6178761720657349,0.7824240922927856,-0.100347138941288,0.5151815414428711,0.6160762310028076,-0.14032091200351715,0.4556165635585785,0.4564450979232788,-0.17055049538612366,0.46080124378204346,0.32217225432395935,-0.18764278292655945,0.3343949615955353,0.668488621711731,-0.018260935321450233,0.2192755937576294,0.714215874671936,-0.09676335752010345,0.326139360666275,0.7641476392745972,-0.14175136387348175,0.4138503670692444,0.7565575242042542,-0.15577393770217896,0.3194390535354614,0.7805502414703369,0.010444835759699345,0.21809262037277222,0.8302502632141113,-0.07817818969488144,0.3464033603668213,0.852475643157959,-0.1080508604645729,0.4308575391769409,0.8272765874862671,-0.10464310646057129,0.3186239004135132,0.880757212638855,0.019427308812737465,0.23907695710659027,0.916422426700592,-0.06658495217561722,0.352829247713089,0.9206904172897339,-0.0757540762424469,0.43278154730796814,0.8889003992080688,-0.055369943380355835,0.3333379030227661,0.9571126699447632,0.020360387861728668,0.2648372948169708,0.9754514694213867,-0.02445908822119236,0.34563055634498596,0.9737337827682495,-0.023223837837576866,0.41701364517211914,0.9476122856140137,-0.005130533594638109,good(hodai)
0.6879979968070984,0.915864109992981,-6.367550895447494e-07,0.658964216709137,0.7713410258293152,-0.10039827972650528,0.5627171993255615,0.6117501854896545,-0.14402221143245697,0.4991768002510071,0.4569425582885742,-0.17847712337970734,0.5063864588737488,0.32208433747291565,-0.1999775916337967,0.3793884217739105,0.6707414388656616,-0.05703228339552879,0.26619094610214233,0.7154010534286499,-0.1528199017047882,0.3740452229976654,0.7639163136482239,-0.20226313173770905,0.4597301781177521,0.7542439699172974,-0.2183736115694046,0.35887718200683594,0.7906891703605652,-0.03523730859160423,0.25048762559890747,0.8330490589141846,-0.13855624198913574,0.38596707582473755,0.8560341596603394,-0.16001363098621368,0.47424399852752686,0.8263288736343384,-0.15116170048713684,0.3538912534713745,0.8945972919464111,-0.032181717455387115,0.263412207365036,0.9267251491546631,-0.13253150880336761,0.3842574656009674,0.9324787855148315,-0.12461264431476593,0.46616023778915405,0.8991986513137817,-0.09166271239519119,0.36045539379119873,0.9807108640670776,-0.037891779094934464,0.28771311044692993,1.001672387123108,-0.09473979473114014,0.37428879737854004,0.9998217225074768,-0.08633138239383698,0.4474875330924988,0.9728192090988159,-0.06253456324338913,good(hodai)
0.7489110827445984,0.9561536312103271,2.005665677984325e-08,0.712742805480957,0.8167731761932373,-0.12701719999313354,0.5998482704162598,0.6445563435554504,-0.18253539502620697,0.5318096876144409,0.4771333336830139,-0.22511333227157593,0.5368080735206604,0.3284573554992676,-0.2552196681499481,0.3996957242488861,0.7049912810325623,-0.048275068402290344,0.2736419439315796,0.7552282214164734,-0.14640101790428162,0.3948598802089691,0.8004677891731262,-0.20026510953903198,0.4905279278755188,0.7854970097541809,-0.21781453490257263,0.3691665530204773,0.8148945569992065,-0.010599499568343163,0.26290303468704224,0.8612191677093506,-0.11961355060338974,0.4110678434371948,0.8840175271034241,-0.15484875440597534,0.5043835639953613,0.8587775826454163,-0.1503756195306778,0.35820797085762024,0.9135663509368896,0.004305120091885328,0.2621210813522339,0.9384708404541016,-0.09892833977937698,0.3988892734050751,0.9484570622444153,-0.1081453338265419,0.4937136769294739,0.9215275049209595,-0.08233853429555893,0.3673163652420044,0.9950320720672607,0.008751105517148972,0.2885087728500366,1.0011523962020874,-0.05197133123874664,0.3827905058860779,0.9966105222702026,-0.05774691328406334,0.4625701606273651,0.9726641774177551,-0.040386591106653214,good(hodai)
0.7495977878570557,0.8920978307723999,-6.053139713912969e-07,0.7286978960037231,0.7483837604522705,-0.11173364520072937,0.6228700280189514,0.592275857925415,-0.16923648118972778,0.5654345750808716,0.437763512134552,-0.21531207859516144,0.5787811279296875,0.30105242133140564,-0.24667008221149445,0.40273839235305786,0.6517460942268372,-0.09032563120126724,0.3352705240249634,0.7081255316734314,-0.1924455761909485,0.465665340423584,0.7468923926353455,-0.23983855545520782,0.5338410139083862,0.7244660258293152,-0.25798141956329346,0.3662422299385071,0.7725827097892761,-0.07063698768615723,0.31026870012283325,0.8241000771522522,-0.17697317898273468,0.46904173493385315,0.8401132822036743,-0.18722371757030487,0.5256043672561646,0.7966775894165039,-0.171578511595726,0.35952234268188477,0.8776231408119202,-0.06969962269067764,0.3009946346282959,0.9276049733161926,-0.17607414722442627,0.4445057511329651,0.9255564212799072,-0.15473102033138275,0.5050973892211914,0.8766484260559082,-0.11352379620075226,0.3743579089641571,0.9636484384536743,-0.07830970734357834,0.32028302550315857,1.0033433437347412,-0.14181458950042725,0.4249459505081177,0.9907814264297485,-0.12564754486083984,0.48602455854415894,0.9496867060661316,-0.09493669867515564,good(hodai)
0.701707661151886,0.9175200462341309,-4.234815946801973e-07,0.6905808448791504,0.7698293924331665,-0.1176261231303215,0.570787250995636,0.5730530619621277,-0.1697385609149933,0.5022180676460266,0.39569714665412903,-0.20739446580410004,0.5142989158630371,0.2458367645740509,-0.22771885991096497,0.3543357253074646,0.6435673832893372,-0.08296628296375275,0.22960299253463745,0.6781666278839111,-0.19176821410655975,0.3725448548793793,0.7201064229011536,-0.24024765193462372,0.46726512908935547,0.7007101774215698,-0.2548850178718567,0.3217681348323822,0.7686483263969421,-0.056558430194854736,0.22455869615077972,0.8072495460510254,-0.16966760158538818,0.39998358488082886,0.8296869397163391,-0.18518227338790894,0.4798361659049988,0.7903355956077576,-0.17055842280387878,0.31306761503219604,0.8800438642501831,-0.050778828561306,0.23226577043533325,0.9115852117538452,-0.16534529626369476,0.3880956768989563,0.9160736799240112,-0.1475837677717209,0.4700623154640198,0.8689281344413757,-0.10564687103033066,0.3275299668312073,0.9670231342315674,-0.05432038754224777,0.25343018770217896,0.9891021251678467,-0.12325882166624069,0.37098973989486694,0.9823987483978271,-0.10892094671726227,0.4477773904800415,0.9474198818206787,-0.077773816883564,good(hodai)
0.6381278038024902,0.7993931770324707,-3.151458543015906e-07,0.6106453537940979,0.6824950575828552,-0.053302474319934845,0.5338398218154907,0.5642358660697937,-0.0730736255645752,0.482921838760376,0.4671889543533325,-0.08919739723205566,0.481990247964859,0.38089239597320557,-0.09455190598964691,0.4210871756076813,0.6136089563369751,-0.018550852313637733,0.3512125313282013,0.6286118626594543,-0.08220450580120087,0.43447786569595337,0.6641412377357483,-0.11401776224374771,0.4921722114086151,0.6588469743728638,-0.12633220851421356,0.40754765272140503,0.6904272437095642,-0.013853630982339382,0.34572768211364746,0.7086080312728882,-0.07883311808109283,0.4435131251811981,0.7259150743484497,-0.0908442884683609,0.4914815425872803,0.70232093334198,-0.08925306797027588,0.40690213441848755,0.7639155387878418,-0.022550852969288826,0.3455105125904083,0.7804363965988159,-0.09349245578050613,0.4360504746437073,0.7875978946685791,-0.08366873860359192,0.48579832911491394,0.7636582851409912,-0.06211348623037338,0.41571083664894104,0.82563716173172,-0.035986948758363724,0.3606422543525696,0.8445215225219727,-0.07855045050382614,0.4216393530368805,0.8454399704933167,-0.0716562494635582,0.46380552649497986,0.8279949426651001,-0.05740610137581825,good(hodai)
0.6442410349845886,0.8361614346504211,-3.4081395483553933e-07,0.6140123605728149,0.7125990390777588,-0.06062741205096245,0.5246819257736206,0.5831980109214783,-0.0836503654718399,0.4623921513557434,0.47669947147369385,-0.10113301128149033,0.4587579071521759,0.382654070854187,-0.10556824505329132,0.3929583430290222,0.6358751654624939,-0.02474188804626465,0.31597641110420227,0.6555452346801758,-0.09236402064561844,0.4113316833972931,0.6932806968688965,-0.12286420911550522,0.4726707339286804,0.6819703578948975,-0.13371647894382477,0.3768191337585449,0.7172324657440186,-0.017123587429523468,0.3103264570236206,0.740642786026001,-0.08433354645967484,0.422982782125473,0.7613517045974731,-0.09154923260211945,0.46941712498664856,0.7313953638076782,-0.08521582186222076,0.3774356544017792,0.794719934463501,-0.02394757978618145,0.31255868077278137,0.8195143342018127,-0.09726820886135101,0.41492339968681335,0.8279575109481812,-0.0817779153585434,0.46243253350257874,0.7983654141426086,-0.05543498694896698,0.3891289234161377,0.8599324226379395,-0.03611552342772484,0.3305714726448059,0.8884574174880981,-0.07979302108287811,0.40084153413772583,0.8892632126808167,-0.06956129521131516,0.44302430748939514,0.866828441619873,-0.05175098031759262,good(hodai)
0.7560957670211792,0.8486602306365967,-2.910853709181538e-07,0.7221636772155762,0.7235186100006104,-0.08287132531404495,0.6056167483329773,0.5778658986091614,-0.12340141087770462,0.5291727781295776,0.44835183024406433,-0.15418487787246704,0.5238931775093079,0.32522833347320557,-0.1708681583404541,0.4490087032318115,0.6453946232795715,-0.06761683523654938,0.37956660985946655,0.6726981401443481,-0.1499742716550827,0.502680242061615,0.6954787373542786,-0.18586896359920502,0.5595585107803345,0.6720559597015381,-0.20133398473262787,0.42477652430534363,0.7524412274360657,-0.057871557772159576,0.37189939618110657,0.7851685881614685,-0.13586212694644928,0.5174216032028198,0.7880737781524658,-0.14053179323673248,0.5506596565246582,0.7501810193061829,-0.13347814977169037,0.4281974136829376,0.8531246185302734,-0.06337977200746536,0.3733825385570526,0.8824660181999207,-0.1452816128730774,0.5035364627838135,0.8746426701545715,-0.11856978386640549,0.5401971340179443,0.836058497428894,-0.08620242774486542,0.44681358337402344,0.9373233318328857,-0.07605341821908951,0.394429087638855,0.9709314107894897,-0.12437742948532104,0.4803749620914459,0.9571366906166077,-0.10549231618642807,0.5150066018104553,0.9284825921058655,-0.08227448165416718,good(hodai)
0.5884618759155273,0.8942651748657227,-2.1625842805406137e-07,0.5383036136627197,0.7471395134925842,-0.07933874428272247,0.43521732091903687,0.5986971855163574,-0.10438687354326248,0.36504220962524414,0.4692690968513489,-0.12190773338079453,0.3647216558456421,0.3573058843612671,-0.12448587268590927,0.30107390880584717,0.6490781307220459,-0.004903879482299089,0.19897451996803284,0.6810816526412964,-0.07790011167526245,0.30150106549263,0.7288941740989685,-0.11583919823169708,0.37763163447380066,0.7124144434928894,-0.13047060370445251,0.2890925407409668,0.7440186142921448,0.011768672615289688,0.19430769979953766,0.7811229825019836,-0.06257035583257675,0.3140471279621124,0.809303343296051,-0.07860678434371948,0.3764117956161499,0.7735087871551514,-0.07594354450702667,0.2892369329929352,0.8361150026321411,0.009211981669068336,0.20170548558235168,0.8688097596168518,-0.07322878390550613,0.3116832375526428,0.8818850517272949,-0.06695697456598282,0.37449201941490173,0.8446357250213623,-0.043526604771614075,0.3010105788707733,0.910544753074646,-0.00043025752529501915,0.22865216434001923,0.944416344165802,-0.047970183193683624,0.3031125068664551,0.9480989575386047,-0.043099597096443176,0.3560597002506256,0.9203810691833496,-0.027193976566195488,good(hodai)
0.7254526615142822,0.8149649500846863,-4.124251233861287e-07,0.6849043369293213,0.6976420283317566,-0.07980727404356003,0.575310468673706,0.5669655203819275,-0.11870511621236801,0.5042197704315186,0.4504716992378235,-0.14769116044044495,0.49593791365623474,0.3387753367424011,-0.16316917538642883,0.406817764043808,0.6285610198974609,-0.06439729779958725,0.37407249212265015,0.6633186340332031,-0.1363832801580429,0.4845092296600342,0.6836699843406677,-0.16866783797740936,0.5250213742256165,0.6644657254219055,-0.18396250903606415,0.3885612487792969,0.7276197671890259,-0.05466898903250694,0.36918139457702637,0.7719827890396118,-0.12094024568796158,0.5019354224205017,0.7681679725646973,-0.12369458377361298,0.5216687917709351,0.7288070917129517,-0.11795328557491302,0.400826096534729,0.8223457932472229,-0.05871497467160225,0.37628665566444397,0.8635732531547546,-0.12876562774181366,0.49214398860931396,0.847381591796875,-0.10350023955106735,0.5138733386993408,0.8057413101196289,-0.0756310522556305,0.4258345365524292,0.902288556098938,-0.0701068565249443,0.39550384879112244,0.9441771507263184,-0.10973097383975983,0.4720349907875061,0.9248473048210144,-0.090776726603508,0.4955267906188965,0.8909896612167358,-0.06972330063581467,good(hodai)
0.7619872093200684,0.8411940336227417,4.7656822488306716e-08,0.7210696935653687,0.6892778277397156,-0.0924922302365303,0.5785813331604004,0.5168386101722717,-0.12909771502017975,0.4863508641719818,0.38045746088027954,-0.15465328097343445,0.4699498414993286,0.24740523099899292,-0.16526508331298828,0.403789222240448,0.5935251712799072,-0.04763587564229965,0.3486548364162445,0.6252220869064331,-0.13680753111839294,0.47892165184020996,0.6577042937278748,-0.1851302981376648,0.5367381572723389,0.6313045024871826,-0.21049824357032776,0.38154321908950806,0.7091771364212036,-0.036066874861717224,0.34568291902542114,0.7496795654296875,-0.11821670830249786,0.49121302366256714,0.7582475543022156,-0.13626986742019653,0.5285564661026001,0.7104859352111816,-0.13921983540058136,0.3931305408477783,0.8249767422676086,-0.04337451234459877,0.3559637665748596,0.85957932472229,-0.1289052516222,0.48663565516471863,0.8537923693656921,-0.11209940910339355,0.5254215002059937,0.8031811714172363,-0.08630561828613281,0.4242790937423706,0.9125984907150269,-0.05966534838080406,0.3872835040092468,0.953916072845459,-0.10854027420282364,0.46717581152915955,0.9472154378890991,-0.09473541378974915,0.49168089032173157,0.915228009223938,-0.07548674196004868,good(hodai)
0.2629229426383972,0.9033939838409424,-3.34624871811684e-07,0.3214832842350006,0.7796037197113037,-0.09461239725351334,0.4025248885154724,0.6495214104652405,-0.15794280171394348,0.443130761384964,0.5044854283332825,-0.2158360630273819,0.4334838390350342,0.37797123193740845,-0.2641909122467041,0.581139326095581,0.7015559077262878,-0.09557406604290009,0.7154191732406616,0.7413890361785889,-0.1611490249633789,0.6187782287597656,0.7796242833137512,-0.18946756422519684,0.5471220016479492,0.7689250111579895,-0.19952607154846191,0.5851703882217407,0.7991206049919128,-0.07803986221551895,0.682715654373169,0.848663866519928,-0.1484353244304657,0.5605751872062683,0.8637514710426331,-0.16592161357402802,0.5053502321243286,0.8241581320762634,-0.16673491895198822,0.5790306925773621,0.8859125971794128,-0.07149385660886765,0.6576527953147888,0.9287367463111877,-0.1344909518957138,0.5481624007225037,0.9261093735694885,-0.1249924898147583,0.48964253067970276,0.8806416988372803,-0.10601340979337692,0.5677915811538696,0.9501745104789734,-0.07349066436290741,0.6086735725402832,0.9851112365722656,-0.10763952136039734,0.5403792262077332,0.9773723483085632,-0.0957135334610939,0.4949777126312256,0.9376263618469238,-0.08033736050128937,good(hodai)
0.23357683420181274,0.9337537288665771,-4.027860143196449e-07,0.2868686020374298,0.805968165397644,-0.09758754074573517,0.37215983867645264,0.6732416749000549,-0.16221515834331512,0.4171464741230011,0.5246592164039612,-0.22080855071544647,0.4138048589229584,0.39630284905433655,-0.2698901891708374,0.55833899974823,0.731960117816925,-0.09575793892145157,0.6946666240692139,0.7746817469596863,-0.1624641716480255,0.5961958765983582,0.8111624717712402,-0.19149348139762878,0.5203877687454224,0.7987825870513916,-0.20126360654830933,0.5640905499458313,0.8265023827552795,-0.07647783309221268,0.6526879668235779,0.8855590224266052,-0.1462244987487793,0.5234225392341614,0.8993335366249084,-0.16075356304645538,0.4686206579208374,0.8568069934844971,-0.15832410752773285,0.5602765679359436,0.9135473370552063,-0.06901727616786957,0.6276084184646606,0.9597861766815186,-0.13103556632995605,0.5141477584838867,0.9595863223075867,-0.11878285557031631,0.4602051377296448,0.9153792262077332,-0.09755226224660873,0.5506786704063416,0.9815494418144226,-0.07032504677772522,0.5928733944892883,1.019659161567688,-0.10237991809844971,0.5166456699371338,1.0119569301605225,-0.08605387061834335,0.4710136651992798,0.9717022180557251,-0.06700854003429413,good(hodai)
0.16709160804748535,0.9615767598152161,-1.3207420579419704e-07,0.22147837281227112,0.8057000041007996,-0.13865800201892853,0.31826186180114746,0.6474021077156067,-0.23348036408424377,0.37418031692504883,0.5008537769317627,-0.3156977891921997,0.3837035000324249,0.3765512704849243,-0.38399645686149597,0.5594285130500793,0.7667986154556274,-0.14730915427207947,0.705462634563446,0.813959538936615,-0.22294847667217255,0.5837306380271912,0.8390570878982544,-0.24150389432907104,0.4995991587638855,0.8096034526824951,-0.23856092989444733,0.565447211265564,0.8939515948295593,-0.11195134371519089,0.6924802660942078,0.9482362270355225,-0.18958044052124023,0.5247921347618103,0.9475840330123901,-0.19136294722557068,0.4651039242744446,0.9046923518180847,-0.1729300320148468,0.5627296566963196,1.0091502666473389,-0.09040528535842896,0.6797600388526917,1.0558748245239258,-0.1510993093252182,0.5402497053146362,1.04387366771698,-0.12707263231277466,0.47773104906082153,0.9959736466407776,-0.09679671376943588,0.5562021732330322,1.0972943305969238,-0.08132104575634003,0.6401655077934265,1.1372268199920654,-0.11596634984016418,0.5514557957649231,1.1290345191955566,-0.09750587493181229,0.49948880076408386,1.0962867736816406,-0.07370463013648987,good(hodai)
0.31223174929618835,0.9500344395637512,-2.9991920769134595e-07,0.36683300137519836,0.8122860789299011,-0.13312958180904388,0.4773730933666229,0.6596965789794922,-0.20799124240875244,0.5481847524642944,0.5028465986251831,-0.26562660932540894,0.5726855397224426,0.37348705530166626,-0.30432620644569397,0.685502827167511,0.7365933060646057,-0.11719419807195663,0.8033193945884705,0.8095449209213257,-0.1861780732870102,0.664040207862854,0.8422889709472656,-0.20301546156406403,0.5942392945289612,0.8161106109619141,-0.20228919386863708,0.6907956600189209,0.8435403108596802,-0.07745242863893509,0.8019795417785645,0.904371440410614,-0.16123005747795105,0.6321222186088562,0.9071952700614929,-0.16940267384052277,0.5777164697647095,0.8572680354118347,-0.15293215215206146,0.6811796426773071,0.9408831596374512,-0.051785387098789215,0.7585451006889343,1.0017303228378296,-0.13323944807052612,0.6112074255943298,0.9884219169616699,-0.11734960228204727,0.5603625774383545,0.938580334186554,-0.08425574004650116,0.6683040261268616,1.017388939857483,-0.03491963446140289,0.7146972417831421,1.0615204572677612,-0.07767955213785172,0.6161318421363831,1.03626549243927,-0.060462988913059235,0.5764637589454651,0.9904713034629822,-0.03543752431869507,good(hodai)
0.28685328364372253,0.9432225823402405,-2.3979501406756754e-07,0.3504837453365326,0.8084759712219238,-0.11785657703876495,0.45114895701408386,0.6658613681793213,-0.18960443139076233,0.5151288509368896,0.5213610529899597,-0.24852029979228973,0.5360252857208252,0.3978293836116791,-0.2926345467567444,0.6467971801757812,0.7501856088638306,-0.11790731549263,0.7739700078964233,0.807590126991272,-0.17760498821735382,0.6489337682723999,0.8387733697891235,-0.1924791783094406,0.5735834836959839,0.8112434148788452,-0.19227969646453857,0.6493751406669617,0.8558427691459656,-0.08380675315856934,0.7535096406936646,0.9126328825950623,-0.15593037009239197,0.6045823693275452,0.9214414954185486,-0.16831879317760468,0.5444560050964355,0.8722958564758301,-0.1624334454536438,0.6400167346000671,0.9500287771224976,-0.060375262051820755,0.7309058904647827,0.9969175457954407,-0.11999534070491791,0.6001603603363037,0.9918081164360046,-0.10427074134349823,0.5380077958106995,0.9436967372894287,-0.08075826615095139,0.6254844069480896,1.0223764181137085,-0.04659241810441017,0.6851460933685303,1.0636526346206665,-0.07926493883132935,0.6037045121192932,1.0524429082870483,-0.06500208377838135,0.5585470199584961,1.0132967233657837,-0.04666662588715553,good(hodai)
0.33155354857444763,0.9455820918083191,-8.33147808521062e-08,0.3975708484649658,0.8064438700675964,-0.12094037234783173,0.5034628510475159,0.6665641069412231,-0.1911040097475052,0.5715292096138,0.5188754796981812,-0.2504565119743347,0.5890349745750427,0.38966190814971924,-0.2963199019432068,0.6976934671401978,0.7561272978782654,-0.09270177781581879,0.8403142094612122,0.8030750155448914,-0.15883196890354156,0.7283504605293274,0.8375682830810547,-0.18941067159175873,0.6450271606445312,0.8188215494155884,-0.19815091788768768,0.694214403629303,0.8595747351646423,-0.05666615068912506,0.8000011444091797,0.9172257781028748,-0.1360180526971817,0.6599710583686829,0.929558515548706,-0.16188928484916687,0.5900631546974182,0.8880435824394226,-0.1617569923400879,0.6818632483482361,0.9535712003707886,-0.03438686951994896,0.7689075469970703,1.0037827491760254,-0.09834165871143341,0.6474962830543518,0.9985901117324829,-0.09422953426837921,0.578669548034668,0.9558414220809937,-0.07470211386680603,0.6682084798812866,1.029153823852539,-0.022636957466602325,0.724055290222168,1.074634313583374,-0.05620196834206581,0.6517186164855957,1.0641590356826782,-0.048396170139312744,0.60238116979599,1.0297188758850098,-0.03278037905693054,good(hodai)
0.3073576092720032,0.9634625315666199,-3.27431024516045e-07,0.3784119784832001,0.7998397946357727,-0.17735537886619568,0.4871412515640259,0.6095077395439148,-0.24551337957382202,0.5582140684127808,0.46361640095710754,-0.2921672761440277,0.5958249568939209,0.3150017559528351,-0.3193979263305664,0.6478073000907898,0.7076443433761597,-0.04180365428328514,0.8039320707321167,0.7749388217926025,-0.10895293205976486,0.6962947845458984,0.7746838927268982,-0.14395295083522797,0.5803311467170715,0.7419252395629883,-0.1506366729736328,0.636898934841156,0.8106091618537903,0.03022152930498123,0.8003987073898315,0.8741888999938965,-0.0316573828458786,0.665600597858429,0.8763433694839478,-0.048163268715143204,0.5658712387084961,0.8401708602905273,-0.036421239376068115,0.6208723783493042,0.896634578704834,0.07354720681905746,0.7571004629135132,0.9504175186157227,0.009389176033437252,0.6391517519950867,0.9478375911712646,0.0027928538620471954,0.5507339835166931,0.9085911512374878,0.02281367965042591,0.6015762686729431,0.9522593021392822,0.10284414887428284,0.6975347399711609,0.996225893497467,0.07024852931499481,0.6107696890830994,0.984391450881958,0.06937724351882935,0.5406889319419861,0.9504382610321045,0.08064517378807068,good(hodai)
0.264310747385025,0.9707922339439392,-1.2280783323603828e-07,0.3088648319244385,0.8038488626480103,-0.1395459920167923,0.4326568841934204,0.6379602551460266,-0.2043132781982422,0.5157960057258606,0.48631781339645386,-0.2523021996021271,0.5562415719032288,0.3591858744621277,-0.28127095103263855,0.6290857791900635,0.7255264520645142,-0.07360026985406876,0.781927764415741,0.7774513959884644,-0.1347866952419281,0.6719309687614441,0.819146990776062,-0.1524457186460495,0.5726794600486755,0.8054559826850891,-0.14790813624858856,0.621406078338623,0.8322198390960693,-0.022160962224006653,0.7515053749084473,0.902518630027771,-0.09713511168956757,0.5964941382408142,0.9258230328559875,-0.10699538141489029,0.518917441368103,0.883440375328064,-0.08737269043922424,0.6051020622253418,0.9242813587188721,0.010985666885972023,0.7044955492019653,0.982572615146637,-0.062383007258176804,0.5667847394943237,0.9868682622909546,-0.04884140565991402,0.49351972341537476,0.9421359300613403,-0.014854746870696545,0.5901569128036499,0.9991520047187805,0.03408374637365341,0.6582779884338379,1.0461196899414062,-0.005397639703005552,0.5641697645187378,1.0371925830841064,0.010066877119243145,0.5110365152359009,0.9997355937957764,0.035625286400318146,good(hodai)
0.22979047894477844,0.9138426780700684,-4.379291453915357e-07,0.2987089455127716,0.7823097109794617,-0.11092419177293777,0.4063132703304291,0.6495349407196045,-0.17822487652301788,0.47614407539367676,0.5035929679870605,-0.23516301810741425,0.493728369474411,0.371888130903244,-0.2805963456630707,0.5795403122901917,0.725024938583374,-0.11390697211027145,0.6984589099884033,0.7786186933517456,-0.17866134643554688,0.5829448699951172,0.8097742795944214,-0.1993994414806366,0.5143424272537231,0.7890996932983398,-0.20417068898677826,0.5804417729377747,0.8315507173538208,-0.08825182169675827,0.671247124671936,0.8831555247306824,-0.16132879257202148,0.531349241733551,0.893125057220459,-0.17340366542339325,0.4777526259422302,0.8494906425476074,-0.16892069578170776,0.5720662474632263,0.9288417100906372,-0.07418609410524368,0.6514062285423279,0.9701310396194458,-0.14297091960906982,0.5227394104003906,0.9642393589019775,-0.126275435090065,0.46351784467697144,0.9198026657104492,-0.10077483206987381,0.5606264472007751,1.0028961896896362,-0.06928928941488266,0.6109596490859985,1.0348796844482422,-0.10861201584339142,0.5255212783813477,1.022616982460022,-0.09212164580821991,0.47755780816078186,0.985350489616394,-0.0720558613538742,good(hodai)
0.2297108769416809,0.9432559013366699,-6.123556062220814e-08,0.2964595854282379,0.7926555275917053,-0.15719200670719147,0.42694172263145447,0.6515129804611206,-0.23287121951580048,0.5218189358711243,0.5031518936157227,-0.28676825761795044,0.5726333856582642,0.36868375539779663,-0.32298770546913147,0.6282503008842468,0.7400121092796326,-0.10764764249324799,0.7678667902946472,0.7978761792182922,-0.17084258794784546,0.6537235975265503,0.8374555706977844,-0.19164103269577026,0.5633294582366943,0.813675045967102,-0.19077154994010925,0.619861900806427,0.8491156101226807,-0.04788847267627716,0.7316402792930603,0.9264430999755859,-0.12357158958911896,0.5794453024864197,0.938845157623291,-0.14087827503681183,0.5107634663581848,0.887208878993988,-0.1301838457584381,0.5998085141181946,0.9462422728538513,-0.005806805565953255,0.6763650178909302,1.008741021156311,-0.07725316286087036,0.5470422506332397,0.9994232654571533,-0.0733499675989151,0.4887293875217438,0.9465412497520447,-0.0495714507997036,0.5817477703094482,1.0220119953155518,0.024990059435367584,0.6281091570854187,1.0788791179656982,-0.013990135863423347,0.5417373180389404,1.0581083297729492,-0.006266253534704447,0.49866899847984314,1.0108106136322021,0.011370446532964706,good(hodai)
0.2661765217781067,0.8866350650787354,-4.6672874987052637e-07,0.34677714109420776,0.7455990314483643,-0.09436556696891785,0.46169376373291016,0.6167661547660828,-0.1535031944513321,0.5363795161247253,0.4720582962036133,-0.20571044087409973,0.5582582354545593,0.33882924914360046,-0.24725347757339478,0.6216732859611511,0.7008473873138428,-0.09566385298967361,0.7432640194892883,0.749277651309967,-0.1503155678510666,0.6337240934371948,0.7724847793579102,-0.16741038858890533,0.5655575394630432,0.7480951547622681,-0.17205625772476196,0.6149769425392151,0.8074091076850891,-0.07656050473451614,0.716930091381073,0.851862907409668,-0.14007480442523956,0.5866260528564453,0.8574342131614685,-0.15478982031345367,0.5308424830436707,0.8152850270271301,-0.1552908718585968,0.5991647243499756,0.9041432738304138,-0.06663541495800018,0.692776083946228,0.939190685749054,-0.12070892006158829,0.5735095739364624,0.9320172667503357,-0.10502195358276367,0.5140782594680786,0.8886494636535645,-0.0853305384516716,0.5801110863685608,0.9757770895957947,-0.06527730822563171,0.6347623467445374,1.0048121213912964,-0.09541267901659012,0.5624063611030579,0.9923569560050964,-0.07942281663417816,0.5176140666007996,0.9547569751739502,-0.06279894709587097,good(hodai)
0.3508181571960449,0.9292294383049011,-3.1103624564821075e-07,0.4273959994316101,0.7551394701004028,-0.08692117780447006,0.520346999168396,0.5963062644004822,-0.13576731085777283,0.5766052007675171,0.43801477551460266,-0.1819409281015396,0.5774989128112793,0.3009170889854431,-0.21743851900100708,0.6719465851783752,0.6704877018928528,-0.03614369034767151,0.8117495179176331,0.6938886046409607,-0.09863540530204773,0.7217859029769897,0.7433959245681763,-0.1393199861049652,0.635422945022583,0.7375450134277344,-0.15702033042907715,0.6744669079780579,0.7798881530761719,-0.019458765164017677,0.8024775981903076,0.8079454898834229,-0.09317052364349365,0.6889489889144897,0.8428645730018616,-0.13745008409023285,0.6054649949073792,0.8146759867668152,-0.1544969379901886,0.6683630347251892,0.882074236869812,-0.015332934446632862,0.7826177477836609,0.9022628664970398,-0.07665683329105377,0.6737416982650757,0.9182505011558533,-0.08410534262657166,0.5910799503326416,0.8861472606658936,-0.07522840797901154,0.6572206020355225,0.9614130258560181,-0.019003693014383316,0.7283881902694702,0.9807630777359009,-0.047976329922676086,0.6642435789108276,0.9787148833274841,-0.039221908897161484,0.6044974327087402,0.9520859718322754,-0.02651422843337059,good(hodai)
0.3619096279144287,0.8938312530517578,-3.820715122060392e-08,0.42483463883399963,0.7425105571746826,-0.1142502874135971,0.4993918538093567,0.5978303551673889,-0.1764373779296875,0.54434734582901,0.45109155774116516,-0.2311236709356308,0.5433520674705505,0.3224235773086548,-0.27626723051071167,0.6672371625900269,0.6689504384994507,-0.057509660720825195,0.7736163139343262,0.7055959701538086,-0.1267150193452835,0.686936616897583,0.7446711659431458,-0.1750965416431427,0.6105473637580872,0.7375094890594482,-0.19806359708309174,0.6596485376358032,0.7715444564819336,-0.02949470840394497,0.7583111524581909,0.8113260865211487,-0.11232911795377731,0.6510367393493652,0.8382282853126526,-0.16499313712120056,0.5787379145622253,0.8117713332176208,-0.18621106445789337,0.6492601633071899,0.8660964369773865,-0.01666095480322838,0.7375456690788269,0.9001218676567078,-0.08790123462677002,0.6332820653915405,0.9090129137039185,-0.10523854196071625,0.5651410818099976,0.8761672973632812,-0.10090107470750809,0.6392731070518494,0.9371708035469055,-0.013746015727519989,0.689634382724762,0.9696815013885498,-0.048447709530591965,0.6240662932395935,0.9650344848632812,-0.04697660729289055,0.5688029527664185,0.9360216856002808,-0.038706012070178986,good(hodai)
0.30889540910720825,0.8072063326835632,-6.337839408843138e-07,0.34657010436058044,0.6967963576316833,-0.10791502147912979,0.41679245233535767,0.5799094438552856,-0.17242252826690674,0.45890700817108154,0.46523264050483704,-0.22155532240867615,0.4585174024105072,0.3581235408782959,-0.2565641701221466,0.5874360203742981,0.6208984851837158,-0.12819260358810425,0.6430429220199585,0.6772627234458923,-0.17175063490867615,0.5373467206954956,0.696694552898407,-0.16368301212787628,0.516154408454895,0.6613950133323669,-0.15512871742248535,0.6008502840995789,0.7090787887573242,-0.09766701608896255,0.6400385499000549,0.7550402283668518,-0.1524331122636795,0.5142114758491516,0.760965883731842,-0.14118413627147675,0.5265684127807617,0.7159006595611572,-0.12701602280139923,0.6009727120399475,0.7936103343963623,-0.07560733705759048,0.6408884525299072,0.8312826156616211,-0.1342756450176239,0.5304231643676758,0.8315507769584656,-0.10900533199310303,0.5260505676269531,0.787397563457489,-0.08527155220508575,0.5986196994781494,0.8579115867614746,-0.061149824410676956,0.6276208162307739,0.8933979272842407,-0.09571127593517303,0.5510566234588623,0.8877934217453003,-0.08031247556209564,0.5345526933670044,0.8542073965072632,-0.06560741364955902,good(hodai)
0.27568715810775757,0.8550808429718018,-4.35777479879107e-07,0.3281852602958679,0.6992080807685852,-0.0856490433216095,0.41109132766723633,0.555332601070404,-0.13551096618175507,0.4606109857559204,0.4137226641178131,-0.18081790208816528,0.46417728066444397,0.2875068783760071,-0.21504832804203033,0.5690603256225586,0.6064475178718567,-0.055232301354408264,0.6991820931434631,0.6274701952934265,-0.10683424025774002,0.5982521772384644,0.6708944439888,-0.12845277786254883,0.5299472212791443,0.6600605249404907,-0.13486549258232117,0.5801358819007874,0.7047014832496643,-0.03482497110962868,0.6886065006256104,0.7310655117034912,-0.09497398138046265,0.5644904971122742,0.7631451487541199,-0.1160961166024208,0.5120218992233276,0.7301201224327087,-0.119659923017025,0.5818270444869995,0.7955051064491272,-0.024770721793174744,0.6822264194488525,0.8144749402999878,-0.0755314975976944,0.5660365223884583,0.8346004486083984,-0.06504810601472855,0.5076651573181152,0.8025287985801697,-0.04777078703045845,0.5790950059890747,0.8635066151618958,-0.02215372957289219,0.6455416083335876,0.8899620175361633,-0.045309655368328094,0.576351523399353,0.8928588628768921,-0.028656093403697014,0.5305891633033752,0.8648906946182251,-0.011577223427593708,good(hodai)
0.34106576442718506,0.8727957010269165,-3.2523141157980717e-07,0.39452728629112244,0.7250428795814514,-0.0782320648431778,0.4776071310043335,0.5890878438949585,-0.12069007754325867,0.527409553527832,0.45664817094802856,-0.15963909029960632,0.5330480933189392,0.3399588167667389,-0.18867644667625427,0.6197023391723633,0.6416456699371338,-0.036004748195409775,0.7389310598373413,0.6665215492248535,-0.08842574805021286,0.6511118412017822,0.7068082690238953,-0.11823563277721405,0.5857386589050293,0.696243405342102,-0.13015864789485931,0.6237866282463074,0.7350051999092102,-0.019234977662563324,0.7270845174789429,0.7658356428146362,-0.08086410164833069,0.6163011789321899,0.798171877861023,-0.11204572021961212,0.5593141317367554,0.7688168883323669,-0.12138329446315765,0.6216644048690796,0.8212541341781616,-0.013247526250779629,0.715898334980011,0.8451656699180603,-0.06577713787555695,0.6085107922554016,0.8642296195030212,-0.06426624208688736,0.5504140257835388,0.8312380909919739,-0.05132760852575302,0.6170265674591064,0.885439395904541,-0.014095490798354149,0.674018383026123,0.9149265289306641,-0.03793016076087952,0.6108324527740479,0.9179283380508423,-0.025538526475429535,0.5683435201644897,0.8895725607872009,-0.01081884652376175,good(hodai)
0.17842039465904236,0.8482829332351685,-5.687929842679296e-07,0.21753954887390137,0.720370352268219,-0.11109387874603271,0.29626864194869995,0.5874649882316589,-0.17853641510009766,0.3463898003101349,0.4566311240196228,-0.23267494142055511,0.3452224135398865,0.3289610743522644,-0.2712036967277527,0.48162841796875,0.6245283484458923,-0.11687616258859634,0.5623272657394409,0.6845651865005493,-0.1671386957168579,0.4429001212120056,0.7161048650741577,-0.16004298627376556,0.4081954061985016,0.6835108995437622,-0.14911743998527527,0.4991319477558136,0.7200644612312317,-0.08680698275566101,0.5600143671035767,0.7702651023864746,-0.14604951441287994,0.41737601161003113,0.7908226251602173,-0.13325537741184235,0.4162806570529938,0.7447419762611389,-0.11549325287342072,0.5052734017372131,0.811582088470459,-0.0678284615278244,0.564481794834137,0.851161777973175,-0.12992075085639954,0.43735355138778687,0.8624864220619202,-0.10150650888681412,0.4160040616989136,0.8151757717132568,-0.07387097179889679,0.5063641667366028,0.8808609843254089,-0.05720660835504532,0.5395262241363525,0.9150215983390808,-0.09260611236095428,0.4560626745223999,0.914509654045105,-0.07706865668296814,0.4323180913925171,0.8784056305885315,-0.06138432025909424,good(hodai)
0.27196457982063293,0.809188961982727,-5.399877522904717e-07,0.30578726530075073,0.7008705139160156,-0.11754737794399261,0.37212899327278137,0.5857635736465454,-0.18957233428955078,0.41569381952285767,0.47245392203330994,-0.24490171670913696,0.42438948154449463,0.36233440041542053,-0.28583741188049316,0.5499661564826965,0.6270499229431152,-0.1430898755788803,0.6010851263999939,0.6877086162567139,-0.19019164144992828,0.4944227933883667,0.7054820656776428,-0.18078088760375977,0.47504517436027527,0.6703939437866211,-0.17073625326156616,0.5650171637535095,0.716341495513916,-0.10923662781715393,0.6011976003646851,0.7673736810684204,-0.1657981276512146,0.4698878526687622,0.7708290219306946,-0.15081772208213806,0.4849950671195984,0.7264043092727661,-0.13422265648841858,0.5681496858596802,0.8030657768249512,-0.08469609916210175,0.6057229042053223,0.843603253364563,-0.14470282196998596,0.48985347151756287,0.8404613137245178,-0.11687734723091125,0.48679232597351074,0.7935843467712402,-0.09222591668367386,0.5697726011276245,0.8688845634460449,-0.06878948211669922,0.5885962843894958,0.9039158225059509,-0.10631357878446579,0.5096094012260437,0.8962966203689575,-0.09315457940101624,0.496358186006546,0.8608413934707642,-0.08026950806379318,good(hodai)
0.21123003959655762,0.9205824136734009,-5.439734991341538e-07,0.2580195665359497,0.7839338779449463,-0.14953310787677765,0.3490278422832489,0.6379905939102173,-0.24062520265579224,0.40950608253479004,0.4991072714328766,-0.31124967336654663,0.4095669388771057,0.36178791522979736,-0.3637804388999939,0.5710477828979492,0.6928769946098328,-0.17033463716506958,0.6363252997398376,0.7719557285308838,-0.23128171265125275,0.5027768015861511,0.7963278293609619,-0.21990585327148438,0.475376695394516,0.7540507316589355,-0.2045411318540573,0.586121678352356,0.8018783330917358,-0.12685079872608185,0.6397720575332642,0.8685092329978943,-0.19980567693710327,0.4697560966014862,0.8734388947486877,-0.17726002633571625,0.4805755615234375,0.8213058710098267,-0.1488046795129776,0.5901405215263367,0.9068567752838135,-0.09668072313070297,0.6457801461219788,0.956096887588501,-0.17605945467948914,0.49592122435569763,0.9547176361083984,-0.13687722384929657,0.4776168465614319,0.9023298025131226,-0.0972902923822403,0.5900868773460388,0.9864313006401062,-0.07755669206380844,0.6223636269569397,1.0214381217956543,-0.12400940805673599,0.5197924971580505,1.0154889822006226,-0.10176775604486465,0.49187034368515015,0.978580117225647,-0.07813460379838943,good(hodai)
0.1919337511062622,0.9028193950653076,-6.740006028849166e-07,0.23486962914466858,0.7796204686164856,-0.14140377938747406,0.31164246797561646,0.6505091190338135,-0.22719721496105194,0.36395955085754395,0.5301812887191772,-0.2928749620914459,0.3652426600456238,0.4057336151599884,-0.3405371606349945,0.5273899435997009,0.6923576593399048,-0.15613329410552979,0.5613501667976379,0.7713093161582947,-0.21409235894680023,0.4473987817764282,0.7869085073471069,-0.2053726613521576,0.4376261830329895,0.7416828274726868,-0.19372834265232086,0.5438599586486816,0.7921929359436035,-0.1162838339805603,0.5689518451690674,0.8583518862724304,-0.18645881116390228,0.41990935802459717,0.856194019317627,-0.1667724847793579,0.44744494557380676,0.8043402433395386,-0.14185766875743866,0.5449934005737305,0.8898284435272217,-0.08965357393026352,0.5759806036949158,0.9402799606323242,-0.16745398938655853,0.4468410015106201,0.934056282043457,-0.13511185348033905,0.44959673285484314,0.8835351467132568,-0.10183577239513397,0.5413268208503723,0.9641045331954956,-0.07345890253782272,0.5536381602287292,1.0004169940948486,-0.11900094896554947,0.46320170164108276,0.9899759888648987,-0.10281261801719666,0.4517174959182739,0.9536927938461304,-0.08516445010900497,good(hodai)
0.22737538814544678,0.963382363319397,-4.777810431733087e-07,0.27467861771583557,0.8035479187965393,-0.12955866754055023,0.37423354387283325,0.6409503817558289,-0.2058589607477188,0.44515591859817505,0.48235034942626953,-0.2685043215751648,0.4544668197631836,0.34077104926109314,-0.3135232627391815,0.5792953372001648,0.6857979893684387,-0.10849510133266449,0.7080684900283813,0.7418436408042908,-0.1798565536737442,0.5775746703147888,0.7980006337165833,-0.19038580358028412,0.5021913051605225,0.7793360948562622,-0.18282727897167206,0.5980652570724487,0.7917203903198242,-0.07216950505971909,0.7081670165061951,0.8405884504318237,-0.15563425421714783,0.5354536175727844,0.8788208961486816,-0.15826132893562317,0.4879295229911804,0.8322923183441162,-0.138445645570755,0.6092708110809326,0.8939322829246521,-0.05088479816913605,0.7084835171699524,0.929651141166687,-0.13208448886871338,0.5546362400054932,0.9523123502731323,-0.10672016441822052,0.4924810826778412,0.9118545651435852,-0.06874839216470718,0.6152933835983276,0.9728752374649048,-0.03882800415158272,0.6854264140129089,0.9963998794555664,-0.07895376533269882,0.5804323554039001,1.0024526119232178,-0.055349912494421005,0.5251476764678955,0.9763314723968506,-0.026544759050011635,good(hodai)
0.278106689453125,0.9807138442993164,-8.405287132973172e-08,0.30551159381866455,0.8200448751449585,-0.17362216114997864,0.4007447361946106,0.6443331241607666,-0.25430160760879517,0.46966928243637085,0.48992592096328735,-0.3113839626312256,0.49486634135246277,0.3539896309375763,-0.3457321524620056,0.6062871813774109,0.680976390838623,-0.11159524321556091,0.7490806579589844,0.7459730505943298,-0.19140233099460602,0.6350055932998657,0.8155474662780762,-0.20409725606441498,0.5440410375595093,0.8066325187683105,-0.19111254811286926,0.621516227722168,0.785973846912384,-0.04758021980524063,0.7556643486022949,0.8441470265388489,-0.1409989446401596,0.585887610912323,0.9027466773986816,-0.1416463404893875,0.5175951719284058,0.8646917343139648,-0.10981806367635727,0.6321718692779541,0.8819078207015991,-0.006230182014405727,0.7329332828521729,0.9307070970535278,-0.10412705689668655,0.5789593458175659,0.9670979380607605,-0.08414474874734879,0.5128921270370483,0.9281244874000549,-0.03874371573328972,0.6438992023468018,0.9539144039154053,0.023410964757204056,0.7149549722671509,0.9948329329490662,-0.027560830116271973,0.6079844236373901,1.0113989114761353,-0.010328289121389389,0.5552183985710144,0.9827097058296204,0.019762840121984482,good(hodai)
0.24519282579421997,0.9598158597946167,-2.1455173282447504e-07,0.30219799280166626,0.8022149801254272,-0.13229766488075256,0.40119361877441406,0.6370970010757446,-0.19984260201454163,0.4594051241874695,0.47583064436912537,-0.2530048191547394,0.46069401502609253,0.3395276963710785,-0.28922364115715027,0.5715300440788269,0.6886987686157227,-0.08120418339967728,0.7111520767211914,0.7226592898368835,-0.14926189184188843,0.6036239266395569,0.7845856547355652,-0.17532038688659668,0.5219045877456665,0.7760648131370544,-0.17895756661891937,0.5866020321846008,0.7918608784675598,-0.03707866743206978,0.7069001197814941,0.8259871602058411,-0.11857135593891144,0.567652702331543,0.8780481815338135,-0.14139676094055176,0.4977797269821167,0.8446716070175171,-0.136231929063797,0.5925590991973877,0.887236475944519,-0.009311428293585777,0.6941475868225098,0.9160851240158081,-0.08542328327894211,0.5691013932228088,0.9475996494293213,-0.07976597547531128,0.49495571851730347,0.9163322448730469,-0.05464809015393257,0.5966469645500183,0.9581345319747925,0.008913708850741386,0.6652670502662659,0.9804518222808838,-0.027539359405636787,0.5821695327758789,0.9899625778198242,-0.01521873939782381,0.5230531692504883,0.966789960861206,0.004756998736411333,good(hodai)
0.27857184410095215,0.8971241116523743,5.663475466377577e-09,0.3426395058631897,0.7548035979270935,-0.13134878873825073,0.41747575998306274,0.6043838262557983,-0.20557677745819092,0.4635933041572571,0.44828730821609497,-0.2664276659488678,0.4654471278190613,0.31142520904541016,-0.3142867386341095,0.6146767139434814,0.6685976386070251,-0.10954039543867111,0.7008461356163025,0.7042255401611328,-0.17307505011558533,0.601576030254364,0.746484100818634,-0.1995222568511963,0.5368501543998718,0.736762523651123,-0.20874619483947754,0.6196817755699158,0.7774004340171814,-0.07400836795568466,0.7048752307891846,0.8105000257492065,-0.1552744209766388,0.5865262746810913,0.8409518599510193,-0.18842795491218567,0.5196354985237122,0.8160094022750854,-0.1962447613477707,0.6127429008483887,0.8756284713745117,-0.05216889828443527,0.6883015036582947,0.9012182354927063,-0.12020105123519897,0.5780912637710571,0.9142385125160217,-0.12536239624023438,0.5140540599822998,0.8826342821121216,-0.114593006670475,0.5999225974082947,0.9485107660293579,-0.042035456746816635,0.6346713900566101,0.9735473394393921,-0.0782914087176323,0.5708723664283752,0.9707472324371338,-0.07859834283590317,0.526691734790802,0.9418678283691406,-0.07164042443037033,good(hodai)
0.3665497303009033,0.8908460140228271,-3.793727785250667e-07,0.4221186339855194,0.7448334693908691,-0.07924497127532959,0.4993557929992676,0.6073152422904968,-0.12092265486717224,0.5472062826156616,0.4757414758205414,-0.15935374796390533,0.5512399673461914,0.36103928089141846,-0.18690472841262817,0.6338779330253601,0.6650950908660889,-0.022619333118200302,0.7480088472366333,0.6888038516044617,-0.08152537047863007,0.6613932251930237,0.7331674098968506,-0.12157240509986877,0.5939963459968567,0.7278206944465637,-0.13990095257759094,0.6361595988273621,0.7571396231651306,-0.006031596101820469,0.7410585284233093,0.7876778841018677,-0.07436782121658325,0.6330323219299316,0.8231385946273804,-0.1146017462015152,0.5708821415901184,0.7956544756889343,-0.1285964697599411,0.632183849811554,0.8432671427726746,-0.0017434355104342103,0.7224195003509521,0.8674986958503723,-0.05966345593333244,0.6207647919654846,0.8872626423835754,-0.06413105875253677,0.5620335340499878,0.8545596599578857,-0.05322550982236862,0.6272335648536682,0.9095954298973083,-0.004251048434525728,0.6845880746841431,0.9397321939468384,-0.02672756463289261,0.6226215362548828,0.9403259754180908,-0.014419159851968288,0.5780654549598694,0.9110800623893738,0.0003249378059990704,good(hodai)
0.34451571106910706,0.907072126865387,-3.49870163063315e-07,0.4039791226387024,0.7580417394638062,-0.0995149165391922,0.47998011112213135,0.6194123029708862,-0.15793904662132263,0.527213454246521,0.4772755801677704,-0.20689533650875092,0.524711012840271,0.3499642014503479,-0.2457800954580307,0.6598143577575684,0.6802189350128174,-0.08020332455635071,0.7337555289268494,0.7298067212104797,-0.12497679144144058,0.6334967017173767,0.7598884105682373,-0.14117075502872467,0.5685667991638184,0.7370539903640747,-0.14712773263454437,0.6647601127624512,0.778616189956665,-0.056055448949337006,0.7371572256088257,0.8231911063194275,-0.1103673055768013,0.6215744018554688,0.8455941081047058,-0.12913115322589874,0.5658449530601501,0.8139320015907288,-0.13428322970867157,0.6564546823501587,0.868400514125824,-0.04196495562791824,0.7233636975288391,0.9069206118583679,-0.09317702054977417,0.6125074028968811,0.9151105880737305,-0.08776634931564331,0.5553324818611145,0.8790208697319031,-0.07552807033061981,0.6424306631088257,0.9371095299720764,-0.03615459054708481,0.6804348826408386,0.9726552367210388,-0.0626293495297432,0.6079100370407104,0.9666056036949158,-0.051155079156160355,0.562692403793335,0.9332558512687683,-0.0391223169863224,good(hodai)
0.3911161720752716,0.868682324886322,-3.329171818222676e-07,0.4492115378379822,0.7221789360046387,-0.08614503592252731,0.5304327011108398,0.5870090126991272,-0.1263193041086197,0.579723596572876,0.4568213224411011,-0.16122622787952423,0.5828275680541992,0.3433281183242798,-0.18291637301445007,0.6604647636413574,0.6362939476966858,-0.020686272531747818,0.7774302363395691,0.6602264046669006,-0.0798160582780838,0.6887187957763672,0.7041459083557129,-0.11355813592672348,0.6199400424957275,0.6955165863037109,-0.1250896155834198,0.6645596027374268,0.7285767197608948,0.0020343211945146322,0.7688629627227783,0.7560811638832092,-0.06811331957578659,0.6592277884483337,0.7928663492202759,-0.10519738495349884,0.6018251180648804,0.7648139595985413,-0.11492910981178284,0.6622432470321655,0.8141888380050659,0.010993706062436104,0.752875804901123,0.8338634371757507,-0.05126006156206131,0.6504991054534912,0.8562090396881104,-0.05622093006968498,0.5931732058525085,0.8239499926567078,-0.04337853565812111,0.6581736207008362,0.877019464969635,0.013086367398500443,0.7168771028518677,0.9053811430931091,-0.013445749878883362,0.6553584933280945,0.9094986319541931,-0.004295230843126774,0.6118483543395996,0.8822972178459167,0.00976038072258234,good(hodai)
0.6679904460906982,0.8992623090744019,-1.8929007694623579e-07,0.6662375926971436,0.7587195038795471,-0.07999076694250107,0.5805462598800659,0.5992944240570068,-0.11638722568750381,0.5135181546211243,0.48432543873786926,-0.14275263249874115,0.4991867244243622,0.3767096698284149,-0.15652798116207123,0.3336690664291382,0.6581974029541016,-0.06996526569128036,0.31390896439552307,0.7007268667221069,-0.14260472357273102,0.4095679521560669,0.7193544507026672,-0.17991089820861816,0.44717302918434143,0.6912288069725037,-0.20076996088027954,0.3066994547843933,0.7655235528945923,-0.0624329075217247,0.3138508200645447,0.8195470571517944,-0.1285567432641983,0.42620593309402466,0.8188377022743225,-0.14191246032714844,0.4455289840698242,0.7761616706848145,-0.14608807861804962,0.3143375813961029,0.8668004870414734,-0.06701024621725082,0.32084140181541443,0.9055696129798889,-0.13636593520641327,0.4244418442249298,0.8944799900054932,-0.12137319147586823,0.44525542855262756,0.8496280908584595,-0.10168302804231644,0.3428681492805481,0.9515341520309448,-0.0791269838809967,0.3403358459472656,0.9745972156524658,-0.12111713737249374,0.4151904881000519,0.9610671997070312,-0.10670746117830276,0.4407489001750946,0.9291501045227051,-0.08783867210149765,good(hodai)
0.17412659525871277,0.904048502445221,-4.199786189929e-07,0.2137879729270935,0.7695618271827698,-0.14497238397598267,0.2939297556877136,0.6198562383651733,-0.23729470372200012,0.34749138355255127,0.4744422733783722,-0.31054237484931946,0.3540799617767334,0.3308130204677582,-0.36652451753616333,0.5285687446594238,0.670238733291626,-0.17157670855522156,0.5958732962608337,0.7557253241539001,-0.23112693428993225,0.4652083218097687,0.7831299901008606,-0.2216171771287918,0.43266743421554565,0.7407086491584778,-0.20829419791698456,0.5499967336654663,0.7772974371910095,-0.13009074330329895,0.6038766503334045,0.8507883548736572,-0.19490982592105865,0.4351804852485657,0.8580554723739624,-0.17299140989780426,0.44092845916748047,0.8047965168952942,-0.14892113208770752,0.558484673500061,0.8808373212814331,-0.10060718655586243,0.6201096773147583,0.93912273645401,-0.1705976277589798,0.4666456878185272,0.9409829378128052,-0.129322350025177,0.43661338090896606,0.8866521120071411,-0.09250108897686005,0.5571204423904419,0.9559047222137451,-0.08231647312641144,0.5902876853942871,0.9975827932357788,-0.12653906643390656,0.48927196860313416,0.9940773248672485,-0.10400349646806717,0.4567142724990845,0.95405113697052,-0.08117453008890152,good(hodai)
0.14076930284500122,0.8810582756996155,-1.1664408816614014e-07,0.17623582482337952,0.755699634552002,-0.15579745173454285,0.24840213358402252,0.6115870475769043,-0.2609599828720093,0.3098372519016266,0.4849614202976227,-0.34418681263923645,0.33237749338150024,0.3549953103065491,-0.4081973135471344,0.5143333673477173,0.6745786666870117,-0.19947850704193115,0.5470942854881287,0.7580097317695618,-0.2558433711528778,0.4193859100341797,0.7758119702339172,-0.23912186920642853,0.38982945680618286,0.7354444861412048,-0.2219093143939972,0.5417529940605164,0.7864124774932861,-0.15426728129386902,0.5776025056838989,0.8572084307670593,-0.21503786742687225,0.41122493147850037,0.8496909737586975,-0.18375112116336823,0.41963693499565125,0.8075343370437622,-0.15386801958084106,0.5449485182762146,0.893899142742157,-0.12002397328615189,0.5939942002296448,0.9533032178878784,-0.18388818204402924,0.4457792043685913,0.9474177360534668,-0.14091700315475464,0.4218652546405792,0.8969867825508118,-0.10549048334360123,0.5321630239486694,0.9748240113258362,-0.09804877638816833,0.5537153482437134,1.0127193927764893,-0.14055922627449036,0.460126131772995,1.0040819644927979,-0.12185411155223846,0.43629321455955505,0.9630919694900513,-0.10311178863048553,good(hodai)
0.35192328691482544,0.8812873363494873,-3.3935904752979695e-07,0.3980816900730133,0.7302432656288147,-0.09106433391571045,0.4723294973373413,0.5882148742675781,-0.14584192633628845,0.5153785943984985,0.4472437798976898,-0.19460445642471313,0.517606794834137,0.3245794177055359,-0.23320072889328003,0.624796450138092,0.6359555721282959,-0.07485705614089966,0.7459071278572083,0.657532811164856,-0.13196071982383728,0.6559711694717407,0.7065837979316711,-0.15596641600131989,0.5873235464096069,0.7016772031784058,-0.16399212181568146,0.6353959441184998,0.7329330444335938,-0.05530168116092682,0.735845685005188,0.7598863840103149,-0.12071261554956436,0.6214503049850464,0.7976300716400146,-0.1427508145570755,0.5670389533042908,0.7684348821640015,-0.14745302498340607,0.6385402679443359,0.8226850032806396,-0.046005431562662125,0.7299357652664185,0.8405272364616394,-0.10214004665613174,0.6199727058410645,0.8628193736076355,-0.0913584902882576,0.5630131959915161,0.831209659576416,-0.0739375650882721,0.636734127998352,0.8892155885696411,-0.044789500534534454,0.6959826350212097,0.9143220782279968,-0.073069266974926,0.6292297840118408,0.9203026294708252,-0.05722373351454735,0.5835679769515991,0.8931201696395874,-0.040571875870227814,good(hodai)
0.6475815773010254,0.8802394270896912,-2.3587186603890586e-07,0.6356158256530762,0.7382037043571472,-0.08740389347076416,0.5456615686416626,0.5891194343566895,-0.1295960247516632,0.4734387993812561,0.4731367230415344,-0.1622319221496582,0.4531894326210022,0.3655673563480377,-0.18305061757564545,0.31995800137519836,0.6661779880523682,-0.07725787907838821,0.24531899392604828,0.6993725299835205,-0.15830160677433014,0.35254210233688354,0.721401572227478,-0.19488082826137543,0.421220988035202,0.7043672204017639,-0.20923398435115814,0.3001071810722351,0.7711482644081116,-0.06579504162073135,0.24169881641864777,0.8178419470787048,-0.1453082412481308,0.36517074704170227,0.8190255761146545,-0.159430593252182,0.4194084405899048,0.7844097018241882,-0.1575009673833847,0.3089568018913269,0.8673447370529175,-0.06803816556930542,0.2501569986343384,0.9072782397270203,-0.1518172174692154,0.36324453353881836,0.89603590965271,-0.14181603491306305,0.4204496145248413,0.8584249019622803,-0.11806891113519669,0.3364740312099457,0.951468825340271,-0.07722657918930054,0.2786111831665039,0.9797227382659912,-0.13076277077198029,0.3587013781070709,0.9630837440490723,-0.12187755852937698,0.4117978811264038,0.9334771633148193,-0.10250362753868103,good(hodai)
0.6638906002044678,0.861542820930481,-2.38528031104579e-07,0.6580461263656616,0.7210327386856079,-0.10503794252872467,0.5602138042449951,0.5636059045791626,-0.1525772213935852,0.4841618537902832,0.44556230306625366,-0.18642552196979523,0.464307576417923,0.3357899785041809,-0.20546582341194153,0.32860130071640015,0.6520764231681824,-0.10351739823818207,0.24659812450408936,0.6900444030761719,-0.1984129697084427,0.3582129180431366,0.707669734954834,-0.23892681300640106,0.42378926277160645,0.6858481168746948,-0.25448620319366455,0.3076964020729065,0.7661482691764832,-0.08648734539747238,0.24472984671592712,0.8136934041976929,-0.18115389347076416,0.37651610374450684,0.8145982623100281,-0.193900004029274,0.42362499237060547,0.7738599181175232,-0.1882990598678589,0.31652402877807617,0.8662348985671997,-0.08524386584758759,0.2612305283546448,0.9112193584442139,-0.18207450211048126,0.37947481870651245,0.8979170322418213,-0.16373494267463684,0.42581021785736084,0.8519333600997925,-0.13167986273765564,0.3447381258010864,0.9499711990356445,-0.09267101436853409,0.28870898485183716,0.982647180557251,-0.15380045771598816,0.3739180266857147,0.965002179145813,-0.1401752382516861,0.4201686978340149,0.9307120442390442,-0.11579747498035431,good(hodai)
0.5644404292106628,0.8985685110092163,1.3392887865393277e-07,0.5326533317565918,0.7546184062957764,-0.06299678236246109,0.4558483958244324,0.5752505660057068,-0.07864414155483246,0.38679370284080505,0.4249449670314789,-0.09088142216205597,0.3803479075431824,0.3155113756656647,-0.09344836324453354,0.3099571466445923,0.6224360466003418,0.04923927038908005,0.22077488899230957,0.6163738965988159,0.016810094937682152,0.28213128447532654,0.6493142247200012,-0.010310551151633263,0.3424159586429596,0.6212493777275085,-0.027906572446227074,0.30892884731292725,0.7171339392662048,0.062102895230054855,0.21688686311244965,0.7297238111495972,0.023079318925738335,0.302531361579895,0.7501322031021118,-0.007887779735028744,0.35300594568252563,0.7181676030158997,-0.02480410784482956,0.30884140729904175,0.807845413684845,0.059678129851818085,0.21905064582824707,0.8294581174850464,0.009728207252919674,0.30966243147850037,0.8357018232345581,-0.003856687108054757,0.37470561265945435,0.7981083393096924,-0.004495438653975725,0.32604658603668213,0.8811722993850708,0.052382491528987885,0.24440845847129822,0.9006077647209167,0.02695344388484955,0.310398131608963,0.9009206295013428,0.028774404898285866,0.37105661630630493,0.8770743608474731,0.03559952601790428,good(hodai)
0.4695265293121338,0.4599362015724182,-4.749344668653066e-07,0.5266237854957581,0.6718502044677734,-0.07189030945301056,0.5960886478424072,0.8277276158332825,-0.1760895550251007,0.7187498211860657,0.8597016930580139,-0.27414166927337646,0.8134102821350098,0.8094033002853394,-0.3740089535713196,0.3802005350589752,0.9062750339508057,-0.2512977123260498,0.6203044652938843,1.0475807189941406,-0.37734830379486084,0.7092740535736084,0.97088623046875,-0.42871156334877014,0.6949765682220459,0.8800145983695984,-0.45491454005241394,0.3426278829574585,0.785767674446106,-0.280362993478775,0.6235912442207336,0.9218170642852783,-0.4022774398326874,0.7095350027084351,0.8515286445617676,-0.4106983542442322,0.684097409248352,0.7899885773658752,-0.41003939509391785,0.36541855335235596,0.63841712474823,-0.31065821647644043,0.6511480212211609,0.7518023252487183,-0.4087859094142914,0.7025291919708252,0.6995164155960083,-0.3689482808113098,0.6436002254486084,0.660095751285553,-0.33663371205329895,0.4264087677001953,0.4962422847747803,-0.3446089029312134,0.6701626777648926,0.5754773616790771,-0.4159398674964905,0.7063276171684265,0.5561134815216064,-0.38683003187179565,0.6479711532592773,0.5323511362075806,-0.35884803533554077,good(hodai)
0.4767395257949829,0.764103889465332,-7.52159735384339e-07,0.518817126750946,0.6413531303405762,-0.16711942851543427,0.5322797894477844,0.519632875919342,-0.29465556144714355,0.5131365060806274,0.4344065487384796,-0.3894307315349579,0.4870567321777344,0.35482755303382874,-0.4688670039176941,0.36205893754959106,0.5981212258338928,-0.3476679027080536,0.5386803150177002,0.6582704186439514,-0.4607993960380554,0.5864759683609009,0.6408111453056335,-0.4797391891479492,0.5411447286605835,0.6449733376502991,-0.48561525344848633,0.3092847764492035,0.7419096827507019,-0.3064839541912079,0.5677815675735474,0.8162199854850769,-0.4216613471508026,0.6016747951507568,0.7622142434120178,-0.40235310792922974,0.5365755558013916,0.7367523908615112,-0.3824765682220459,0.30680689215660095,0.8704843521118164,-0.26854366064071655,0.5496481657028198,0.9282883405685425,-0.364117294549942,0.575672447681427,0.8579255938529968,-0.32320940494537354,0.5066951513290405,0.8273137211799622,-0.28894346952438354,0.33259308338165283,0.9816293716430664,-0.24412785470485687,0.5109566450119019,1.010710597038269,-0.30966535210609436,0.5503064393997192,0.9526639580726624,-0.2981623113155365,0.5044770836830139,0.9119783043861389,-0.2813584506511688,good(hodai)
0.5321083068847656,0.7870489954948425,4.3346551592549076e-07,0.5532594919204712,0.6508599519729614,-0.11859235167503357,0.5332573056221008,0.5137098431587219,-0.19307532906532288,0.5271530747413635,0.39520174264907837,-0.2469552904367447,0.4989394545555115,0.2885301113128662,-0.28980356454849243,0.35871851444244385,0.5392069816589355,-0.2349744439125061,0.5484362244606018,0.5715640187263489,-0.3556295335292816,0.578666627407074,0.5619004964828491,-0.40911248326301575,0.5407822132110596,0.5551974773406982,-0.4370001554489136,0.31298795342445374,0.6635189056396484,-0.2149687111377716,0.5914766192436218,0.7211547493934631,-0.31045499444007874,0.5839347243309021,0.6898205280303955,-0.30776309967041016,0.483447790145874,0.6746903657913208,-0.3034784495830536,0.3176484704017639,0.786812961101532,-0.2055434286594391,0.5667979121208191,0.8347300887107849,-0.2864367961883545,0.5546326041221619,0.791357696056366,-0.23388108611106873,0.4660855829715729,0.7550048232078552,-0.19156807661056519,0.3443523347377777,0.8971027135848999,-0.21083825826644897,0.5195565223693848,0.9235763549804688,-0.29432716965675354,0.5331851243972778,0.8874814510345459,-0.28844186663627625,0.48449355363845825,0.8499936461448669,-0.26777365803718567,good(hodai)
0.5182609558105469,0.8136679530143738,-7.269403567988775e-07,0.5808153748512268,0.6471695899963379,-0.06929381191730499,0.5954705476760864,0.48307543992996216,-0.1811022311449051,0.5861905813217163,0.3606700003147125,-0.2806028723716736,0.5677950382232666,0.2597768306732178,-0.3906232714653015,0.43326008319854736,0.5097928047180176,-0.36198243498802185,0.6483021378517151,0.5508137345314026,-0.48094281554222107,0.6762426495552063,0.5832092761993408,-0.5188753604888916,0.6464398503303528,0.5984367728233337,-0.5287067294120789,0.3742062747478485,0.6639645099639893,-0.3679710030555725,0.709396481513977,0.7448059916496277,-0.4830666184425354,0.6829074025154114,0.7236576080322266,-0.46797606348991394,0.5753013491630554,0.6990331411361694,-0.44756731390953064,0.36791369318962097,0.8213966488838196,-0.3617808520793915,0.679894745349884,0.8956555724143982,-0.4538467526435852,0.6482940912246704,0.8641085624694824,-0.4156731069087982,0.5499169230461121,0.8456419706344604,-0.37678655982017517,0.39379367232322693,0.9601995348930359,-0.3555821478366852,0.6367051005363464,1.0240365266799927,-0.41740989685058594,0.6138820648193359,0.9942973852157593,-0.3841288089752197,0.5281869173049927,0.9617416262626648,-0.353369802236557,good(hodai)
0.5360837578773499,0.7537471652030945,1.5668148023451067e-07,0.551567554473877,0.6358504295349121,-0.10946809500455856,0.619468629360199,0.47522327303886414,-0.2259918451309204,0.6166659593582153,0.3154212236404419,-0.3128356337547302,0.5710829496383667,0.15806803107261658,-0.38965919613838196,0.46815550327301025,0.5633417963981628,-0.37747666239738464,0.7342698574066162,0.6054824590682983,-0.4978066384792328,0.7373466491699219,0.5927292108535767,-0.5395747423171997,0.6689793467521667,0.5656035542488098,-0.5526555776596069,0.42786189913749695,0.711638867855072,-0.363221138715744,0.7479893565177917,0.7860596776008606,-0.46840614080429077,0.7420469522476196,0.7468870878219604,-0.4487053155899048,0.6560482978820801,0.7099465727806091,-0.4321591258049011,0.4248999059200287,0.8457003831863403,-0.3415083885192871,0.7162247896194458,0.9107632637023926,-0.4039268493652344,0.7017825245857239,0.8727536201477051,-0.33525142073631287,0.6165427565574646,0.8452177047729492,-0.2878204882144928,0.44146841764450073,0.950219452381134,-0.3260420262813568,0.6345996856689453,0.9984877109527588,-0.35015052556991577,0.6371243000030518,0.9749249815940857,-0.29906541109085083,0.5768949389457703,0.9612497091293335,-0.2676983177661896,good(hodai)
0.5853250622749329,0.8013672232627869,-4.021376298624091e-07,0.618139386177063,0.6343614459037781,-0.05140073969960213,0.6246278882026672,0.46426546573638916,-0.15068498253822327,0.6041532754898071,0.31050175428390503,-0.23913954198360443,0.5831233263015747,0.1819114089012146,-0.3337642252445221,0.4945450723171234,0.5319651365280151,-0.32263991236686707,0.7413225173950195,0.5647104382514954,-0.4194972515106201,0.7897520065307617,0.5928568840026855,-0.44214579463005066,0.7414289116859436,0.6036360263824463,-0.4389491677284241,0.4580838084220886,0.6797966361045837,-0.3269074857234955,0.7883822321891785,0.731873095035553,-0.4173450171947479,0.7734965085983276,0.7300068736076355,-0.39454931020736694,0.669349193572998,0.720693826675415,-0.3676525056362152,0.45964327454566956,0.8249345421791077,-0.31780749559402466,0.7590027451515198,0.8644241690635681,-0.3746081590652466,0.7243946194648743,0.8466978669166565,-0.3182494044303894,0.6275961399078369,0.8383115530014038,-0.2713380753993988,0.48200470209121704,0.9506489038467407,-0.30918633937835693,0.7106028199195862,0.9724242687225342,-0.3514615297317505,0.6916544437408447,0.9483463764190674,-0.31189703941345215,0.6115677356719971,0.9305312633514404,-0.2762084901332855,good(hodai)
0.5389993786811829,0.8047125339508057,-6.408811827895988e-07,0.5884474515914917,0.6550431251525879,-0.045184627175331116,0.6341230869293213,0.5143238306045532,-0.1310059130191803,0.6292606592178345,0.3834590017795563,-0.20690356194972992,0.6091759204864502,0.26657068729400635,-0.287339448928833,0.5586941242218018,0.5970468521118164,-0.288710355758667,0.7993425726890564,0.627469539642334,-0.3636409342288971,0.7972066402435303,0.641048014163971,-0.3665885329246521,0.7244318723678589,0.6362674236297607,-0.35344892740249634,0.5310720801353455,0.7345545291900635,-0.291985422372818,0.8279399275779724,0.7721116542816162,-0.35843485593795776,0.7828167080879211,0.7629731297492981,-0.32779431343078613,0.6827768683433533,0.7465305924415588,-0.3002210259437561,0.5293086767196655,0.8645178079605103,-0.28287848830223083,0.8018309473991394,0.891040563583374,-0.31924137473106384,0.7474563717842102,0.8728196620941162,-0.2659289538860321,0.658519983291626,0.8614386320114136,-0.22953978180885315,0.5444139242172241,0.9750885367393494,-0.2741096019744873,0.7562602758407593,0.9764012098312378,-0.30985280871391296,0.7165898680686951,0.9573596715927124,-0.27894866466522217,0.638351321220398,0.948914647102356,-0.2539404332637787,good(hodai)
0.5175639986991882,0.9816234707832336,-6.877536407046136e-07,0.5358749628067017,0.8351222276687622,-0.11481732875108719,0.5656948089599609,0.7108375430107117,-0.22589236497879028,0.6005442142486572,0.6506391167640686,-0.3163761496543884,0.6333480477333069,0.6306155920028687,-0.4068553149700165,0.5334529876708984,0.8596250414848328,-0.29484590888023376,0.6885650753974915,0.7855044603347778,-0.3778192400932312,0.7030268311500549,0.7680822610855103,-0.4113311171531677,0.688596248626709,0.7735856175422668,-0.43012773990631104,0.535864531993866,0.9721875190734863,-0.2733283042907715,0.7057590484619141,0.906829833984375,-0.3383845090866089,0.706065833568573,0.8778789639472961,-0.3409408628940582,0.6744229793548584,0.8691446185112,-0.35224947333335876,0.5595663189888,1.0663789510726929,-0.24761730432510376,0.7148510813713074,1.0062599182128906,-0.29364654421806335,0.7093291878700256,0.9703599810600281,-0.27116450667381287,0.6775023341178894,0.9601439237594604,-0.2652396559715271,0.5994093418121338,1.1412897109985352,-0.23026759922504425,0.7115560173988342,1.1012308597564697,-0.2686673104763031,0.7089552283287048,1.0602141618728638,-0.25383710861206055,0.6858242154121399,1.0438728332519531,-0.2451132982969284,good(hodai)
0.5564889907836914,0.8413527011871338,-5.572763939198921e-07,0.587490439414978,0.7190307974815369,-0.17225277423858643,0.5859417915344238,0.5984479188919067,-0.30164000391960144,0.5521640181541443,0.49105602502822876,-0.3962878882884979,0.5130889415740967,0.3882620334625244,-0.47388535737991333,0.42078500986099243,0.700517475605011,-0.3549065589904785,0.604499101638794,0.7768361568450928,-0.46517524123191833,0.6335211992263794,0.7443865537643433,-0.4764259457588196,0.5787529349327087,0.7307231426239014,-0.47471508383750916,0.36911287903785706,0.8271867036819458,-0.3078981339931488,0.6087522506713867,0.9039778113365173,-0.4167516827583313,0.6274994015693665,0.8527159094810486,-0.3945843279361725,0.5709624290466309,0.827820897102356,-0.3729565739631653,0.3609085977077484,0.9354084730148315,-0.2638450264930725,0.5815404653549194,0.9935133457183838,-0.3512287139892578,0.5992200970649719,0.9384600520133972,-0.31009456515312195,0.5438219308853149,0.9181162714958191,-0.27636393904685974,0.3756682276725769,1.0285475254058838,-0.23419229686260223,0.5236921310424805,1.0649299621582031,-0.3023063838481903,0.547834575176239,1.0226185321807861,-0.297385036945343,0.5087615847587585,0.998480498790741,-0.2830441892147064,good(hodai)
0.6292759776115417,0.8014791011810303,-4.0348248830923694e-07,0.6393768787384033,0.6726692318916321,-0.14770649373531342,0.5881936550140381,0.5623002052307129,-0.23556849360466003,0.5332382321357727,0.47420787811279297,-0.30384939908981323,0.4991834759712219,0.3689374029636383,-0.35762402415275574,0.3556758761405945,0.6408698558807373,-0.1717097908258438,0.386719673871994,0.7232341170310974,-0.2760709226131439,0.4844052195549011,0.7170960903167725,-0.3122873902320862,0.48775622248649597,0.6805605292320251,-0.32660427689552307,0.32864511013031006,0.7474378347396851,-0.14027732610702515,0.37577641010284424,0.82607501745224,-0.2418239563703537,0.5020915865898132,0.8053598999977112,-0.23696132004261017,0.4883632957935333,0.7633679509162903,-0.2188081443309784,0.33559417724609375,0.842941164970398,-0.12625357508659363,0.3774164319038391,0.9134273529052734,-0.22706469893455505,0.49147456884384155,0.8884384036064148,-0.19256694614887238,0.48359251022338867,0.8412123918533325,-0.1532188355922699,0.3546995520591736,0.9237955808639526,-0.1258668601512909,0.3863751292228699,0.9802655577659607,-0.18820856511592865,0.47352737188339233,0.9524065256118774,-0.172173410654068,0.48516136407852173,0.9092296361923218,-0.1491163671016693,good(hodai)
0.6470223665237427,0.8208141922950745,-3.127670993308129e-07,0.6461410522460938,0.6899287104606628,-0.15088161826133728,0.5862042307853699,0.5828707218170166,-0.23958835005760193,0.5245692729949951,0.495930016040802,-0.3071995675563812,0.49263232946395874,0.38965749740600586,-0.3590581715106964,0.35835981369018555,0.660871148109436,-0.1707264930009842,0.3673267662525177,0.7465059757232666,-0.272442102432251,0.4674069285392761,0.7474620938301086,-0.3038221299648285,0.47108736634254456,0.7111772298812866,-0.31432849168777466,0.3384883999824524,0.7650684118270874,-0.1349751204252243,0.35580918192863464,0.8428621292114258,-0.23678596317768097,0.48563170433044434,0.825354278087616,-0.22804388403892517,0.47206735610961914,0.7788031101226807,-0.20525681972503662,0.3439144194126129,0.8569962382316589,-0.11690721660852432,0.3584895133972168,0.9321168661117554,-0.21807968616485596,0.4783722758293152,0.9072126150131226,-0.17956531047821045,0.47537773847579956,0.8532599806785583,-0.13602189719676971,0.3596034348011017,0.9370090365409851,-0.11230508238077164,0.37295001745224,0.9985323548316956,-0.17327696084976196,0.4648718535900116,0.9696775078773499,-0.15448947250843048,0.484016090631485,0.9212656021118164,-0.128745898604393,good(hodai)
0.6558384299278259,0.8287562131881714,-6.74220132168557e-07,0.6568911671638489,0.6983379125595093,-0.12099911272525787,0.5959752202033997,0.5860924124717712,-0.19336004555225372,0.5303335189819336,0.49599745869636536,-0.25094443559646606,0.48958534002304077,0.393122136592865,-0.2932542562484741,0.366991251707077,0.6641097068786621,-0.12658169865608215,0.3898693323135376,0.748776376247406,-0.22129112482070923,0.493257999420166,0.7449831962585449,-0.2539960443973541,0.4910893142223358,0.7086545825004578,-0.26671677827835083,0.3424482047557831,0.7677663564682007,-0.10493795573711395,0.3799538016319275,0.8477100133895874,-0.1964617669582367,0.508210301399231,0.8287805318832397,-0.18896368145942688,0.49377477169036865,0.7855623960494995,-0.16803322732448578,0.34871265292167664,0.8617777824401855,-0.0999547615647316,0.38357293605804443,0.9326872229576111,-0.19146323204040527,0.5036574006080627,0.9074941873550415,-0.15366347134113312,0.4943259656429291,0.8561334013938904,-0.11090737581253052,0.3684374988079071,0.9412469863891602,-0.1066797524690628,0.398719847202301,0.9974734783172607,-0.15874707698822021,0.4880858063697815,0.9686420559883118,-0.13647526502609253,0.49808329343795776,0.9174111485481262,-0.10777156800031662,good(hodai)
0.6663444638252258,0.8199809789657593,-1.025391682674126e-07,0.6566406488418579,0.6944385766983032,-0.1439746469259262,0.5877832770347595,0.5872536897659302,-0.23139743506908417,0.5170024633407593,0.49355918169021606,-0.29966631531715393,0.4791240096092224,0.38865333795547485,-0.351676881313324,0.34968024492263794,0.6479630470275879,-0.14970330893993378,0.3379960060119629,0.7427210211753845,-0.2474418431520462,0.44097617268562317,0.7500879168510437,-0.2781056761741638,0.4561120271682739,0.719285786151886,-0.2884003520011902,0.32765302062034607,0.7535702586174011,-0.1174076497554779,0.338436484336853,0.8275136351585388,-0.21316863596439362,0.47550344467163086,0.8165491223335266,-0.20574791729450226,0.46928998827934265,0.7728103995323181,-0.18361815810203552,0.3347071409225464,0.8484890460968018,-0.10375947505235672,0.3436468243598938,0.9154359102249146,-0.19952824711799622,0.4670105576515198,0.8941996693611145,-0.16505275666713715,0.4705173671245575,0.8444486260414124,-0.1251201629638672,0.35541948676109314,0.9301192760467529,-0.10308729112148285,0.36910513043403625,0.9860044121742249,-0.16461415588855743,0.4589545428752899,0.9575531482696533,-0.1511458307504654,0.4747357964515686,0.9111967086791992,-0.12827424705028534,good(hodai)
0.6408618688583374,0.7898877263069153,-6.795205536036519e-07,0.6711899638175964,0.6826046109199524,-0.10826660692691803,0.6559292674064636,0.5687272548675537,-0.17137162387371063,0.63761967420578,0.4708271026611328,-0.2129402905702591,0.6097412109375,0.3804844915866852,-0.24344892799854279,0.49958258867263794,0.6561950445175171,-0.20145070552825928,0.6238621473312378,0.7173823118209839,-0.27043503522872925,0.6611284017562866,0.7065144181251526,-0.28294146060943604,0.630410373210907,0.688794732093811,-0.2892691493034363,0.4569076895713806,0.7622362375259399,-0.175993412733078,0.6418588757514954,0.8337081670761108,-0.24162611365318298,0.6671833395957947,0.8076326847076416,-0.23577776551246643,0.6254452466964722,0.7827715277671814,-0.23415608704090118,0.46153387427330017,0.855177640914917,-0.15534400939941406,0.6223788261413574,0.9172726273536682,-0.21743600070476532,0.6569178700447083,0.8889846801757812,-0.19957773387432098,0.6235923767089844,0.862747311592102,-0.18700841069221497,0.4920799732208252,0.9332754015922546,-0.14442172646522522,0.5968325734138489,0.989483654499054,-0.19875606894493103,0.6285885572433472,0.9792957901954651,-0.20469947159290314,0.6105879545211792,0.9641232490539551,-0.20465552806854248,good(hodai)
0.5661196112632751,0.7916660308837891,-6.032743726791523e-07,0.6086703538894653,0.6843678951263428,-0.13200713694095612,0.5948443412780762,0.5630113482475281,-0.2110181748867035,0.5723784565925598,0.4532254636287689,-0.2634015679359436,0.5405699610710144,0.3546994626522064,-0.3042861223220825,0.41850945353507996,0.6527690291404724,-0.25682878494262695,0.564696192741394,0.7219712138175964,-0.3451499342918396,0.6005715727806091,0.7076880931854248,-0.365585595369339,0.5587130784988403,0.6872302293777466,-0.3770752549171448,0.3708195388317108,0.7691614627838135,-0.2254706770181656,0.5839889049530029,0.8535926938056946,-0.3073916435241699,0.5974511504173279,0.8255199790000916,-0.30014365911483765,0.5378243327140808,0.807650625705719,-0.2984125018119812,0.3760034143924713,0.8724074959754944,-0.19986672699451447,0.5632355809211731,0.9427985548973083,-0.27228298783302307,0.5866365432739258,0.9131072759628296,-0.24658486247062683,0.5376223921775818,0.89013671875,-0.22942519187927246,0.40858012437820435,0.9617744088172913,-0.18679362535476685,0.539116621017456,1.0201916694641113,-0.24761775135993958,0.56653892993927,1.0030710697174072,-0.2530282437801361,0.5383862257003784,0.9834836721420288,-0.2532338798046112,good(hodai)
0.5799573063850403,0.8457398414611816,-6.204989517755166e-07,0.6182553768157959,0.7017629146575928,-0.041412241756916046,0.6193639039993286,0.546449601650238,-0.12548576295375824,0.5861877202987671,0.4073501229286194,-0.1994747370481491,0.5509515404701233,0.2862871289253235,-0.2780751585960388,0.4826151132583618,0.6322727799415588,-0.2750163674354553,0.7042003273963928,0.6957575082778931,-0.356573224067688,0.7140715718269348,0.6951484680175781,-0.37381020188331604,0.6537325978279114,0.6783804893493652,-0.37134331464767456,0.43944409489631653,0.7584136724472046,-0.27771151065826416,0.7282606363296509,0.8264607787132263,-0.3589198589324951,0.6963861584663391,0.8064850568771362,-0.3306635916233063,0.6130982041358948,0.7864453792572021,-0.30312761664390564,0.445798397064209,0.8754814267158508,-0.26945433020591736,0.7174277901649475,0.9222170114517212,-0.3182561993598938,0.6743056774139404,0.897108793258667,-0.2590669095516205,0.5963714122772217,0.876941442489624,-0.21434776484966278,0.47091352939605713,0.9736374616622925,-0.26158392429351807,0.675378680229187,0.9937765598297119,-0.29652291536331177,0.6470475196838379,0.976276695728302,-0.2566932737827301,0.5713071823120117,0.959111213684082,-0.22648291289806366,good(hodai)
0.5694140791893005,0.8444012403488159,-5.489156365001691e-07,0.5808117985725403,0.7304341793060303,-0.11886201053857803,0.5490595698356628,0.6175447702407837,-0.1912747472524643,0.5403321981430054,0.5023267269134521,-0.24089428782463074,0.5268276929855347,0.3773733377456665,-0.27807268500328064,0.4144650101661682,0.6953549981117249,-0.22932355105876923,0.5815308094024658,0.7583364248275757,-0.3267088234424591,0.623127281665802,0.7490958571434021,-0.3616012632846832,0.575905442237854,0.7294014692306519,-0.3820127844810486,0.37423020601272583,0.8163313865661621,-0.20626583695411682,0.627865195274353,0.8846057653427124,-0.2956736087799072,0.6569784879684448,0.8446437120437622,-0.2948981523513794,0.5881295204162598,0.8156696557998657,-0.29343175888061523,0.37720954418182373,0.9247267842292786,-0.18994277715682983,0.6196227073669434,0.9713299870491028,-0.26667869091033936,0.6430708765983582,0.9222797155380249,-0.24252144992351532,0.5803706645965576,0.8942972421646118,-0.22282588481903076,0.40466415882110596,1.015331506729126,-0.1861058622598648,0.5765604972839355,1.0461735725402832,-0.24783222377300262,0.6233499646186829,1.0063681602478027,-0.24684494733810425,0.6051596999168396,0.9737451672554016,-0.23885613679885864,good(hodai)
0.4990041255950928,0.79622483253479,-5.210524136600725e-07,0.5414418578147888,0.6419062614440918,-0.06477100402116776,0.5929722189903259,0.49445000290870667,-0.15975607931613922,0.6006463170051575,0.35018274188041687,-0.2409500777721405,0.5853614807128906,0.22744148969650269,-0.3272971212863922,0.49137911200523376,0.6085149049758911,-0.29543447494506836,0.7213865518569946,0.6481245756149292,-0.3685259222984314,0.7599238753318787,0.6497364044189453,-0.37669962644577026,0.732879102230072,0.6545279026031494,-0.3742028772830963,0.4687083959579468,0.7567024827003479,-0.294749915599823,0.7911068797111511,0.8007604479789734,-0.3733828067779541,0.7420693635940552,0.7638806700706482,-0.353116899728775,0.6350592970848083,0.7537757158279419,-0.32926878333091736,0.4714558720588684,0.8837708830833435,-0.2816997170448303,0.7635897397994995,0.9119228720664978,-0.3299712538719177,0.7174029350280762,0.8754000663757324,-0.2840847671031952,0.6327120065689087,0.8682374954223633,-0.2493816465139389,0.4922325611114502,0.9820547103881836,-0.2697199881076813,0.711696207523346,0.9942851662635803,-0.30421778559684753,0.681484043598175,0.9636514782905579,-0.2700097858905792,0.6073662042617798,0.9502063989639282,-0.24372784793376923,good(hodai)
0.3840652108192444,0.7484040260314941,-4.174139576207381e-07,0.45169293880462646,0.6072238683700562,-0.06135019287467003,0.5365455150604248,0.4733079671859741,-0.15834292769432068,0.5669541358947754,0.34725525975227356,-0.24108284711837769,0.566245436668396,0.22621363401412964,-0.32612958550453186,0.47959086298942566,0.601276159286499,-0.3176147937774658,0.7334585189819336,0.6464802622795105,-0.38849586248397827,0.7565366625785828,0.6354179978370667,-0.38152697682380676,0.7116106152534485,0.6258093118667603,-0.36445486545562744,0.4561295211315155,0.7513888478279114,-0.31393513083457947,0.7744613289833069,0.7885362505912781,-0.38217997550964355,0.7429290413856506,0.7554321885108948,-0.34663936495780945,0.6439633965492249,0.7443804144859314,-0.3137041926383972,0.45337051153182983,0.876646876335144,-0.29651373624801636,0.7505282163619995,0.9003927707672119,-0.33597928285598755,0.7045369148254395,0.8670132160186768,-0.2809707820415497,0.6108062863349915,0.8581331372261047,-0.24099579453468323,0.4662489891052246,0.975304365158081,-0.27971068024635315,0.6883162260055542,0.9881319999694824,-0.3122130036354065,0.6603922843933105,0.9564971327781677,-0.27713796496391296,0.5837035179138184,0.9455081820487976,-0.2471383810043335,good(hodai)
0.3611922562122345,0.7841203212738037,-5.179028335078328e-07,0.4267217516899109,0.6359022259712219,-0.04028455168008804,0.5262875556945801,0.494795560836792,-0.11721217632293701,0.5603089332580566,0.3639613389968872,-0.18450742959976196,0.5469838380813599,0.2360479235649109,-0.25359490513801575,0.4897610545158386,0.6127275228500366,-0.25986218452453613,0.7418476343154907,0.6488574743270874,-0.3160056471824646,0.7550780177116394,0.6436170935630798,-0.3028423488140106,0.7011277675628662,0.6499332189559937,-0.2829313278198242,0.4725799262523651,0.7630344033241272,-0.26756131649017334,0.7803343534469604,0.802154004573822,-0.3222914934158325,0.7401029467582703,0.7690619826316833,-0.28345614671707153,0.6389114856719971,0.7572108507156372,-0.2482440322637558,0.46955549716949463,0.8892241716384888,-0.26326438784599304,0.7565516829490662,0.9160496592521667,-0.290422648191452,0.706335186958313,0.8838528990745544,-0.23190027475357056,0.6150447130203247,0.8750090599060059,-0.19139204919338226,0.4754522442817688,0.9857165217399597,-0.2593524754047394,0.6855382323265076,0.99568110704422,-0.28277140855789185,0.6596827507019043,0.9647060036659241,-0.24726581573486328,0.5912072062492371,0.9536784887313843,-0.2189144343137741,good(hodai)
0.3717639446258545,0.7624469995498657,-2.539185004479805e-07,0.41058623790740967,0.6293634176254272,-0.06967359781265259,0.5198107957839966,0.4972282648086548,-0.1628037542104721,0.570864737033844,0.3722515106201172,-0.23757702112197876,0.5690327882766724,0.24106192588806152,-0.30843988060951233,0.49317026138305664,0.5930454730987549,-0.3205418586730957,0.7698497772216797,0.6465720534324646,-0.40451937913894653,0.7766276597976685,0.621120810508728,-0.4040566682815552,0.6959006190299988,0.599092423915863,-0.38551589846611023,0.4685356020927429,0.7458899617195129,-0.3185542821884155,0.7778096795082092,0.805296003818512,-0.4009093642234802,0.7572913765907288,0.7501074075698853,-0.36681002378463745,0.6522975564002991,0.7169045209884644,-0.33119457960128784,0.4585903286933899,0.8658955693244934,-0.3065777122974396,0.7539240121841431,0.9156723022460938,-0.3599834442138672,0.7310824394226074,0.8628239631652832,-0.30346593260765076,0.6405244469642639,0.8361719250679016,-0.2588368058204651,0.46032315492630005,0.9504374861717224,-0.2957392632961273,0.6716479063034058,0.9875614047050476,-0.3343886733055115,0.6689550280570984,0.9681477546691895,-0.3030903935432434,0.6052349209785461,0.9666905403137207,-0.2755143642425537,good(hodai)
0.4778147041797638,0.7427994012832642,-5.296666927279148e-07,0.5231418013572693,0.6190323829650879,-0.1672493815422058,0.5561248064041138,0.5109453201293945,-0.303114116191864,0.5569222569465637,0.43923261761665344,-0.4086640179157257,0.5361711978912354,0.36825433373451233,-0.505553126335144,0.41479527950286865,0.584301769733429,-0.37400227785110474,0.5636510252952576,0.6517221331596375,-0.4957616925239563,0.5989199280738831,0.6396609544754028,-0.5241438150405884,0.5653609037399292,0.6398409008979797,-0.5344423651695251,0.3755965232849121,0.7161527872085571,-0.3335020840167999,0.5852243304252625,0.8060771226882935,-0.450408935546875,0.622326135635376,0.7576133012771606,-0.43022602796554565,0.5733949542045593,0.7231096029281616,-0.4099527597427368,0.3769383728504181,0.8295952081680298,-0.29528823494911194,0.5694230794906616,0.9065983295440674,-0.3984265625476837,0.6074962019920349,0.8444322347640991,-0.35618892312049866,0.5553184747695923,0.8010311722755432,-0.3180076777935028,0.395579069852829,0.9265058636665344,-0.26923447847366333,0.5381707549095154,0.9837554097175598,-0.34422704577445984,0.5813332796096802,0.9355891942977905,-0.3325335383415222,0.5485579371452332,0.8862159848213196,-0.3140997886657715,good(hodai)
0.4887976050376892,0.7015722393989563,-4.776971422870702e-07,0.5447006225585938,0.5946005582809448,-0.15918846428394318,0.5831655859947205,0.5035799145698547,-0.29170888662338257,0.5896114110946655,0.43901127576828003,-0.3960961699485779,0.574655294418335,0.36967697739601135,-0.4935135841369629,0.4389351010322571,0.5780755281448364,-0.3593205511569977,0.5936278104782104,0.6555319428443909,-0.48356255888938904,0.6126092076301575,0.6355189681053162,-0.5208133459091187,0.5668655633926392,0.6290549039840698,-0.5366211533546448,0.4039650559425354,0.7013044953346252,-0.32252755761146545,0.6075989007949829,0.7939268946647644,-0.44021573662757874,0.6373072862625122,0.7404009103775024,-0.42546263337135315,0.5853065848350525,0.6976156234741211,-0.4085124135017395,0.4038596749305725,0.8084643483161926,-0.2885894179344177,0.5867897868156433,0.8889580368995667,-0.39124545454978943,0.6210536956787109,0.8211531043052673,-0.3541705310344696,0.5641224384307861,0.7717254161834717,-0.31964224576950073,0.41687092185020447,0.8973855972290039,-0.265855073928833,0.5578197240829468,0.9641755223274231,-0.343563973903656,0.593948245048523,0.9079544544219971,-0.33409908413887024,0.5516506433486938,0.8516989350318909,-0.3167874217033386,good(hodai)
0.511117696762085,0.8392333984375,-4.952657377543801e-07,0.5575801134109497,0.6878705024719238,-0.08656623959541321,0.5809998512268066,0.54114830493927,-0.2026118040084839,0.5733224153518677,0.42440474033355713,-0.30494198203086853,0.5578462481498718,0.32237571477890015,-0.41276273131370544,0.4650023579597473,0.600605309009552,-0.3426985442638397,0.7010214328765869,0.6769452691078186,-0.44022852182388306,0.7047431468963623,0.6647502183914185,-0.45948684215545654,0.6456142067909241,0.6397057771682739,-0.46057966351509094,0.4228023290634155,0.7404997944831848,-0.3369934558868408,0.7157092094421387,0.8105120062828064,-0.4319066107273102,0.6892955303192139,0.7861560583114624,-0.420322448015213,0.6015934348106384,0.7608829736709595,-0.40946510434150696,0.423264741897583,0.8696379661560059,-0.3213086426258087,0.6956959366798401,0.9224417805671692,-0.3872988820075989,0.6611438393592834,0.8909161686897278,-0.35675761103630066,0.5774967074394226,0.876633882522583,-0.33471834659576416,0.4506645202636719,0.9819806218147278,-0.3086383640766144,0.660902738571167,1.0013084411621094,-0.35366788506507874,0.6313380002975464,0.9781620502471924,-0.3325548768043518,0.5556143522262573,0.9651439785957336,-0.31729039549827576,good(hodai)
0.5047500729560852,0.6808364987373352,-5.339545623428421e-07,0.560052752494812,0.5928332805633545,-0.16967079043388367,0.5811414122581482,0.5232043266296387,-0.29251888394355774,0.5745457410812378,0.4557327330112457,-0.3849359154701233,0.5492777824401855,0.3870786726474762,-0.46958959102630615,0.4060405194759369,0.583574116230011,-0.33294743299484253,0.49748578667640686,0.6469759941101074,-0.44353991746902466,0.5510645508766174,0.6446807384490967,-0.4754495620727539,0.5406138896942139,0.6374403238296509,-0.48916205763816833,0.36182260513305664,0.6923878788948059,-0.2873932719230652,0.501610517501831,0.7858198881149292,-0.3945866525173187,0.5783772468566895,0.7552145719528198,-0.3806484341621399,0.5594915747642517,0.717258870601654,-0.36195260286331177,0.3610042333602905,0.7913345694541931,-0.24752019345760345,0.48800721764564514,0.8770244121551514,-0.3481265604496002,0.5619429349899292,0.8349304795265198,-0.31778690218925476,0.5371600389480591,0.790510892868042,-0.2836748957633972,0.38140183687210083,0.8763174414634705,-0.21993885934352875,0.47049227356910706,0.9510374665260315,-0.30018770694732666,0.5411880612373352,0.9219197034835815,-0.2942809462547302,0.541851282119751,0.8734066486358643,-0.27615970373153687,good(hodai)
0.607535183429718,0.7229609489440918,-6.547699626935355e-07,0.6195608377456665,0.614180326461792,-0.12066948413848877,0.5714408159255981,0.5120736360549927,-0.18630029261112213,0.5270605087280273,0.42679154872894287,-0.23418523371219635,0.48924940824508667,0.3288126587867737,-0.27075549960136414,0.3649856150150299,0.6075037121772766,-0.15821878612041473,0.47232478857040405,0.6684349775314331,-0.2483261525630951,0.5473427772521973,0.6594499349594116,-0.2867555320262909,0.5321574807167053,0.6289418339729309,-0.30695757269859314,0.33374911546707153,0.7091003060340881,-0.13425157964229584,0.4707954525947571,0.774945855140686,-0.21886956691741943,0.561158299446106,0.7501953840255737,-0.22285433113574982,0.5477192401885986,0.7166217565536499,-0.22024284303188324,0.3444569706916809,0.8004544973373413,-0.12294923514127731,0.46924686431884766,0.8601381182670593,-0.20673535764217377,0.5527405142784119,0.8240547776222229,-0.18670769035816193,0.5415021777153015,0.7780795097351074,-0.16446799039840698,0.3717852234840393,0.8759808540344238,-0.1233774796128273,0.4482605457305908,0.936843752861023,-0.17926433682441711,0.5186170935630798,0.9082343578338623,-0.17310592532157898,0.5260534286499023,0.8683630228042603,-0.16090847551822662,good(hodai)
0.5824875831604004,0.6958092451095581,-5.230147621659853e-07,0.6049647331237793,0.5909325480461121,-0.18564759194850922,0.5992084741592407,0.49391359090805054,-0.31986361742019653,0.5727635622024536,0.3981679379940033,-0.4219708740711212,0.5457757711410522,0.30706605315208435,-0.5102237462997437,0.4177350103855133,0.5938829183578491,-0.33705708384513855,0.5172480940818787,0.6734104156494141,-0.4505123198032379,0.5852539539337158,0.6588296890258789,-0.46532729268074036,0.5661227107048035,0.6366443634033203,-0.46366235613822937,0.37764135003089905,0.6976878046989441,-0.2871064841747284,0.5049585700035095,0.7966428995132446,-0.40709012746810913,0.6019554734230042,0.7576863765716553,-0.3821954131126404,0.5769619941711426,0.7133538126945496,-0.3479851484298706,0.3759419918060303,0.7938885688781738,-0.24596109986305237,0.49078625440597534,0.8870128989219666,-0.3617061674594879,0.5786346197128296,0.8427184224128723,-0.3234242796897888,0.5530821681022644,0.7936322093009949,-0.27721521258354187,0.39256811141967773,0.8812046647071838,-0.2182643711566925,0.4752071499824524,0.9630151987075806,-0.3035365343093872,0.5496516823768616,0.9343568086624146,-0.29480278491973877,0.5483370423316956,0.8833903670310974,-0.2710570693016052,good(hodai)
0.6077753305435181,0.7591826915740967,-9.736895663081668e-07,0.6209732294082642,0.6426980495452881,-0.14018437266349792,0.5978485345840454,0.5275455117225647,-0.22414381802082062,0.5728456377983093,0.41979438066482544,-0.27934837341308594,0.5303494930267334,0.3169105648994446,-0.3194369077682495,0.42003104090690613,0.640663206577301,-0.2659786343574524,0.5544867515563965,0.6864070296287537,-0.3599589467048645,0.6029481887817383,0.6721298694610596,-0.3789214491844177,0.5636059045791626,0.6555721759796143,-0.3881637752056122,0.38737812638282776,0.7539358139038086,-0.23622336983680725,0.5717138051986694,0.8125742673873901,-0.31838563084602356,0.6253226399421692,0.7886354327201843,-0.305202454328537,0.5901959538459778,0.7599731087684631,-0.2984062135219574,0.4021180272102356,0.8536949157714844,-0.2140960842370987,0.5598517656326294,0.9063571095466614,-0.29415813088417053,0.6139087677001953,0.8809404969215393,-0.26856520771980286,0.5759949684143066,0.856344997882843,-0.25053122639656067,0.4416343569755554,0.9297945499420166,-0.20476073026657104,0.5471342206001282,0.9969184994697571,-0.27627554535865784,0.584069013595581,0.9808512926101685,-0.28345802426338196,0.5669214129447937,0.9590426087379456,-0.28310146927833557,good(hodai)
0.666728138923645,0.8042725324630737,-7.72162650264363e-07,0.7021297812461853,0.6680192947387695,-0.05823945999145508,0.7149357199668884,0.5469514727592468,-0.13822850584983826,0.7129042744636536,0.43148717284202576,-0.20457930862903595,0.7013347744941711,0.32880961894989014,-0.27413806319236755,0.5947058200836182,0.6012167930603027,-0.2830895185470581,0.7679550051689148,0.6583846807479858,-0.35044142603874207,0.769275426864624,0.6586563587188721,-0.3500376045703888,0.7236961722373962,0.6516437530517578,-0.33915698528289795,0.5608997344970703,0.7127553224563599,-0.27502262592315674,0.7848028540611267,0.7878819108009338,-0.34535399079322815,0.7574640512466431,0.7619317173957825,-0.31512317061424255,0.6862595081329346,0.7432014346122742,-0.29021862149238586,0.5597562193870544,0.8187353610992432,-0.2560734450817108,0.7687339782714844,0.8920210003852844,-0.3110727071762085,0.7365877032279968,0.8548175692558289,-0.26940223574638367,0.6658956408500671,0.8305507302284241,-0.23631727695465088,0.5778979063034058,0.9057638049125671,-0.23767364025115967,0.7308148145675659,0.9687512516975403,-0.2828271985054016,0.7133784294128418,0.9479355812072754,-0.26117637753486633,0.6493511199951172,0.9182350635528564,-0.2425333708524704,good(hodai)
0.8659244775772095,0.8182101845741272,3.440474074523081e-07,0.8109769225120544,0.650016188621521,-0.06235363334417343,0.6636037230491638,0.5377854704856873,-0.06674923747777939,0.5197128653526306,0.4758625626564026,-0.06744831800460815,0.43295779824256897,0.4176570773124695,-0.06684590876102448,0.45506322383880615,0.5875915288925171,0.01797456480562687,0.28828608989715576,0.5643213391304016,-0.0032888390123844147,0.1901528239250183,0.5636265873908997,-0.039014268666505814,0.1014329195022583,0.5637719035148621,-0.06932452321052551,0.42286407947540283,0.6746097803115845,0.023717125877738,0.2378396987915039,0.6568737626075745,0.009507235139608383,0.12551340460777283,0.6479910612106323,-0.028884658589959145,0.03116467595100403,0.6434924602508545,-0.06175130605697632,0.4280043840408325,0.7602168917655945,0.016739077866077423,0.2535715103149414,0.748652458190918,-0.00746386731043458,0.15197908878326416,0.7343530654907227,-0.04208200052380562,0.05915108323097229,0.7175003290176392,-0.06827981770038605,0.4633823037147522,0.847459077835083,0.002255610655993223,0.33161431550979614,0.8375797867774963,-0.024186190217733383,0.25612738728523254,0.8290913105010986,-0.04183633252978325,0.18414071202278137,0.8104640245437622,-0.05514276772737503,his
0.8466272354125977,0.7012245655059814,2.9911723231634824e-07,0.791856050491333,0.5520141124725342,-0.05735311284661293,0.6586230993270874,0.4480174779891968,-0.0639517530798912,0.5352206230163574,0.3837811052799225,-0.06730426102876663,0.4556533992290497,0.3209055960178375,-0.06919604539871216,0.46160799264907837,0.5129428505897522,0.00868249498307705,0.31175750494003296,0.494606077671051,-0.013547422364354134,0.22337627410888672,0.49461665749549866,-0.04675205424427986,0.14109092950820923,0.4984759986400604,-0.07533194124698639,0.43466731905937195,0.5921162366867065,0.011775006540119648,0.2613922655582428,0.5781496167182922,-0.0049423896707594395,0.15576744079589844,0.57069331407547,-0.04023249074816704,0.0655350387096405,0.5692213177680969,-0.07088647782802582,0.44228413701057434,0.670050859451294,0.003448524046689272,0.27879905700683594,0.661759614944458,-0.022125212475657463,0.18537181615829468,0.6493741869926453,-0.05409346520900726,0.09961271286010742,0.6385837197303772,-0.07905590534210205,0.476973295211792,0.7487738132476807,-0.011707923375070095,0.3573037087917328,0.7440683841705322,-0.04040917754173279,0.28769057989120483,0.7354230284690857,-0.059442806988954544,0.22094613313674927,0.721772313117981,-0.0740957111120224,his
0.8624711632728577,0.8526335954666138,3.528092804572225e-07,0.8014997839927673,0.707704484462738,-0.059266407042741776,0.6549704670906067,0.610143780708313,-0.06271421909332275,0.5150303840637207,0.5658440589904785,-0.06147904694080353,0.4088946580886841,0.5498066544532776,-0.0585017204284668,0.4726627469062805,0.6635051965713501,0.006979474797844887,0.31913602352142334,0.6462822556495667,-0.014745300635695457,0.2280886471271515,0.6497015953063965,-0.04800814762711525,0.14453285932540894,0.656832218170166,-0.07524659484624863,0.44334477186203003,0.7432478070259094,0.014275170862674713,0.2687775492668152,0.7269999980926514,0.0004951083683408797,0.15868279337882996,0.7226822972297668,-0.03306397423148155,0.06674522161483765,0.7241665124893188,-0.06210748478770256,0.4461901783943176,0.8213452696800232,0.010312194004654884,0.2829967141151428,0.8090008497238159,-0.00979760941118002,0.18698924779891968,0.7983596324920654,-0.04027846083045006,0.10352590680122375,0.7904704809188843,-0.06431037932634354,0.47657668590545654,0.9020530581474304,-0.0009945628698915243,0.35674843192100525,0.8919705152511597,-0.022802243009209633,0.2889161705970764,0.884600043296814,-0.03797541931271553,0.22627520561218262,0.8735800981521606,-0.05026116594672203,his
0.863774836063385,0.9195079207420349,5.119313186696672e-07,0.7980066537857056,0.7493612766265869,-0.04484730586409569,0.6581737995147705,0.6522624492645264,-0.03856194391846657,0.5195969939231873,0.5978965759277344,-0.031955868005752563,0.40704354643821716,0.5796365141868591,-0.023428786545991898,0.47322341799736023,0.7136175036430359,0.04767603054642677,0.3113565444946289,0.6873020529747009,0.038438502699136734,0.2152925431728363,0.6887091994285583,0.011280113831162453,0.12884947657585144,0.6966216564178467,-0.012876046821475029,0.4425872564315796,0.7966994047164917,0.050795119255781174,0.2615932822227478,0.7768781185150146,0.0456700325012207,0.1443263590335846,0.7674039602279663,0.011374367401003838,0.04602035880088806,0.7646400332450867,-0.01796538010239601,0.4451121687889099,0.8788251876831055,0.04196743294596672,0.27469220757484436,0.8622648119926453,0.028060432523489,0.17722532153129578,0.8416255712509155,-0.003520781174302101,0.08959200978279114,0.8261353969573975,-0.029046474024653435,0.4752260744571686,0.9616278409957886,0.026707787066698074,0.3540407419204712,0.9502320885658264,0.0055296532809734344,0.28104281425476074,0.9345675110816956,-0.012402957305312157,0.21164879202842712,0.9160633087158203,-0.026044556871056557,his
0.922744870185852,0.7804690599441528,1.4474042586698488e-07,0.8670565485954285,0.6508986353874207,-0.04990237578749657,0.7480491995811462,0.5678768754005432,-0.05614388734102249,0.6275620460510254,0.5312689542770386,-0.05907217413187027,0.5361745357513428,0.5206023454666138,-0.06085499748587608,0.5899951457977295,0.61541348695755,0.008068835362792015,0.45891016721725464,0.5992562174797058,-0.014443921856582165,0.38223421573638916,0.6018741726875305,-0.047108352184295654,0.3120543360710144,0.6082714796066284,-0.07337401807308197,0.5630928874015808,0.6823745965957642,0.01244333852082491,0.4141031801700592,0.6662053465843201,-0.001774396514520049,0.32021382451057434,0.6628698706626892,-0.03353487327694893,0.23906490206718445,0.6642459630966187,-0.06194902956485748,0.5682543516159058,0.7474919557571411,0.006993481423705816,0.43028032779693604,0.7361909747123718,-0.01240839809179306,0.34637632966041565,0.7273610830307007,-0.040502700954675674,0.27101781964302063,0.7199193835258484,-0.06362689286470413,0.5990612506866455,0.8122751712799072,-0.004655451979488134,0.49770790338516235,0.80633944272995,-0.024122560396790504,0.43756693601608276,0.7993459701538086,-0.038255538791418076,0.38123470544815063,0.7889637351036072,-0.05092735216021538,his
0.7697141170501709,0.7955309152603149,1.088224763634571e-07,0.7263620495796204,0.6821162700653076,-0.029241571202874184,0.6398861408233643,0.616942822933197,-0.03218191862106323,0.5485537052154541,0.5818846225738525,-0.03508844971656799,0.4775991141796112,0.5624905228614807,-0.03805074095726013,0.5221331119537354,0.6452766060829163,0.01857546716928482,0.4195091724395752,0.6248921155929565,0.000431482563726604,0.36011314392089844,0.6263659596443176,-0.027607249096035957,0.3024054765701294,0.6302621364593506,-0.04938046634197235,0.49860888719558716,0.6951395869255066,0.016682399436831474,0.3805931806564331,0.6785003542900085,0.006836996879428625,0.30765414237976074,0.6732532978057861,-0.018967872485518456,0.24278050661087036,0.6709113717079163,-0.04192154482007027,0.49840596318244934,0.748565673828125,0.00736309215426445,0.3876008093357086,0.7348994016647339,-0.005945125594735146,0.32282131910324097,0.726361870765686,-0.026287799701094627,0.2631274163722992,0.7187564969062805,-0.04309449344873428,0.518398642539978,0.8046446442604065,-0.005966055206954479,0.43530139327049255,0.7965850830078125,-0.01888502947986126,0.3880403935909271,0.7895033359527588,-0.026453277096152306,0.34354233741760254,0.7786902189254761,-0.03325555846095085,his
0.7628272771835327,0.7680157423019409,2.388059172631074e-08,0.7211447954177856,0.6613259315490723,-0.030969815328717232,0.6322686672210693,0.5999013781547546,-0.03639443218708038,0.5395667552947998,0.5724666714668274,-0.040856409817934036,0.47007378935813904,0.5591873526573181,-0.04570154845714569,0.5156933665275574,0.6341969966888428,0.004525643307715654,0.4133495092391968,0.6191003322601318,-0.01779079996049404,0.35571014881134033,0.6244677901268005,-0.04666731134057045,0.3002764582633972,0.632903516292572,-0.06860382109880447,0.49384331703186035,0.684536337852478,0.0031628559809178114,0.37476736307144165,0.6732564568519592,-0.011239197105169296,0.3039173483848572,0.6730191707611084,-0.03764127939939499,0.24026361107826233,0.6750714182853699,-0.060991689562797546,0.49630293250083923,0.7360137701034546,-0.0048049017786979675,0.384842187166214,0.7281771302223206,-0.02163839153945446,0.3207066059112549,0.7241067290306091,-0.0428718663752079,0.26127731800079346,0.7204304933547974,-0.06036040186882019,0.5191547274589539,0.7876460552215576,-0.01648160256445408,0.4352324604988098,0.7846003770828247,-0.03152094781398773,0.38905367255210876,0.7799619436264038,-0.04069455713033676,0.3453861176967621,0.7719607353210449,-0.049084439873695374,his
0.8071681261062622,0.8713491559028625,3.0495041869471606e-07,0.7617157697677612,0.7480065822601318,-0.03782873600721359,0.664527177810669,0.6665504574775696,-0.03691359609365463,0.5647419691085815,0.6185663938522339,-0.03409497067332268,0.4848843216896057,0.59031081199646,-0.030058974400162697,0.5299748182296753,0.6880652904510498,0.030522149056196213,0.4160483181476593,0.6611862778663635,0.02267325669527054,0.3479383587837219,0.6562873721122742,-0.0007288833730854094,0.28559815883636475,0.6519114375114441,-0.020924672484397888,0.5029327869415283,0.7430316805839539,0.03488369286060333,0.3737552762031555,0.7174898982048035,0.034775447100400925,0.29293930530548096,0.7036766409873962,0.010263366624712944,0.22621944546699524,0.6946881413459778,-0.012340113520622253,0.4996147155761719,0.8021392822265625,0.030168281868100166,0.3782201409339905,0.7804050445556641,0.022928515449166298,0.3080123960971832,0.7648302316665649,0.00021319735969882458,0.2463046908378601,0.7501451969146729,-0.018679436296224594,0.5164624452590942,0.8669916987419128,0.020230760797858238,0.4271582067012787,0.8514641523361206,0.00976124033331871,0.3767511248588562,0.8407079577445984,0.00037612661253660917,0.3303949236869812,0.824885368347168,-0.007824691943824291,his
0.7546886205673218,0.9054235219955444,3.163633266467514e-07,0.7171776294708252,0.756633996963501,-0.05315113812685013,0.6088837385177612,0.6500768065452576,-0.052894942462444305,0.4892427921295166,0.5852260589599609,-0.04816815257072449,0.3976673185825348,0.5424395799636841,-0.04113725572824478,0.44392645359039307,0.6697391867637634,0.026340104639530182,0.31150728464126587,0.6281935572624207,0.018964465707540512,0.23593585193157196,0.6164798140525818,-0.005353990010917187,0.16504377126693726,0.6053526401519775,-0.027014637365937233,0.40724819898605347,0.7398372292518616,0.03720402717590332,0.25691622495651245,0.6954106092453003,0.038827117532491684,0.16720852255821228,0.6752822995185852,0.014055680483579636,0.09246852993965149,0.6607919335365295,-0.009985909797251225,0.3990411162376404,0.8131044507026672,0.03711161017417908,0.2626288831233978,0.7761162519454956,0.03085709549486637,0.1875922679901123,0.7526884078979492,0.008037444204092026,0.12158486247062683,0.7300825715065002,-0.011988264508545399,0.41393885016441345,0.8910291194915771,0.029951270669698715,0.31554436683654785,0.8629236221313477,0.021289857104420662,0.26121053099632263,0.8438307642936707,0.013066480867564678,0.2123914361000061,0.8208022117614746,0.004680925514549017,his
0.8310757875442505,0.8141448497772217,2.3235895696416264e-07,0.7852789759635925,0.689706027507782,-0.051133058965206146,0.6757158041000366,0.603586733341217,-0.058995068073272705,0.5621243715286255,0.5588037371635437,-0.06307234615087509,0.4727834463119507,0.532075822353363,-0.06647543609142303,0.5225316286087036,0.6343718767166138,-0.0015356950461864471,0.3934406042098999,0.610831618309021,-0.026527563109993935,0.315234899520874,0.60822993516922,-0.05942967161536217,0.24199837446212769,0.6086826920509338,-0.08531250059604645,0.49342814087867737,0.6981053352355957,0.0030406611040234566,0.3443988561630249,0.6755392551422119,-0.01540014985948801,0.2504165470600128,0.6661993265151978,-0.048193804919719696,0.1694813370704651,0.6604601740837097,-0.07581730931997299,0.4926462769508362,0.7633132338523865,-0.0015315727796405554,0.3540993332862854,0.7461934089660645,-0.024145236238837242,0.2701062560081482,0.7342416644096375,-0.05227542668581009,0.19558072090148926,0.7237963676452637,-0.0736842155456543,0.5155448317527771,0.8309758901596069,-0.011929734610021114,0.4128803014755249,0.818156898021698,-0.03397069126367569,0.3520512580871582,0.8080277442932129,-0.04838045313954353,0.2958596646785736,0.7939783334732056,-0.05959645286202431,his
0.8222212791442871,0.8685213327407837,3.6815606563322945e-07,0.7707504034042358,0.7218942046165466,-0.035762570798397064,0.6639297604560852,0.6303444504737854,-0.029798300936818123,0.5535764098167419,0.5756990313529968,-0.023080898448824883,0.4660314917564392,0.5432193279266357,-0.014764823019504547,0.511798083782196,0.6599019169807434,0.04765345901250839,0.3876282274723053,0.6246589422225952,0.04568035155534744,0.315287321805954,0.6157175302505493,0.023904278874397278,0.24904188513755798,0.6070007085800171,0.004314829595386982,0.48137322068214417,0.7210825085639954,0.051962047815322876,0.3418126702308655,0.68714839220047,0.05878182500600815,0.2550777494907379,0.6712681651115417,0.03532571345567703,0.18516865372657776,0.660487174987793,0.012731545604765415,0.4742636978626251,0.7866306900978088,0.046311356127262115,0.3433800935745239,0.7597323656082153,0.04575122147798538,0.27013689279556274,0.7412707209587097,0.02489323541522026,0.2090166211128235,0.7237557768821716,0.00623228307813406,0.4882008731365204,0.8595354557037354,0.034896936267614365,0.39160555601119995,0.8401566743850708,0.030622299760580063,0.34028029441833496,0.8264061808586121,0.02501087263226509,0.29573458433151245,0.8091053366661072,0.019067054614424706,his
0.7181704640388489,0.9114450812339783,4.598467455707578e-07,0.6939283609390259,0.7553848028182983,-0.022159408777952194,0.6094250082969666,0.6506674289703369,-0.004751353990286589,0.5174403190612793,0.5839799642562866,0.011552932672202587,0.4460773468017578,0.5460301637649536,0.029324131086468697,0.47671329975128174,0.6676174402236938,0.0798841044306755,0.37388190627098083,0.6192934513092041,0.09404386579990387,0.3104950487613678,0.601323127746582,0.0827380046248436,0.25524869561195374,0.5861493349075317,0.07012804597616196,0.4413011074066162,0.7206072807312012,0.08481644839048386,0.3266635239124298,0.6741413474082947,0.10895054042339325,0.2551732659339905,0.648420512676239,0.09266933053731918,0.20091331005096436,0.6294898390769958,0.07527054846286774,0.4254462718963623,0.7809119820594788,0.07996148616075516,0.31558674573898315,0.7425113916397095,0.09438835829496384,0.2595060467720032,0.7167531251907349,0.07775072008371353,0.21448197960853577,0.690968930721283,0.06136208772659302,0.4262126684188843,0.8557133674621582,0.07005923241376877,0.3470843434333801,0.825102686882019,0.07797622680664062,0.3073192536830902,0.8055057525634766,0.07583723962306976,0.2735588848590851,0.7810628414154053,0.07175158709287643,his
0.6848384737968445,0.8902169466018677,4.4473034677139367e-07,0.6675798296928406,0.7357582449913025,-0.014164709486067295,0.5910052061080933,0.6323788166046143,0.0062947203405201435,0.5012224912643433,0.5646108984947205,0.025346750393509865,0.43549594283103943,0.5267153978347778,0.045436568558216095,0.4672360122203827,0.6495034694671631,0.09224580973386765,0.37095096707344055,0.6010406017303467,0.11694499105215073,0.3109416961669922,0.5826297402381897,0.11251074075698853,0.2588890790939331,0.5677008628845215,0.10392998903989792,0.4339400827884674,0.7019827961921692,0.09682562947273254,0.3249818682670593,0.6573759317398071,0.1349021941423416,0.2606162428855896,0.6331294775009155,0.12544576823711395,0.20982986688613892,0.6137374043464661,0.11113773286342621,0.4164387583732605,0.760342001914978,0.09244834631681442,0.3134905695915222,0.7231292128562927,0.11966589093208313,0.26170846819877625,0.6967997550964355,0.10876654833555222,0.2171230912208557,0.668901264667511,0.09364283084869385,0.41525667905807495,0.8313562870025635,0.08351811021566391,0.33941149711608887,0.8004850149154663,0.10091880708932877,0.3054085373878479,0.7809358239173889,0.1036425307393074,0.27382317185401917,0.7550932168960571,0.10143513232469559,his
0.7337058186531067,0.727355420589447,5.701915384292988e-08,0.6991395354270935,0.6356204152107239,-0.03604564815759659,0.6236144304275513,0.5828378200531006,-0.050400808453559875,0.5441175103187561,0.5576138496398926,-0.06266932934522629,0.4765017330646515,0.5461922287940979,-0.07643309235572815,0.5264384150505066,0.6122045516967773,-0.024875162169337273,0.4275357127189636,0.6015744805335999,-0.05556625872850418,0.3692723512649536,0.6045820713043213,-0.08556709438562393,0.31415683031082153,0.6083270311355591,-0.107908695936203,0.5110815763473511,0.6574826836585999,-0.027005545794963837,0.4007030725479126,0.6476579308509827,-0.05072437599301338,0.3330967128276825,0.6478708982467651,-0.07826961576938629,0.2732548713684082,0.6478313207626343,-0.1024252399802208,0.5156385898590088,0.7041640877723694,-0.03458944335579872,0.4146201014518738,0.6989001631736755,-0.05896460637450218,0.3520236909389496,0.6984715461730957,-0.08035308122634888,0.29525530338287354,0.6961086988449097,-0.09787086397409439,0.5359562635421753,0.750938892364502,-0.045846790075302124,0.46033775806427,0.7496908903121948,-0.06757430732250214,0.41592928767204285,0.7475051879882812,-0.07981783896684647,0.37395331263542175,0.7413718104362488,-0.09045705944299698,his
0.8693212866783142,0.8596543669700623,3.471153036116448e-07,0.8214106559753418,0.7246663570404053,-0.04764408618211746,0.7018635869026184,0.6332558393478394,-0.04947792738676071,0.5845279097557068,0.5859286785125732,-0.04840759560465813,0.49270009994506836,0.5568944811820984,-0.04559282213449478,0.5424700379371643,0.6647821068763733,0.013391824439167976,0.4092075824737549,0.6367107629776001,-0.004037695471197367,0.3294716775417328,0.6317534446716309,-0.032381821423769,0.25517362356185913,0.6303852200508118,-0.05570920929312706,0.5115220546722412,0.7320849895477295,0.017305463552474976,0.3587644696235657,0.703417181968689,0.006621909327805042,0.2623938322067261,0.6909452676773071,-0.022099606692790985,0.1812514364719391,0.684168815612793,-0.046804945915937424,0.5075811743736267,0.8014029264450073,0.011322135105729103,0.36530202627182007,0.7772928476333618,-0.004972710739821196,0.28271445631980896,0.7598641514778137,-0.03034313954412937,0.21006059646606445,0.7448934316635132,-0.050217002630233765,0.5274480581283569,0.8750779628753662,-0.0008429483859799802,0.422852098941803,0.8552172780036926,-0.018576854839920998,0.3626280426979065,0.8430603742599487,-0.03021468035876751,0.306753933429718,0.8280941843986511,-0.039487872272729874,his
0.796541690826416,0.8427129983901978,3.531330321493442e-07,0.7770001292228699,0.7263643741607666,-0.052345745265483856,0.6980811953544617,0.6260243654251099,-0.056759439408779144,0.6091328263282776,0.5543760657310486,-0.05498984456062317,0.5237042307853699,0.5403772592544556,-0.05194083973765373,0.5603434443473816,0.6214675307273865,0.011573394760489464,0.4522821307182312,0.5729217529296875,0.0042509338818490505,0.3855498433113098,0.5533053278923035,-0.017572294920682907,0.32223784923553467,0.5346564054489136,-0.037427276372909546,0.5247516632080078,0.6680803894996643,0.02472599409520626,0.4019153118133545,0.6162393093109131,0.024084754288196564,0.325358122587204,0.588015079498291,0.002092697424814105,0.2607540190219879,0.5665562748908997,-0.018793553113937378,0.5111199021339417,0.724649965763092,0.028869913890957832,0.3982909619808197,0.6786562204360962,0.021191664040088654,0.3330034911632538,0.6506122946739197,-0.0005180469015613198,0.2752109169960022,0.6268913149833679,-0.01858457922935486,0.5146175026893616,0.7888373732566833,0.026767194271087646,0.4341471791267395,0.7565323114395142,0.017015578225255013,0.3873930871486664,0.7360109686851501,0.00787481851875782,0.34540408849716187,0.7126953601837158,-0.0005596507689915597,his
0.6536502838134766,0.6683526039123535,6.627931270486442e-08,0.6317493915557861,0.6014472842216492,-0.020122697576880455,0.5775420665740967,0.5606959462165833,-0.02693862095475197,0.5197254419326782,0.5404737591743469,-0.03289179131388664,0.47307196259498596,0.532437264919281,-0.040592487901449203,0.5085732936859131,0.5818246603012085,-0.010344135574996471,0.43879926204681396,0.5731593370437622,-0.028644271194934845,0.3961557149887085,0.5767070651054382,-0.047837574034929276,0.35601168870925903,0.5817223787307739,-0.06251987814903259,0.4968073070049286,0.6130514144897461,-0.014805731363594532,0.4170154631137848,0.60608971118927,-0.029180139303207397,0.3668000400066376,0.6070011854171753,-0.04914700984954834,0.3230871260166168,0.6092804074287415,-0.06604234874248505,0.49970152974128723,0.6468442678451538,-0.022624211385846138,0.42542222142219543,0.6435220241546631,-0.038798026740550995,0.37782877683639526,0.642096757888794,-0.055351756513118744,0.3351594805717468,0.6406664848327637,-0.0680459514260292,0.5145745873451233,0.6838169693946838,-0.032290585339069366,0.45677846670150757,0.6804696321487427,-0.048033807426691055,0.42234113812446594,0.6780439615249634,-0.05675327032804489,0.38920217752456665,0.6734578609466553,-0.06355331093072891,his
0.7336370944976807,0.9292194843292236,3.6289088711782824e-07,0.7151291370391846,0.8190425634384155,-0.048394691199064255,0.6466606855392456,0.7177121043205261,-0.056420907378196716,0.5636977553367615,0.646242082118988,-0.0599144771695137,0.47773277759552,0.6367377638816833,-0.06172050163149834,0.5145408511161804,0.7096461653709412,0.0067636361345648766,0.4118005335330963,0.6548692584037781,-0.005552684888243675,0.3462054431438446,0.6308538913726807,-0.028017407283186913,0.2861948609352112,0.6098940372467041,-0.04729856550693512,0.4776570796966553,0.7562724947929382,0.016592467203736305,0.36282193660736084,0.7027173042297363,0.01076275110244751,0.2895656228065491,0.6714727878570557,-0.011913604103028774,0.22641271352767944,0.6446335911750793,-0.03275574371218681,0.4624081552028656,0.8114717602729797,0.017997879534959793,0.3553823232650757,0.7636563181877136,0.008504146710038185,0.29426872730255127,0.7303763628005981,-0.011978649534285069,0.2406606674194336,0.7030737400054932,-0.02966826595366001,0.4642609655857086,0.8736803531646729,0.013421549461781979,0.38728296756744385,0.8396545648574829,0.0028322043363004923,0.3415430188179016,0.8134034276008606,-0.007104069460183382,0.30184653401374817,0.7884044647216797,-0.016382094472646713,his
0.7464864253997803,0.9371642470359802,5.08252298914158e-07,0.7320084571838379,0.8256595134735107,-0.05043606832623482,0.6641046404838562,0.722815990447998,-0.05798579752445221,0.5812534093856812,0.6472504138946533,-0.06062636896967888,0.4943925738334656,0.6349757313728333,-0.06097951531410217,0.537672758102417,0.7137179374694824,0.015382018871605396,0.4409672021865845,0.6565364003181458,0.00901147723197937,0.3762081265449524,0.6280665993690491,-0.008499357849359512,0.3195905387401581,0.6051960587501526,-0.02403450571000576,0.500903308391571,0.7579261660575867,0.028291312977671623,0.39073634147644043,0.7013812065124512,0.03062465973198414,0.3209399878978729,0.6672788858413696,0.015392634086310863,0.2620258331298828,0.6379867196083069,0.0006506339414045215,0.4843920171260834,0.8111566305160522,0.03175030276179314,0.3820645809173584,0.7585372924804688,0.027513697743415833,0.3248487710952759,0.7225874066352844,0.01278212945908308,0.2747041881084442,0.6933069229125977,-0.00011156050459248945,0.48324254155158997,0.8738712072372437,0.028654295951128006,0.4112847149372101,0.8360552787780762,0.021082725375890732,0.36957311630249023,0.8066619634628296,0.014226162806153297,0.3335529863834381,0.7784503698348999,0.008041808381676674,his
0.6889232397079468,0.9490172863006592,5.170254553377163e-07,0.6973270177841187,0.859787106513977,-0.06132471561431885,0.6390786170959473,0.7575051784515381,-0.0713171735405922,0.5636358857154846,0.6800702810287476,-0.07081800699234009,0.4821125864982605,0.6598236560821533,-0.06868673115968704,0.5256104469299316,0.7306782007217407,-0.018078386783599854,0.4304180443286896,0.6667325496673584,-0.028420908376574516,0.3665183186531067,0.632615327835083,-0.04402535408735275,0.31178396940231323,0.604158341884613,-0.057606376707553864,0.48676687479019165,0.7683932185173035,0.003027471015229821,0.38116878271102905,0.7038121223449707,-0.001031374093145132,0.3134804964065552,0.6639418601989746,-0.015720900148153305,0.2608891427516937,0.636102557182312,-0.028428329154849052,0.46687769889831543,0.8183373212814331,0.016310829669237137,0.37126654386520386,0.7592993378639221,0.005824880674481392,0.3152996897697449,0.7208993434906006,-0.010669643990695477,0.2673394978046417,0.6902045011520386,-0.022680317983031273,0.4596315622329712,0.8769484758377075,0.02364267408847809,0.3924599289894104,0.8358913064002991,0.00997473020106554,0.3560172915458679,0.8077049851417542,0.0004140386881772429,0.3259884715080261,0.7793436646461487,-0.00604936433956027,his
0.7984089255332947,0.7600882649421692,4.696009270332979e-08,0.7783001661300659,0.6490110158920288,-0.040449243038892746,0.7065905928611755,0.5650608539581299,-0.06000983715057373,0.6286922097206116,0.5156676173210144,-0.07717391848564148,0.5516854524612427,0.5154001116752625,-0.09717053920030594,0.5826394557952881,0.5841294527053833,-0.04259723052382469,0.4756304621696472,0.5496726036071777,-0.0813978761434555,0.4080923795700073,0.5418493747711182,-0.11754508316516876,0.3426728844642639,0.5371867418289185,-0.1448449343442917,0.559020459651947,0.635440468788147,-0.048623766750097275,0.43518558144569397,0.6034519076347351,-0.08008274435997009,0.35540592670440674,0.5913546085357666,-0.11401859670877457,0.28422409296035767,0.5809984803199768,-0.14382478594779968,0.5587473511695862,0.6920948624610901,-0.05968452990055084,0.44685274362564087,0.6668260097503662,-0.0909789651632309,0.371550589799881,0.6539331674575806,-0.11860475689172745,0.3036930561065674,0.6433746814727783,-0.14129072427749634,0.576768696308136,0.7513619661331177,-0.07457169890403748,0.49350953102111816,0.7347656488418579,-0.10267709940671921,0.439079612493515,0.7233368754386902,-0.11950628459453583,0.3868483304977417,0.7124500274658203,-0.13413575291633606,his
0.8152488470077515,0.7641557455062866,1.3277103505515697e-07,0.8142044544219971,0.637611448764801,-0.04184674844145775,0.7530893683433533,0.547477126121521,-0.07028321176767349,0.6799256801605225,0.5007267594337463,-0.09725219011306763,0.5982019901275635,0.48934170603752136,-0.12963959574699402,0.6308079957962036,0.5672097206115723,-0.07434220612049103,0.5246416330337524,0.5290077924728394,-0.12739726901054382,0.4560120701789856,0.5189272165298462,-0.17269043624401093,0.3861636817455292,0.511998176574707,-0.20712581276893616,0.6095783114433289,0.6186909675598145,-0.08877836912870407,0.48347973823547363,0.5830367207527161,-0.14096568524837494,0.40125638246536255,0.5717262029647827,-0.1933699995279312,0.3252786099910736,0.5595130920410156,-0.23785816133022308,0.6107765436172485,0.6754536628723145,-0.10599464923143387,0.49793800711631775,0.6522397994995117,-0.15647587180137634,0.41770052909851074,0.6398986577987671,-0.2011386603116989,0.34475022554397583,0.6299657225608826,-0.23655740916728973,0.6236415505409241,0.734991729259491,-0.1257694810628891,0.5471433997154236,0.7204880714416504,-0.16969990730285645,0.4923667311668396,0.7093685865402222,-0.19803297519683838,0.4367241859436035,0.6989651322364807,-0.22273804247379303,his
0.8954571485519409,0.7450841069221497,1.5823377452761633e-07,0.8954727649688721,0.6278830766677856,-0.040355123579502106,0.8350024223327637,0.5381386876106262,-0.06602789461612701,0.7650905847549438,0.489933580160141,-0.08989756554365158,0.6873726844787598,0.48468172550201416,-0.11906417459249496,0.7164059281349182,0.5595729947090149,-0.07056740671396255,0.6181796789169312,0.5206211805343628,-0.12322510033845901,0.5518526434898376,0.5100741386413574,-0.16745887696743011,0.4849201738834381,0.5056619644165039,-0.20069850981235504,0.694620668888092,0.6103585958480835,-0.08488409966230392,0.5747109651565552,0.5734540224075317,-0.13752000033855438,0.49581006169319153,0.5627831816673279,-0.18715231120586395,0.42251306772232056,0.5522277355194092,-0.22747360169887543,0.6965364813804626,0.6677080392837524,-0.10211856663227081,0.5899762511253357,0.6409896016120911,-0.15412963926792145,0.5133899450302124,0.6283212304115295,-0.19495604932308197,0.4411742687225342,0.6162709593772888,-0.22548796236515045,0.7106482982635498,0.7301357984542847,-0.12156663089990616,0.6379927396774292,0.7122402191162109,-0.1672089844942093,0.5860112905502319,0.6997048854827881,-0.19310477375984192,0.5306626558303833,0.6870929002761841,-0.21400761604309082,his
0.6583126187324524,0.7609724998474121,2.1666380689566722e-07,0.6296859383583069,0.6581626534461975,-0.04898550361394882,0.5460941195487976,0.5787975192070007,-0.06644288450479507,0.4624750018119812,0.5290487408638,-0.08064763993024826,0.38246527314186096,0.5255048274993896,-0.09615632146596909,0.4108683168888092,0.5962604284286499,-0.034123629331588745,0.29693686962127686,0.5619013905525208,-0.06886179000139236,0.2259131819009781,0.5490217804908752,-0.10255887359380722,0.15690773725509644,0.5415772199630737,-0.1287735253572464,0.3849579095840454,0.6492199301719666,-0.035930655896663666,0.2518148124217987,0.6147928237915039,-0.06657321751117706,0.16754558682441711,0.596762478351593,-0.09960559010505676,0.09282949566841125,0.5841938257217407,-0.1265997290611267,0.3837307393550873,0.7074128985404968,-0.04458899796009064,0.2591642737388611,0.6786946058273315,-0.07728762924671173,0.18015046417713165,0.6592943668365479,-0.10563068836927414,0.1096477210521698,0.6436585187911987,-0.12668776512145996,0.40142568945884705,0.7684727311134338,-0.058151911944150925,0.30884385108947754,0.7502670288085938,-0.08890163898468018,0.2519693970680237,0.7361975312232971,-0.10668445378541946,0.20017105340957642,0.7219024300575256,-0.12027841061353683,his
0.6776466965675354,0.838754415512085,2.458940855376568e-07,0.6513230800628662,0.721304178237915,-0.05730082094669342,0.5594254732131958,0.6247533559799194,-0.0741000846028328,0.4601496458053589,0.5594891905784607,-0.08600383996963501,0.3656456768512726,0.551828920841217,-0.09816807508468628,0.3960026800632477,0.6373242735862732,-0.026832083240151405,0.2641271948814392,0.5928764939308167,-0.05882953479886055,0.18396735191345215,0.5786918997764587,-0.09295917302370071,0.10946550965309143,0.5699454545974731,-0.1196710616350174,0.3623945713043213,0.6950166821479797,-0.02358756586909294,0.2088862955570221,0.6531818509101868,-0.04943791776895523,0.11517083644866943,0.6315290331840515,-0.0830286517739296,0.03544732928276062,0.6171890497207642,-0.11112489551305771,0.3571816086769104,0.7593506574630737,-0.028810469433665276,0.2141847163438797,0.7244054079055786,-0.058167602866888046,0.12664905190467834,0.6998688578605652,-0.08822963386774063,0.05055150389671326,0.6805034875869751,-0.1109509989619255,0.37523093819618225,0.8281089663505554,-0.03992042317986488,0.2714046835899353,0.8048945069313049,-0.06826949864625931,0.20810920000076294,0.7882429361343384,-0.0860273540019989,0.15132302045822144,0.770440936088562,-0.09973885118961334,his
0.754838228225708,0.7769525051116943,2.6638113581611833e-07,0.726689338684082,0.6659778356552124,-0.05322291702032089,0.6409186124801636,0.5777190327644348,-0.07086380571126938,0.5503121018409729,0.5212911367416382,-0.08472955226898193,0.46113383769989014,0.5142176747322083,-0.09933874756097794,0.4968687891960144,0.5902239680290222,-0.02763289585709572,0.3759676218032837,0.5498805642127991,-0.06065685674548149,0.30086177587509155,0.5346482992172241,-0.0950000211596489,0.22924211621284485,0.5243630409240723,-0.12189376354217529,0.4667646586894989,0.6462069153785706,-0.027186714112758636,0.326917827129364,0.6058093309402466,-0.05529742315411568,0.23719045519828796,0.5836871266365051,-0.08927980065345764,0.1588948667049408,0.5688564777374268,-0.11735615879297256,0.4621414244174957,0.708470344543457,-0.034740496426820755,0.3309769034385681,0.6735837459564209,-0.06625869870185852,0.2485867738723755,0.6499864459037781,-0.09621929377317429,0.17571833729743958,0.6319796442985535,-0.118597611784935,0.47704267501831055,0.7738334536552429,-0.04769738018512726,0.3804801106452942,0.7497137188911438,-0.07810474932193756,0.32113873958587646,0.7332413196563721,-0.09654165059328079,0.26797354221343994,0.7173140645027161,-0.11068568378686905,his
0.7364484071731567,0.7533335089683533,7.031226800791046e-07,0.6731168627738953,0.6272490620613098,-0.07224539667367935,0.5728548169136047,0.5731289386749268,-0.0998460054397583,0.4783424139022827,0.5528133511543274,-0.12356758862733841,0.378001868724823,0.56662917137146,-0.14834856986999512,0.45019903779029846,0.6254926919937134,-0.006983213592320681,0.3216336965560913,0.621320903301239,-0.03127945959568024,0.24421705305576324,0.6224680542945862,-0.06561028957366943,0.17746835947036743,0.631308913230896,-0.09267190098762512,0.4423736035823822,0.691428542137146,0.0019672373309731483,0.3066283166408539,0.6847473382949829,-0.014034398831427097,0.2223604917526245,0.6861064434051514,-0.04772137105464935,0.1540994942188263,0.6892508864402771,-0.07695097476243973,0.4525725841522217,0.7525886297225952,-0.00224719918332994,0.33377590775489807,0.7482490539550781,-0.02125987596809864,0.25942960381507874,0.7435008883476257,-0.0525691881775856,0.19429194927215576,0.7390915155410767,-0.07880805432796478,0.47274741530418396,0.8105463981628418,-0.015578643418848515,0.38685667514801025,0.8087130784988403,-0.037167783826589584,0.3302178680896759,0.8069007396697998,-0.056897588074207306,0.27862727642059326,0.7990831136703491,-0.07501528412103653,his
0.7211998701095581,0.8291972279548645,7.223765692287998e-07,0.6568294763565063,0.7002084255218506,-0.04384562373161316,0.5501394271850586,0.6375823020935059,-0.05037238448858261,0.4512210786342621,0.6124137043952942,-0.05596783012151718,0.36445850133895874,0.6369332671165466,-0.06164901703596115,0.43966445326805115,0.6901282072067261,0.03944770246744156,0.3171432614326477,0.6787095665931702,0.035509929060935974,0.24106918275356293,0.6794744729995728,0.013751056976616383,0.1735624074935913,0.685949981212616,-0.005310303997248411,0.4287800192832947,0.7507199645042419,0.044983819127082825,0.30252784490585327,0.7398579716682434,0.04810473695397377,0.2219051718711853,0.7360203862190247,0.024418069049715996,0.15945985913276672,0.739013135433197,0.003849897300824523,0.43581563234329224,0.8119243383407593,0.04001927003264427,0.32314789295196533,0.8046888113021851,0.0402674600481987,0.2537218928337097,0.7940764427185059,0.021108388900756836,0.19341981410980225,0.7881540060043335,0.004208940081298351,0.4551362097263336,0.8761221170425415,0.028080949559807777,0.36853137612342834,0.8685149550437927,0.02381337247788906,0.3152605891227722,0.8621554374694824,0.017186390236020088,0.2662905752658844,0.8510515093803406,0.010201151482760906,his
0.6871618628501892,0.8174103498458862,8.253570626948203e-07,0.6201596260070801,0.6931540369987488,-0.05489659309387207,0.5208413600921631,0.6404719352722168,-0.07274013757705688,0.42923298478126526,0.6211134791374207,-0.08943679928779602,0.33797401189804077,0.638383150100708,-0.10667624324560165,0.4141804873943329,0.6878356337547302,0.020773809403181076,0.292225182056427,0.6803809404373169,0.009799955412745476,0.21588876843452454,0.6793363094329834,-0.01589660346508026,0.15098422765731812,0.6860108375549316,-0.03731098398566246,0.4066436290740967,0.7513428330421448,0.026181193068623543,0.27695780992507935,0.7401087284088135,0.02282562479376793,0.1958511769771576,0.737792432308197,-0.0039144097827374935,0.13409855961799622,0.740234911441803,-0.027030814439058304,0.4143296182155609,0.8103265762329102,0.019923903048038483,0.3000742197036743,0.8025250434875488,0.01567692495882511,0.23040415346622467,0.794095516204834,-0.006441975478082895,0.16959154605865479,0.788783848285675,-0.026556292548775673,0.43032124638557434,0.8692659139633179,0.005453467834740877,0.34975093603134155,0.8626583218574524,-0.002043614163994789,0.29597222805023193,0.8580695390701294,-0.012323393486440182,0.24659205973148346,0.8503586649894714,-0.023340335115790367,his
0.7576274275779724,0.8016740083694458,5.367371613829164e-07,0.6930872201919556,0.6743387579917908,-0.03904091566801071,0.585686206817627,0.6136342287063599,-0.0418979749083519,0.48509693145751953,0.5873993635177612,-0.043996721506118774,0.40100377798080444,0.6087226271629333,-0.045833878219127655,0.47692203521728516,0.660611629486084,0.041013672947883606,0.356178879737854,0.6524103879928589,0.03724322468042374,0.28246599435806274,0.6541991233825684,0.017420915886759758,0.2164122462272644,0.6577264666557312,0.0005733140278607607,0.4652312099933624,0.7160639762878418,0.047146715223789215,0.3423483371734619,0.7064914107322693,0.05340166017413139,0.2652561664581299,0.7020046710968018,0.036335717886686325,0.2043287456035614,0.7011268138885498,0.0213159192353487,0.47296246886253357,0.7739969491958618,0.04337400570511818,0.36098164319992065,0.7693336009979248,0.0444360114634037,0.29284122586250305,0.7592138648033142,0.0324062705039978,0.23678866028785706,0.7515978217124939,0.02229473739862442,0.4958782494068146,0.8364545106887817,0.03309955075383186,0.40766647458076477,0.8327876925468445,0.029905634000897408,0.3550286591053009,0.8262078762054443,0.02803719975054264,0.3101171851158142,0.8139915466308594,0.02638002298772335,his
0.7572702169418335,0.8596692681312561,6.088979489504709e-07,0.6997178196907043,0.7349233031272888,-0.06194351240992546,0.5933634042739868,0.6705547571182251,-0.07925906032323837,0.4925212562084198,0.6424493193626404,-0.09273603558540344,0.3971676528453827,0.6609997749328613,-0.1065235361456871,0.46998003125190735,0.7171834111213684,0.00555726932361722,0.34147635102272034,0.7056554555892944,-0.011818842962384224,0.2626945972442627,0.7037970423698425,-0.039949096739292145,0.19301623106002808,0.7079802751541138,-0.06257670372724533,0.45704910159111023,0.7778283953666687,0.014841685071587563,0.32272738218307495,0.7642401456832886,0.005765821784734726,0.23849353194236755,0.7605123519897461,-0.020317664369940758,0.17016646265983582,0.760718822479248,-0.04237522557377815,0.465475857257843,0.8373323678970337,0.012306807562708855,0.3442898988723755,0.8274331092834473,-0.0011440743692219257,0.26953715085983276,0.8185476064682007,-0.02524932473897934,0.20374438166618347,0.8117114305496216,-0.044524870812892914,0.48678117990493774,0.8978179693222046,0.0017083936836570501,0.39755111932754517,0.8917432427406311,-0.015335139818489552,0.33943992853164673,0.8869529366493225,-0.029232654720544815,0.28731679916381836,0.8771836757659912,-0.04087065905332565,his
0.7330003976821899,0.8402285575866699,5.867132699677313e-07,0.6735224723815918,0.725879430770874,-0.0709562674164772,0.5738894939422607,0.6667916774749756,-0.0989864394068718,0.47434595227241516,0.6448842287063599,-0.12028864026069641,0.3815525770187378,0.6655954122543335,-0.1429368108510971,0.444462388753891,0.7161427736282349,-0.037734754383563995,0.3158038854598999,0.7103362679481506,-0.07232007384300232,0.23448847234249115,0.7148676514625549,-0.10914825648069382,0.16062963008880615,0.7246171832084656,-0.1368217170238495,0.43317386507987976,0.7791599631309509,-0.027690915390849113,0.2945666015148163,0.77400803565979,-0.05540034919977188,0.20610404014587402,0.7767292857170105,-0.08920666575431824,0.13190406560897827,0.7817634344100952,-0.11688489466905594,0.44416895508766174,0.8409377932548523,-0.02769782766699791,0.31953561305999756,0.8412476778030396,-0.05654730647802353,0.23851589858531952,0.8408980369567871,-0.08578110486268997,0.16833576560020447,0.8413223028182983,-0.10826018452644348,0.46732673048973083,0.900657057762146,-0.03527121618390083,0.3744150400161743,0.904154896736145,-0.06384815275669098,0.3127058148384094,0.9062290191650391,-0.08279428631067276,0.25566786527633667,0.9014782905578613,-0.09788673371076584,his
0.8346829414367676,0.8023783564567566,4.739743530990381e-07,0.7905008792877197,0.6939591765403748,-0.09459526091814041,0.6993736028671265,0.6287022829055786,-0.13652877509593964,0.606308102607727,0.6053483486175537,-0.1677926480770111,0.5120994448661804,0.627079963684082,-0.19964338839054108,0.5500234961509705,0.6773325204849243,-0.07085079699754715,0.4216004014015198,0.672190248966217,-0.11984286457300186,0.3437739610671997,0.6827594637870789,-0.16634981334209442,0.27415189146995544,0.6991555094718933,-0.19943605363368988,0.5380693078041077,0.7469622492790222,-0.053538959473371506,0.40005698800086975,0.7421567440032959,-0.0935308188199997,0.3102564215660095,0.7503572106361389,-0.13532929122447968,0.23482480645179749,0.7580930590629578,-0.16909928619861603,0.5473325848579407,0.8101478815078735,-0.048036474734544754,0.425320565700531,0.8102033138275146,-0.08630924671888351,0.3432639241218567,0.81236332654953,-0.12256334722042084,0.2716958820819855,0.8111417293548584,-0.15039747953414917,0.569724977016449,0.8679336309432983,-0.05204785615205765,0.47840991616249084,0.8732799291610718,-0.08702389895915985,0.4174109697341919,0.8764011859893799,-0.11177586019039154,0.3614773750305176,0.8728324770927429,-0.13218466937541962,his
0.8019244074821472,0.8135036826133728,7.172938580879418e-07,0.7479892373085022,0.7075395584106445,-0.11195223033428192,0.6566072106361389,0.6506582498550415,-0.16204455494880676,0.5651458501815796,0.6282921433448792,-0.19948863983154297,0.465724378824234,0.6500800251960754,-0.23684975504875183,0.5072776675224304,0.7011244893074036,-0.07561476528644562,0.3786144256591797,0.6981770992279053,-0.11911806464195251,0.2976503372192383,0.7031334042549133,-0.1621028333902359,0.22694778442382812,0.7172923684120178,-0.19397088885307312,0.4996771812438965,0.7712931632995605,-0.05046897009015083,0.3535192608833313,0.7659027576446533,-0.08439088612794876,0.2606070041656494,0.7706291675567627,-0.12368743121623993,0.1826382279396057,0.7766470909118652,-0.15670520067214966,0.511259138584137,0.8341118097305298,-0.039252229034900665,0.38210830092430115,0.8350844383239746,-0.0737495869398117,0.297993928194046,0.8355454206466675,-0.11103338748216629,0.2253955602645874,0.8327909708023071,-0.1409606784582138,0.5326317548751831,0.8905787467956543,-0.03946744650602341,0.43865904211997986,0.8976435661315918,-0.07305005192756653,0.37521252036094666,0.9007275104522705,-0.10064085572957993,0.3187059760093689,0.8974578976631165,-0.12466499954462051,his
0.7992081046104431,0.7789638042449951,5.079785978523432e-07,0.7432619333267212,0.6703837513923645,-0.08291734755039215,0.6452478170394897,0.6102914214134216,-0.1185494214296341,0.5478039979934692,0.5871739983558655,-0.1462886929512024,0.4517752230167389,0.6086429953575134,-0.17452822625637054,0.5027214288711548,0.6628463268280029,-0.05616295710206032,0.37166154384613037,0.6573399901390076,-0.09742178022861481,0.2920674979686737,0.6594693660736084,-0.13782067596912384,0.22012850642204285,0.6677574515342712,-0.16838647425174713,0.4918985366821289,0.7311937808990479,-0.04527973011136055,0.34701019525527954,0.7230570912361145,-0.07916387170553207,0.2553038001060486,0.7236080169677734,-0.11649969220161438,0.1791950762271881,0.7271790504455566,-0.14771120250225067,0.5037570595741272,0.7945740818977356,-0.045569777488708496,0.3736249804496765,0.793799638748169,-0.0807490199804306,0.29031044244766235,0.7900456190109253,-0.11450260877609253,0.21850678324699402,0.7843197584152222,-0.14097502827644348,0.5290594696998596,0.8528623580932617,-0.0544896274805069,0.4326028823852539,0.8572931885719299,-0.0891335979104042,0.3695395886898041,0.8564334511756897,-0.11327415704727173,0.31304046511650085,0.8498420715332031,-0.1332399845123291,his
0.7828181982040405,0.8004010915756226,3.5817714660879574e-07,0.7194012999534607,0.6615606546401978,-0.04344552755355835,0.596388578414917,0.5889696478843689,-0.04320117086172104,0.48061060905456543,0.5577396750450134,-0.040484849363565445,0.38756778836250305,0.5796325206756592,-0.038034722208976746,0.47129541635513306,0.6381369829177856,0.037851300090551376,0.3361356258392334,0.6226644515991211,0.03322555124759674,0.2583181858062744,0.6249524354934692,0.010352346114814281,0.18663081526756287,0.6265275478363037,-0.009481214918196201,0.4587746560573578,0.6980329155921936,0.046191949397325516,0.32093527913093567,0.6842004656791687,0.0533011294901371,0.23393768072128296,0.67740797996521,0.031148117035627365,0.16306886076927185,0.6736955642700195,0.009640101343393326,0.46775341033935547,0.7612003087997437,0.04425356537103653,0.34232985973358154,0.7520999908447266,0.04379979893565178,0.2672114372253418,0.742182195186615,0.02350642904639244,0.20269009470939636,0.7333685159683228,0.0057901302352547646,0.4928210973739624,0.8278717994689941,0.035928573459386826,0.39462020993232727,0.8208965063095093,0.030446618795394897,0.33570271730422974,0.8148881196975708,0.02375783585011959,0.2830677628517151,0.8038386106491089,0.0169777050614357,his
0.7515820264816284,0.8072075247764587,3.781069608521648e-07,0.6907269954681396,0.6858769059181213,-0.054726291447877884,0.5786223411560059,0.6216616034507751,-0.06752181053161621,0.46866902709007263,0.5961622595787048,-0.07614317536354065,0.37642017006874084,0.617536187171936,-0.08548551052808762,0.452800989151001,0.6712349653244019,-0.008709699846804142,0.3152761161327362,0.6603893637657166,-0.03455739468336105,0.23352231085300446,0.6608136296272278,-0.06752339750528336,0.15853875875473022,0.664300262928009,-0.09335815906524658,0.43703824281692505,0.7336022853851318,-0.0025393706746399403,0.2956694960594177,0.7228917479515076,-0.02201949805021286,0.20561563968658447,0.7204026579856873,-0.05300965905189514,0.13393372297286987,0.7229613065719604,-0.07886213809251785,0.4459001421928406,0.796183705329895,-0.005752153694629669,0.31855514645576477,0.7907218337059021,-0.02626691199839115,0.2401680052280426,0.7837754487991333,-0.05191615968942642,0.1738174855709076,0.7781782150268555,-0.07194020599126816,0.4719008505344391,0.8590180277824402,-0.015607628040015697,0.37616199254989624,0.8555859327316284,-0.03575385734438896,0.3154137134552002,0.8519777059555054,-0.049495093524456024,0.26122796535491943,0.843310534954071,-0.06079074367880821,his
0.7707971930503845,0.8303933143615723,5.250410026746977e-07,0.7080883979797363,0.7019317150115967,-0.07716833055019379,0.592775821685791,0.6296963095664978,-0.10093170404434204,0.48153260350227356,0.6029209494590759,-0.11740755289793015,0.3737085163593292,0.6113977432250977,-0.13479292392730713,0.45849108695983887,0.6789848804473877,-0.032383911311626434,0.31200864911079407,0.662298321723938,-0.06879085302352905,0.22501683235168457,0.6631444692611694,-0.11075758934020996,0.1454659104347229,0.669018566608429,-0.14315560460090637,0.4427037239074707,0.7477830648422241,-0.02185310609638691,0.2905220687389374,0.7324058413505554,-0.0536106713116169,0.19146838784217834,0.7315407991409302,-0.09643455594778061,0.11284279823303223,0.7372400164604187,-0.1312839388847351,0.450844407081604,0.8170433044433594,-0.023330986499786377,0.3132486641407013,0.8082455396652222,-0.05685140937566757,0.2254825234413147,0.804435670375824,-0.09666668623685837,0.14813482761383057,0.7997357845306396,-0.1268584281206131,0.47392114996910095,0.8840276598930359,-0.03308756276965141,0.3720528483390808,0.8822030425071716,-0.06810451298952103,0.30373573303222656,0.8848928213119507,-0.0955495834350586,0.23834802210330963,0.8792793154716492,-0.11726780980825424,his
0.7597870826721191,0.8599982857704163,5.234217610450287e-07,0.7028447389602661,0.7352926135063171,-0.07280442118644714,0.5987215638160706,0.6702809929847717,-0.09523718804121017,0.4978039264678955,0.6452113389968872,-0.11144211143255234,0.3960723876953125,0.6556177139282227,-0.12822122871875763,0.4709228277206421,0.7130551934242249,-0.014269772917032242,0.3386440873146057,0.6998143196105957,-0.041039109230041504,0.26075634360313416,0.7010459899902344,-0.07716541737318039,0.19092178344726562,0.7079983949661255,-0.10531787574291229,0.4571758806705475,0.777786135673523,-0.0021124095655977726,0.32013946771621704,0.7654052972793579,-0.02174769714474678,0.23229211568832397,0.7636951208114624,-0.058320868760347366,0.1619565784931183,0.7682609558105469,-0.08942712098360062,0.4644612967967987,0.841974675655365,-0.002286091912537813,0.3402232229709625,0.8329019546508789,-0.02536294236779213,0.2632262706756592,0.8282725214958191,-0.06013690307736397,0.1947542130947113,0.8238500952720642,-0.08790002018213272,0.4837470054626465,0.9043684005737305,-0.010754411108791828,0.3923754096031189,0.900820255279541,-0.036341723054647446,0.3324827253818512,0.8994187712669373,-0.05911291390657425,0.27656105160713196,0.8905564546585083,-0.07848858088254929,his
0.8292455673217773,0.9583423137664795,4.502688000229682e-07,0.7328860759735107,0.7845034003257751,-0.042871732264757156,0.5971307754516602,0.6947844624519348,-0.03281590715050697,0.46210333704948425,0.6557189226150513,-0.020508388057351112,0.34882059693336487,0.6747989654541016,-0.005496447905898094,0.44469743967056274,0.745663046836853,0.08885760605335236,0.27295786142349243,0.7167448997497559,0.10189169645309448,0.17978551983833313,0.7152808308601379,0.07881952077150345,0.09519407153129578,0.7166878581047058,0.05643558129668236,0.4264889359474182,0.8287688493728638,0.10684461146593094,0.26448243856430054,0.7969619631767273,0.12983021140098572,0.15489447116851807,0.7861245274543762,0.09544872492551804,0.06786566972732544,0.7845895886421204,0.060426149517297745,0.4273209571838379,0.9113260507583618,0.11314215511083603,0.2854619026184082,0.8871997594833374,0.13431411981582642,0.18549320101737976,0.8683056831359863,0.10727612674236298,0.10546687245368958,0.8596311211585999,0.07822161167860031,0.4435234069824219,0.9952929019927979,0.1118679940700531,0.3395785987377167,0.9793771505355835,0.12921512126922607,0.2642664909362793,0.9666423201560974,0.12548431754112244,0.19503363966941833,0.9561715126037598,0.1159069761633873,his
0.7610839605331421,0.8409044742584229,3.908714347744535e-07,0.6976044774055481,0.7066302299499512,-0.0515090674161911,0.5802507400512695,0.6335828304290771,-0.061966001987457275,0.4648515284061432,0.6036397218704224,-0.06951285153627396,0.3681369423866272,0.6222121715545654,-0.07822418212890625,0.45218056440353394,0.6830076575279236,0.0006497798021882772,0.3110550343990326,0.6663919687271118,-0.026421140879392624,0.22763210535049438,0.6669839024543762,-0.06236546114087105,0.15009468793869019,0.6705513596534729,-0.09070633351802826,0.43550723791122437,0.7454473972320557,0.003610169282183051,0.29215502738952637,0.7307698726654053,-0.01872166618704796,0.19900071620941162,0.7268990278244019,-0.05452048033475876,0.12317541241645813,0.728992760181427,-0.08365577459335327,0.4430829584598541,0.8122397661209106,-0.0033953608945012093,0.3090880513191223,0.8031246066093445,-0.028085365891456604,0.2255530059337616,0.7959228754043579,-0.05854151397943497,0.1534666121006012,0.7898448705673218,-0.081190325319767,0.46721580624580383,0.8826767206192017,-0.01664339005947113,0.3644867241382599,0.8789842128753662,-0.0418650284409523,0.2991184890270233,0.875261127948761,-0.059547021985054016,0.24002240598201752,0.8648879528045654,-0.07312367111444473,his
0.8985149264335632,0.9817975759506226,3.897269209574006e-07,0.8150940537452698,0.8263510465621948,-0.0584171786904335,0.6658073663711548,0.721929132938385,-0.061720121651887894,0.519449770450592,0.6773005723953247,-0.06032797694206238,0.3959176242351532,0.6940354704856873,-0.0571676567196846,0.48888659477233887,0.7616075277328491,0.04590921476483345,0.31212061643600464,0.7402651906013489,0.038764990866184235,0.21321052312850952,0.7413088083267212,0.0061407024040818214,0.1230589747428894,0.7457712292671204,-0.02224881574511528,0.4640190601348877,0.8462498188018799,0.05988521873950958,0.2942936420440674,0.8163068294525146,0.06098448485136032,0.1864522099494934,0.8043973445892334,0.021485665813088417,0.09736588597297668,0.8020278215408325,-0.015620164573192596,0.46647578477859497,0.9319294095039368,0.0613383986055851,0.30871111154556274,0.9076085686683655,0.057079169899225235,0.20821133255958557,0.8895555138587952,0.022282816469669342,0.12419599294662476,0.8809547424316406,-0.008804384618997574,0.4856431484222412,1.018904209136963,0.05502253770828247,0.35909533500671387,0.9981077909469604,0.04726162552833557,0.27595943212509155,0.9834336042404175,0.03289806470274925,0.20111864805221558,0.9707515239715576,0.017870372161269188,his
0.8369570374488831,0.8549803495407104,2.5690889060570044e-07,0.779204249382019,0.7384945154190063,-0.06467048078775406,0.6732745170593262,0.6718650460243225,-0.08460304886102676,0.5680049061775208,0.6476423144340515,-0.09854479134082794,0.4746142029762268,0.6646072268486023,-0.11318546533584595,0.5403519868850708,0.7164306640625,-0.027587438002228737,0.40723496675491333,0.7038151621818542,-0.06200166791677475,0.3310033679008484,0.7110254764556885,-0.10119196027517319,0.2603222131729126,0.7212011814117432,-0.1305599808692932,0.5261430740356445,0.7789493203163147,-0.01835002563893795,0.38881587982177734,0.7700638771057129,-0.046308696269989014,0.2978915274143219,0.7733479142189026,-0.08461616188287735,0.2227693498134613,0.7795676589012146,-0.1165633350610733,0.5357412695884705,0.8409368395805359,-0.018944090232253075,0.4116859436035156,0.8385087251663208,-0.0475701242685318,0.3312094509601593,0.8375287652015686,-0.0818144828081131,0.2619512677192688,0.8363780379295349,-0.10818184167146683,0.561729907989502,0.902315616607666,-0.026526907458901405,0.468338280916214,0.9040968418121338,-0.054294709116220474,0.40645021200180054,0.9042367339134216,-0.07646623998880386,0.34933167695999146,0.8986789584159851,-0.0945306196808815,his
0.7213776111602783,0.8000084757804871,6.418474072233948e-07,0.6694814562797546,0.684041440486908,-0.08071940392255783,0.5785529613494873,0.625898003578186,-0.1168554425239563,0.4884120523929596,0.6058344841003418,-0.14664505422115326,0.3932887315750122,0.6229311227798462,-0.17861610651016235,0.45524489879608154,0.6700459718704224,-0.044369686394929886,0.3336963653564453,0.6580273509025574,-0.08569974452257156,0.25720277428627014,0.6607089042663574,-0.13078954815864563,0.18877267837524414,0.669426441192627,-0.16506119072437286,0.44493699073791504,0.7320850491523743,-0.03525635600090027,0.31381285190582275,0.7197233438491821,-0.07331021875143051,0.22946101427078247,0.724583089351654,-0.12085533142089844,0.15571969747543335,0.7314497232437134,-0.1589549034833908,0.4532528817653656,0.7912365198135376,-0.03755483403801918,0.3365434408187866,0.7845877408981323,-0.07619601488113403,0.25783395767211914,0.7859495878219604,-0.12021181732416153,0.18811702728271484,0.7879645824432373,-0.15370364487171173,0.47053012251853943,0.8471179008483887,-0.04811215028166771,0.3856545686721802,0.8482090830802917,-0.08512173593044281,0.32478296756744385,0.8528516292572021,-0.11509785056114197,0.2678259015083313,0.8523290157318115,-0.1401349902153015,his
0.759280800819397,0.8299002647399902,4.5369552026386373e-07,0.7048045992851257,0.7127580642700195,-0.06333290785551071,0.6090422868728638,0.650538444519043,-0.08757992833852768,0.5120595693588257,0.627830982208252,-0.10740340501070023,0.4200040102005005,0.6471618413925171,-0.12878379225730896,0.4842115044593811,0.6981683969497681,-0.02939014323055744,0.3582319915294647,0.6882429122924805,-0.06513333320617676,0.28362375497817993,0.6901701092720032,-0.10467230528593063,0.21300843358039856,0.6970655918121338,-0.1351947784423828,0.47112569212913513,0.7589208483695984,-0.02576328068971634,0.3395769000053406,0.7496411204338074,-0.05776262655854225,0.2528802752494812,0.7504048347473145,-0.09680049121379852,0.1784621775150299,0.7568991184234619,-0.12853959202766418,0.4802461564540863,0.8194998502731323,-0.032154280692338943,0.3603752553462982,0.8145208358764648,-0.06536539644002914,0.28260838985443115,0.8135169148445129,-0.09950992465019226,0.21141982078552246,0.8136832118034363,-0.12546682357788086,0.5022404789924622,0.8787286877632141,-0.04548198729753494,0.4124580919742584,0.8799084424972534,-0.07880230247974396,0.3519666790962219,0.8818830251693726,-0.10200396180152893,0.29429683089256287,0.8786365389823914,-0.12038758397102356,his
0.7898944020271301,0.8205064535140991,4.515279670158634e-07,0.7199057340621948,0.695152997970581,-0.06713050603866577,0.5987054705619812,0.6258704662322998,-0.08350948244333267,0.47893428802490234,0.597858190536499,-0.09333889931440353,0.37604930996894836,0.6180181503295898,-0.10313209891319275,0.4605213403701782,0.6753782033920288,-0.015171080827713013,0.31153982877731323,0.661821722984314,-0.04452231526374817,0.222763329744339,0.6641361117362976,-0.08148820698261261,0.14097899198532104,0.6698182225227356,-0.10997482389211655,0.4431307315826416,0.7406693696975708,-0.0038097500801086426,0.2906525135040283,0.7287390232086182,-0.026747066527605057,0.1908646821975708,0.7287029027938843,-0.062478311359882355,0.10988059639930725,0.7342413067817688,-0.09147641062736511,0.4526863396167755,0.8078240156173706,-0.003162037581205368,0.3132302761077881,0.803337037563324,-0.027284611016511917,0.2258165180683136,0.7988963723182678,-0.05848964303731918,0.15054219961166382,0.7963770627975464,-0.08187081664800644,0.48127982020378113,0.8765268325805664,-0.010113158263266087,0.37767860293388367,0.875579297542572,-0.034275121986866,0.3093910217285156,0.8746590614318848,-0.05234389007091522,0.246927872300148,0.8689298033714294,-0.06622009724378586,his
0.8419985175132751,0.8799939155578613,3.276760196513351e-07,0.7771777510643005,0.7559992074966431,-0.0716104656457901,0.656556248664856,0.6816239953041077,-0.0897611454129219,0.5377921462059021,0.654396653175354,-0.10045050829648972,0.4354016184806824,0.67377769947052,-0.11079338937997818,0.5148209929466248,0.7239094972610474,-0.01897295191884041,0.3678300678730011,0.7078202962875366,-0.04795467108488083,0.28133225440979004,0.7111642360687256,-0.08488938957452774,0.20225566625595093,0.7179214954376221,-0.11354691535234451,0.49738290905952454,0.7921242713928223,-0.005310031585395336,0.3500431180000305,0.7766404747962952,-0.026345057412981987,0.25153058767318726,0.7766752243041992,-0.06179563328623772,0.17214056849479675,0.7824980020523071,-0.09199153631925583,0.5056500434875488,0.860306441783905,-0.0029965625144541264,0.37108537554740906,0.85161954164505,-0.024968812242150307,0.28487297892570496,0.8458199501037598,-0.05679604038596153,0.2105565071105957,0.8410509824752808,-0.08222152292728424,0.5316252708435059,0.9287202954292297,-0.008894113823771477,0.43089383840560913,0.9254871010780334,-0.03138306736946106,0.3632849156856537,0.9209072589874268,-0.050920676440000534,0.3017619848251343,0.9112313985824585,-0.06741215288639069,his
0.7495714426040649,0.8177016377449036,5.709902097805752e-07,0.6904178261756897,0.6933835744857788,-0.07637225836515427,0.5852993726730347,0.6279183626174927,-0.1061067134141922,0.4830927550792694,0.6055780053138733,-0.12930259108543396,0.3846636414527893,0.6273559331893921,-0.15415354073047638,0.4571796655654907,0.6743044257164001,-0.03744146600365639,0.32111555337905884,0.6645159721374512,-0.07743342965841293,0.2379394769668579,0.6707630753517151,-0.12174667418003082,0.16154173016548157,0.6818358302116394,-0.15535469353199005,0.4436388313770294,0.7396932244300842,-0.028864029794931412,0.3016647398471832,0.730748176574707,-0.06401392072439194,0.20816615223884583,0.7351380586624146,-0.10872872918844223,0.13118645548820496,0.7445169687271118,-0.14470049738883972,0.4523462653160095,0.8046122789382935,-0.031727906316518784,0.3236948251724243,0.8011338710784912,-0.06772734224796295,0.2393244504928589,0.8027939796447754,-0.10790331661701202,0.16575607657432556,0.8053466081619263,-0.13826484978199005,0.4736502468585968,0.8674377202987671,-0.042680345475673676,0.37850257754325867,0.8683992624282837,-0.07806389033794403,0.31383848190307617,0.8732739686965942,-0.10470708459615707,0.25376006960868835,0.8720595240592957,-0.1262149214744568,his
0.8405768275260925,0.8590244650840759,2.865972135168704e-07,0.7623531818389893,0.7207470536231995,-0.06891423463821411,0.6270236372947693,0.6401320695877075,-0.08421799540519714,0.49529966711997986,0.6059937477111816,-0.09340357035398483,0.38420528173446655,0.6258060336112976,-0.10207498073577881,0.4709509611129761,0.6853585839271545,-0.004931984934955835,0.30781859159469604,0.6690128445625305,-0.03396526724100113,0.21475473046302795,0.6757297515869141,-0.07299506664276123,0.1291566789150238,0.6838608384132385,-0.10321822017431259,0.45588019490242004,0.7553625106811523,0.006585285067558289,0.28961193561553955,0.7396316528320312,-0.011719228699803352,0.18266117572784424,0.7402315139770508,-0.0486639179289341,0.09519851207733154,0.7446361184120178,-0.08115122467279434,0.46661674976348877,0.8281440734863281,0.005842248443514109,0.3165630102157593,0.821738600730896,-0.015540901571512222,0.22148382663726807,0.8179700374603271,-0.048689018934965134,0.14136582612991333,0.8159438371658325,-0.07517777383327484,0.49714452028274536,0.9042134284973145,-0.0031880722381174564,0.3840816617012024,0.9026567339897156,-0.02502794750034809,0.3093697130680084,0.8992528319358826,-0.04404975846409798,0.2412298321723938,0.8913615345954895,-0.060296639800071716,his
0.817412257194519,0.8241283297538757,3.942402599932393e-07,0.7630683183670044,0.7081141471862793,-0.049642760306596756,0.6637612581253052,0.6433122754096985,-0.0667395368218422,0.5648550391197205,0.6202728152275085,-0.08125761896371841,0.47923436760902405,0.6425330638885498,-0.09762560576200485,0.5451465845108032,0.6875918507575989,-0.018018996343016624,0.4221457540988922,0.6754580140113831,-0.05015810206532478,0.34704381227493286,0.6779994368553162,-0.08664831519126892,0.2765224575996399,0.684033215045929,-0.11485262960195541,0.529349684715271,0.7454413175582886,-0.01851656846702099,0.40123289823532104,0.7342880368232727,-0.04647698253393173,0.3166090250015259,0.7347493171691895,-0.08216533809900284,0.24550288915634155,0.740649938583374,-0.11100766062736511,0.5359835028648376,0.8047269582748413,-0.027431905269622803,0.41845816373825073,0.799540638923645,-0.056016385555267334,0.34204375743865967,0.7972837090492249,-0.08611303567886353,0.275279700756073,0.7979608178138733,-0.10886628925800323,0.558282196521759,0.864616870880127,-0.04209286347031593,0.46893760561943054,0.8646762371063232,-0.07066906988620758,0.4097396433353424,0.865899384021759,-0.08949343115091324,0.35472238063812256,0.8631758689880371,-0.10409363359212875,his
0.776526689529419,0.7738526463508606,3.290336394456972e-07,0.7178215384483337,0.6571913361549377,-0.06642995774745941,0.6171905994415283,0.5967710614204407,-0.08869528025388718,0.5182732939720154,0.5741361975669861,-0.10484740883111954,0.4277087152004242,0.5930002927780151,-0.12122407555580139,0.4872676134109497,0.641987681388855,-0.025339769199490547,0.3560769259929657,0.6284171342849731,-0.05584757402539253,0.2810481786727905,0.6337950229644775,-0.0918569266796112,0.21304163336753845,0.6433737277984619,-0.11915791779756546,0.47443243861198425,0.7031865119934082,-0.015241189859807491,0.33850622177124023,0.6935763955116272,-0.0373421385884285,0.25121307373046875,0.6960868239402771,-0.07163677364587784,0.18067538738250732,0.7022842168807983,-0.10119159519672394,0.48479148745536804,0.7635233402252197,-0.015516203828155994,0.3621854782104492,0.7614484429359436,-0.03866118937730789,0.2849271595478058,0.7604687213897705,-0.07052022963762283,0.21882912516593933,0.7596232891082764,-0.09636487066745758,0.5104182362556458,0.8217705488204956,-0.023234520107507706,0.420096218585968,0.8251582384109497,-0.04690376669168472,0.36006250977516174,0.825431227684021,-0.06764404475688934,0.3056067228317261,0.8202441930770874,-0.08560486137866974,his
0.792232096195221,0.80641770362854,5.394960567173257e-07,0.7433854937553406,0.6923170685768127,-0.07291896641254425,0.6532485485076904,0.6312183141708374,-0.10308654606342316,0.5651917457580566,0.6091964244842529,-0.12761330604553223,0.47650662064552307,0.6259324550628662,-0.15385444462299347,0.5341589450836182,0.6690670251846313,-0.032747846096754074,0.4162103831768036,0.6574006080627441,-0.07195970416069031,0.34395676851272583,0.6632702946662903,-0.11603900045156479,0.27822044491767883,0.6739286184310913,-0.14905978739261627,0.5227327346801758,0.7272810935974121,-0.025292376056313515,0.39906400442123413,0.7159876823425293,-0.061413250863552094,0.31870776414871216,0.7196784019470215,-0.10840152204036713,0.24997153878211975,0.7274272441864014,-0.14532682299613953,0.5296910405158997,0.7846416234970093,-0.02887865900993347,0.4170438349246979,0.7790029048919678,-0.06561557948589325,0.3421229422092438,0.7802138924598694,-0.1081400215625763,0.2759632468223572,0.7831830978393555,-0.1395886391401291,0.5460929870605469,0.8411331176757812,-0.04003027454018593,0.4617789089679718,0.8403961062431335,-0.07462509721517563,0.40394386649131775,0.8434585928916931,-0.1024683341383934,0.350069522857666,0.842012882232666,-0.1251668632030487,his
0.7637545466423035,0.7945640087127686,4.981124561709294e-07,0.7059255242347717,0.6724715232849121,-0.06440529972314835,0.5998558402061462,0.610200822353363,-0.08664192259311676,0.4974478483200073,0.5871962308883667,-0.10490024089813232,0.3992651700973511,0.6055548787117004,-0.12431517243385315,0.47433528304100037,0.6578516364097595,-0.018741611391305923,0.3399401903152466,0.6465029120445251,-0.05225205421447754,0.2602112889289856,0.6474896669387817,-0.09130792319774628,0.18721646070480347,0.6527494192123413,-0.12176165729761124,0.4604707956314087,0.7206543684005737,-0.01545035932213068,0.32090920209884644,0.7106389403343201,-0.044631924480199814,0.23032599687576294,0.7105719447135925,-0.08301538228988647,0.15673699975013733,0.7151234149932861,-0.11415810883045197,0.4692189395427704,0.7846801280975342,-0.023508913815021515,0.34207290410995483,0.7790550589561462,-0.05454171448945999,0.26258280873298645,0.7755259871482849,-0.08855859935283661,0.19182056188583374,0.771182656288147,-0.11450552195310593,0.4921535551548004,0.8473255634307861,-0.039079226553440094,0.3970237672328949,0.8485385179519653,-0.07097475975751877,0.33491772413253784,0.849557101726532,-0.09375448524951935,0.27614274621009827,0.843132495880127,-0.11202272772789001,his
0.7430011630058289,0.7887179851531982,3.2848788578121457e-07,0.6808627843856812,0.6576830148696899,-0.04193870350718498,0.5673769116401672,0.5906141400337219,-0.04727792367339134,0.4594023823738098,0.5638918280601501,-0.05133937671780586,0.3707324266433716,0.586432695388794,-0.056240566074848175,0.45201414823532104,0.6378412842750549,0.019785217940807343,0.3198509216308594,0.6232657432556152,0.0036791269667446613,0.24366988241672516,0.6259294748306274,-0.025376392528414726,0.17183196544647217,0.6275236010551453,-0.04975159466266632,0.4377223551273346,0.6955771446228027,0.021883975714445114,0.3050922751426697,0.6850313544273376,0.011539328843355179,0.22029194235801697,0.6833135485649109,-0.018573390319943428,0.15083521604537964,0.6839680075645447,-0.04489944502711296,0.4444713294506073,0.7566303014755249,0.014573166146874428,0.32325610518455505,0.7536947727203369,0.000820524524897337,0.2493358552455902,0.7481771111488342,-0.025675294920802116,0.18584778904914856,0.7435035109519958,-0.0472731813788414,0.46656686067581177,0.8203858733177185,0.0014407825656235218,0.37407925724983215,0.8203800320625305,-0.014631088823080063,0.3155326843261719,0.8189131617546082,-0.028377166017889977,0.2629825472831726,0.8124622106552124,-0.040346674621105194,his
0.7560362815856934,0.7807604074478149,4.1791648186517705e-07,0.6973555088043213,0.6543741822242737,-0.053757332265377045,0.5899441242218018,0.5878481864929199,-0.07325571030378342,0.4860336184501648,0.5634655952453613,-0.09088216722011566,0.3925807774066925,0.5865729451179504,-0.1104222908616066,0.46823328733444214,0.6387268900871277,-0.014489823952317238,0.33708247542381287,0.6252387166023254,-0.05090245604515076,0.25941789150238037,0.6296253800392151,-0.09280392527580261,0.1863521933555603,0.6381880044937134,-0.1252480298280716,0.4539847671985626,0.6992884874343872,-0.017569703981280327,0.3193850517272949,0.6875959634780884,-0.05072620511054993,0.2313726842403412,0.6894495487213135,-0.09319762140512466,0.15692222118377686,0.6974505186080933,-0.1272808462381363,0.46349677443504333,0.7615774273872375,-0.030671799555420876,0.33977633714675903,0.7559203505516052,-0.06488988548517227,0.25986310839653015,0.754355251789093,-0.10116582363843918,0.18885651230812073,0.7552282214164734,-0.12837672233581543,0.4879409968852997,0.8245805501937866,-0.05010341480374336,0.39373767375946045,0.824279248714447,-0.08346564322710037,0.3312905430793762,0.8251364827156067,-0.10652859508991241,0.27283746004104614,0.8208004832267761,-0.12499433755874634,his
0.742012083530426,0.8077856302261353,3.6656888369179796e-07,0.6739381551742554,0.6662595272064209,-0.03424793481826782,0.5554283261299133,0.5979645252227783,-0.0316147543489933,0.4459090530872345,0.5710351467132568,-0.028498591855168343,0.36040598154067993,0.593936562538147,-0.026243537664413452,0.4499320387840271,0.6440566182136536,0.04202069342136383,0.3181331753730774,0.6295726895332336,0.03500306233763695,0.24021801352500916,0.6343140602111816,0.008998089469969273,0.1667940318584442,0.6370548605918884,-0.013905121944844723,0.4360022246837616,0.701413631439209,0.044295284897089005,0.30502015352249146,0.6917239427566528,0.044230859726667404,0.2212277054786682,0.687023937702179,0.013672854751348495,0.15141189098358154,0.6878162026405334,-0.013449057005345821,0.44426244497299194,0.7639139890670776,0.03761843591928482,0.3224864602088928,0.7633755803108215,0.03147172927856445,0.24902595579624176,0.7558701038360596,0.0040149022825062275,0.18317723274230957,0.750575065612793,-0.018340660259127617,0.4678539037704468,0.8328084945678711,0.0258185975253582,0.3710620701313019,0.8304759860038757,0.015703532844781876,0.3136942386627197,0.8274019360542297,0.004530627746134996,0.260558545589447,0.8183571100234985,-0.005466774106025696,his
0.704991340637207,0.8410404324531555,4.747635102830827e-07,0.6166979074478149,0.6729335784912109,-0.03975329548120499,0.5074407458305359,0.5917385816574097,-0.02276141196489334,0.3950481414794922,0.5700926780700684,-0.003349192440509796,0.30683448910713196,0.6006352305412292,0.018616246059536934,0.4419199824333191,0.6231204271316528,0.11006198078393936,0.31554114818573,0.6029052138328552,0.1317998468875885,0.23369868099689484,0.6080616116523743,0.11524026095867157,0.15944385528564453,0.6131789088249207,0.09712056815624237,0.42864754796028137,0.6877762079238892,0.12823033332824707,0.30101269483566284,0.6793746948242188,0.16154508292675018,0.21194586157798767,0.6752084493637085,0.13051268458366394,0.14125141501426697,0.6769627928733826,0.10075462609529495,0.4266773760318756,0.7622171640396118,0.1345449835062027,0.31399303674697876,0.7619882225990295,0.15411590039730072,0.23441390693187714,0.7501093745231628,0.12916076183319092,0.169999897480011,0.740592360496521,0.1077738031744957,0.44158631563186646,0.8475732803344727,0.13395825028419495,0.3547329604625702,0.8332737684249878,0.1460593342781067,0.29990220069885254,0.8274319767951965,0.1459464579820633,0.24795499444007874,0.8144229650497437,0.14396917819976807,his
0.7319896221160889,0.8383834362030029,7.032325584077626e-07,0.6452376842498779,0.6699499487876892,-0.040232494473457336,0.5224803686141968,0.5959409475326538,-0.030738728120923042,0.40694141387939453,0.5714637637138367,-0.021129461005330086,0.3145720660686493,0.5965844392776489,-0.009569957852363586,0.43040695786476135,0.643975555896759,0.0966186672449112,0.292825311422348,0.6214479207992554,0.11161084473133087,0.20930638909339905,0.6210722327232361,0.0949038490653038,0.13424918055534363,0.6232307553291321,0.07795491814613342,0.41639918088912964,0.7087149024009705,0.10914687067270279,0.2786182761192322,0.6947826743125916,0.13699261844158173,0.18922927975654602,0.6850997805595398,0.11309801042079926,0.11812400817871094,0.6826253533363342,0.09036897867918015,0.41773897409439087,0.7784921526908875,0.10901352763175964,0.2969783544540405,0.775688886642456,0.12739771604537964,0.21972063183784485,0.7596184015274048,0.10980451852083206,0.1541881263256073,0.7467302680015564,0.09376629441976547,0.43411391973495483,0.8559666275978088,0.10099717974662781,0.340786874294281,0.8462586402893066,0.11252650618553162,0.28472378849983215,0.8382891416549683,0.11426164209842682,0.23125723004341125,0.8230879902839661,0.11375024914741516,his
0.7578915953636169,0.8339360952377319,3.4780171631609846e-07,0.6752978563308716,0.6747651100158691,-0.029320068657398224,0.5685015916824341,0.5978801250457764,-0.014465010724961758,0.4602096676826477,0.5752511024475098,0.00018469756469130516,0.37818145751953125,0.6081880927085876,0.014984512701630592,0.5002727508544922,0.6264239549636841,0.09383133053779602,0.37754160165786743,0.6111786365509033,0.10386114567518234,0.29683035612106323,0.6176599264144897,0.08215153217315674,0.2231721580028534,0.6204949617385864,0.06143571063876152,0.4878469705581665,0.6849546432495117,0.10090888291597366,0.3605109453201294,0.6812865734100342,0.1190597340464592,0.26993823051452637,0.676815927028656,0.0845164954662323,0.1948411762714386,0.6762745976448059,0.05436435341835022,0.48951154947280884,0.7539936304092407,0.09801950305700302,0.3711526095867157,0.7590959072113037,0.10354059189558029,0.29146692156791687,0.7481762170791626,0.07395283877849579,0.22349995374679565,0.7364503741264343,0.05156766250729561,0.5033015608787537,0.8354102969169617,0.0899377390742302,0.41476547718048096,0.8262969255447388,0.09020961076021194,0.3564112186431885,0.8197516202926636,0.08469989895820618,0.30335360765457153,0.8045549988746643,0.08011529594659805,his
0.839900553226471,0.8465038537979126,2.7342289854459523e-07,0.7732975482940674,0.6991605162620544,-0.0322054922580719,0.6538342833518982,0.6291730403900146,-0.03249490633606911,0.5418511033058167,0.6020903587341309,-0.032884061336517334,0.45192408561706543,0.6219622492790222,-0.03514062985777855,0.5473160147666931,0.6686885952949524,0.03571012243628502,0.41182607412338257,0.6520520448684692,0.023881321772933006,0.33170461654663086,0.6593932509422302,-0.005094009917229414,0.25709280371665955,0.6637884378433228,-0.029131820425391197,0.5333997011184692,0.7254965901374817,0.03608718514442444,0.39917993545532227,0.7183117270469666,0.033258114010095596,0.30873867869377136,0.716317355632782,0.00013873018906451762,0.23146846890449524,0.717961311340332,-0.028979439288377762,0.5415427684783936,0.7896766662597656,0.028476951643824577,0.41680213809013367,0.7888633608818054,0.020008491352200508,0.33532923460006714,0.7812110185623169,-0.008942055515944958,0.2626298666000366,0.7760828733444214,-0.032170090824365616,0.5649033188819885,0.8627230525016785,0.016368649899959564,0.4668043255805969,0.8590039014816284,0.003965357318520546,0.4045543670654297,0.8545694351196289,-0.007140257861465216,0.3470368981361389,0.8459277749061584,-0.01638837344944477,his
0.8316987752914429,0.8025094866752625,4.643977717933012e-07,0.764378547668457,0.6846411228179932,-0.07433237880468369,0.6527438163757324,0.6192777156829834,-0.10071347653865814,0.5457367300987244,0.5982611179351807,-0.12099024653434753,0.4483761787414551,0.6230000257492065,-0.14209114015102386,0.5155833959579468,0.6721531748771667,-0.033669378608465195,0.37452393770217896,0.6643083691596985,-0.06992364674806595,0.2911685109138489,0.6673998236656189,-0.11057749390602112,0.21483251452445984,0.6762405633926392,-0.14222995936870575,0.5030140280723572,0.7432171106338501,-0.025776509195566177,0.35199636220932007,0.733967125415802,-0.056717269122600555,0.25444355607032776,0.7361036539077759,-0.0983753502368927,0.17577943205833435,0.742719829082489,-0.13289304077625275,0.5139456987380981,0.8110369443893433,-0.02914970926940441,0.37740427255630493,0.8087698817253113,-0.061052050441503525,0.290381520986557,0.807263195514679,-0.099341481924057,0.2156798541545868,0.8046071529388428,-0.12937502562999725,0.5411085486412048,0.8747109174728394,-0.04065241292119026,0.43935343623161316,0.8776842951774597,-0.07240352779626846,0.3735874891281128,0.8783980011940002,-0.09788554906845093,0.31303703784942627,0.8732782006263733,-0.11928953230381012,his
0.8403648138046265,0.8626770377159119,3.2672576821823895e-07,0.7761839628219604,0.7403532266616821,-0.07001487910747528,0.6617736220359802,0.6729447245597839,-0.09173627942800522,0.5527565479278564,0.6495393514633179,-0.1072654277086258,0.45531797409057617,0.6706956028938293,-0.12354686856269836,0.5270659327507019,0.721268355846405,-0.028586847707629204,0.3872793912887573,0.7107541561126709,-0.06558506935834885,0.3072078227996826,0.7185187935829163,-0.10749221593141556,0.23326754570007324,0.7304690480232239,-0.13892212510108948,0.5131220817565918,0.787814736366272,-0.019227877259254456,0.3704323470592499,0.7799738049507141,-0.04895703122019768,0.27603578567504883,0.7844731211662292,-0.08901654928922653,0.19970294833183289,0.7931386232376099,-0.1223800927400589,0.5242326259613037,0.8545675873756409,-0.020946208387613297,0.3948943614959717,0.8520933389663696,-0.05127748101949692,0.31220147013664246,0.8517600297927856,-0.08666512370109558,0.24065804481506348,0.8509398102760315,-0.11413288861513138,0.5525039434432983,0.9206183552742004,-0.03046175092458725,0.45591628551483154,0.9232417345046997,-0.06012113019824028,0.39259326457977295,0.9233503341674805,-0.08337422460317612,0.33313146233558655,0.9166106581687927,-0.102569080889225,his
0.8151966333389282,0.8049371838569641,3.3085919426412147e-07,0.7505824565887451,0.6745193600654602,-0.04943878576159477,0.6267628073692322,0.603859543800354,-0.05834661424160004,0.5099560022354126,0.5759038925170898,-0.06454220414161682,0.4148547053337097,0.6026749610900879,-0.07200979441404343,0.4983066916465759,0.6554455757141113,0.002265376504510641,0.3572942614555359,0.643990159034729,-0.02346928045153618,0.2750348150730133,0.648813784122467,-0.05818380042910576,0.1982903778553009,0.6554359793663025,-0.08594486862421036,0.482404887676239,0.7173470258712769,0.004061373881995678,0.33895227313041687,0.7083070874214172,-0.01625126227736473,0.24705302715301514,0.7088850736618042,-0.05079292505979538,0.17128035426139832,0.7143939137458801,-0.0793645828962326,0.49215325713157654,0.7830168604850769,-0.0038569339085370302,0.358829140663147,0.7819792628288269,-0.02741929143667221,0.27634555101394653,0.7788870930671692,-0.05753128230571747,0.2046060562133789,0.7772499918937683,-0.08028066903352737,0.5202801823616028,0.8524042367935181,-0.017887922003865242,0.4155871272087097,0.8558816909790039,-0.04267042875289917,0.351055383682251,0.8558948636054993,-0.0602743960916996,0.291360080242157,0.8490042686462402,-0.07401455193758011,his
0.8322484493255615,0.8193068504333496,2.989471568071167e-07,0.7631704211235046,0.6954035758972168,-0.06553302705287933,0.6404648423194885,0.6271296143531799,-0.0853213369846344,0.5216429829597473,0.6046136021614075,-0.09983327984809875,0.4222186803817749,0.6286746859550476,-0.11525892466306686,0.5022958517074585,0.6843228936195374,-0.027814915403723717,0.3554455637931824,0.6750800013542175,-0.06539526581764221,0.26993972063064575,0.6819111704826355,-0.10666906833648682,0.1918695569038391,0.6924791932106018,-0.1379651576280594,0.48755577206611633,0.7538042664527893,-0.021581320092082024,0.3359794020652771,0.7463274598121643,-0.05268697813153267,0.23660239577293396,0.7511849999427795,-0.09261675179004669,0.15609318017959595,0.7601393461227417,-0.12566439807415009,0.49977853894233704,0.8208425641059875,-0.02563353441655636,0.36196988821029663,0.8225810527801514,-0.056519683450460434,0.2737569808959961,0.8227601647377014,-0.09098665416240692,0.19875016808509827,0.8231183886528015,-0.11781954020261765,0.5313493609428406,0.8869175910949707,-0.037114743143320084,0.4283495545387268,0.8937084674835205,-0.0667460486292839,0.36063438653945923,0.8943312764167786,-0.08901368826627731,0.2986281216144562,0.8895388841629028,-0.10732366144657135,his
0.8857758045196533,0.793418288230896,5.421318860499014e-07,0.8250019550323486,0.6843603253364563,-0.10059385001659393,0.7212048172950745,0.6183304190635681,-0.14706820249557495,0.6190130114555359,0.5967140793800354,-0.18373684585094452,0.514675498008728,0.6199742555618286,-0.22134843468666077,0.5628849267959595,0.6768403053283691,-0.0787530392408371,0.42506706714630127,0.6754897236824036,-0.13368673622608185,0.33990931510925293,0.6863461136817932,-0.18522273004055023,0.26334020495414734,0.706037163734436,-0.22318193316459656,0.5545367002487183,0.7521647810935974,-0.06564638763666153,0.4006958603858948,0.7508137226104736,-0.11242879182100296,0.29901570081710815,0.7619122266769409,-0.16298191249370575,0.2108951210975647,0.7759715914726257,-0.2043982297182083,0.5698765516281128,0.8206520676612854,-0.06517104059457779,0.4313286542892456,0.8258241415023804,-0.11248388886451721,0.3387294411659241,0.8334432244300842,-0.1599794328212738,0.25727587938308716,0.8412787914276123,-0.19663982093334198,0.6009070873260498,0.8834192752838135,-0.07444899529218674,0.4987810552120209,0.8952543139457703,-0.12026452273130417,0.4294793903827667,0.9034373164176941,-0.15492260456085205,0.365519642829895,0.9084733724594116,-0.18328088521957397,his
0.865912675857544,0.7973202466964722,8.527970862814982e-07,0.8025119304656982,0.6782042384147644,-0.10647337138652802,0.6937268972396851,0.6141819953918457,-0.1537226289510727,0.5906044244766235,0.5949263572692871,-0.19140297174453735,0.48238691687583923,0.621701717376709,-0.22941485047340393,0.5421565771102905,0.6682335734367371,-0.05936450883746147,0.4011714458465576,0.6674849987030029,-0.1057184562087059,0.3118305206298828,0.6732875108718872,-0.15291133522987366,0.23443979024887085,0.689407467842102,-0.1886478215456009,0.5354451537132263,0.7461526393890381,-0.044759802520275116,0.3778485059738159,0.7383151054382324,-0.083988718688488,0.2745140790939331,0.7451326847076416,-0.13032501935958862,0.1884385347366333,0.7565003037452698,-0.16768088936805725,0.5497721433639526,0.8165795207023621,-0.045593686401844025,0.40919172763824463,0.8138813972473145,-0.08869874477386475,0.31637251377105713,0.8162599205970764,-0.13411106169223785,0.2332087755203247,0.8190995454788208,-0.16851851344108582,0.574912428855896,0.8812931180000305,-0.05770757421851158,0.4738048315048218,0.8856618404388428,-0.10141143947839737,0.40329909324645996,0.8915987610816956,-0.13529929518699646,0.33594194054603577,0.8927412033081055,-0.1631256639957428,his
0.8088486790657043,0.7552890181541443,2.980409590236377e-07,0.7596235275268555,0.655226469039917,-0.10829512029886246,0.6701815724372864,0.594562292098999,-0.1643945276737213,0.5836804509162903,0.5776768922805786,-0.20891697704792023,0.48910948634147644,0.5965733528137207,-0.25571107864379883,0.5250807404518127,0.6532196998596191,-0.11353552341461182,0.40125027298927307,0.6569538712501526,-0.17986558377742767,0.32745152711868286,0.672451913356781,-0.2380279004573822,0.260092169046402,0.6921910643577576,-0.2800157368183136,0.5215063691139221,0.7252946496009827,-0.09708916395902634,0.3823549151420593,0.7335410714149475,-0.15647703409194946,0.29145699739456177,0.7495587468147278,-0.21494251489639282,0.20845657587051392,0.7632746696472168,-0.26331716775894165,0.538814127445221,0.787023663520813,-0.09130777418613434,0.4162694811820984,0.8028783202171326,-0.14740167558193207,0.32910141348838806,0.8172622919082642,-0.19880731403827667,0.25374048948287964,0.8266521692276001,-0.2391299158334732,0.5694507956504822,0.8419522643089294,-0.09500011056661606,0.4765506982803345,0.8659995198249817,-0.14472602307796478,0.41165342926979065,0.8802126049995422,-0.1823631078004837,0.3521381616592407,0.8906920552253723,-0.21431632339954376,his
0.8620873689651489,0.7559991478919983,5.397422455644119e-07,0.808626651763916,0.647542417049408,-0.11984825879335403,0.714658796787262,0.5845833420753479,-0.18189948797225952,0.6230423450469971,0.5672492980957031,-0.23233996331691742,0.5201485753059387,0.5873057842254639,-0.28530845046043396,0.5592370629310608,0.6504300832748413,-0.11259036511182785,0.428661048412323,0.6509538888931274,-0.1833207905292511,0.3480381369590759,0.6652044057846069,-0.24734224379062653,0.27788814902305603,0.688043475151062,-0.29373273253440857,0.5560826659202576,0.7291930317878723,-0.09646879881620407,0.40606626868247986,0.7306568026542664,-0.15921874344348907,0.308946430683136,0.7458315491676331,-0.22441722452640533,0.22129905223846436,0.7604487538337708,-0.2777199447154999,0.5733621716499329,0.7951480150222778,-0.09357459098100662,0.4408715069293976,0.8065705299377441,-0.15352395176887512,0.346821129322052,0.8182729482650757,-0.21300208568572998,0.2641822099685669,0.8262209892272949,-0.2597978413105011,0.6023850440979004,0.8530654907226562,-0.10164747387170792,0.5042879581451416,0.8733662366867065,-0.15556897222995758,0.43549221754074097,0.8863240480422974,-0.1984335482120514,0.3720966875553131,0.8946570158004761,-0.23548881709575653,his
0.776439905166626,0.7127612829208374,3.400373032036441e-07,0.7293796539306641,0.606249988079071,-0.11416745185852051,0.6424554586410522,0.5451229214668274,-0.1749332994222641,0.5569206476211548,0.5284538865089417,-0.223409503698349,0.4579920470714569,0.549022376537323,-0.2743210792541504,0.4939490258693695,0.6037441492080688,-0.11736920475959778,0.3689229488372803,0.6039671897888184,-0.18794375658035278,0.29440557956695557,0.6197195053100586,-0.25192999839782715,0.22743180394172668,0.6416242122650146,-0.29801493883132935,0.493228554725647,0.6766903400421143,-0.10023019462823868,0.3558868169784546,0.6789239645004272,-0.16333481669425964,0.26463305950164795,0.6936483383178711,-0.22868674993515015,0.18165487051010132,0.7068922519683838,-0.28340843319892883,0.5112714767456055,0.739043116569519,-0.09455054253339767,0.3887106776237488,0.747985303401947,-0.15385092794895172,0.30153989791870117,0.7622865438461304,-0.21212920546531677,0.22776514291763306,0.7744063138961792,-0.25861284136772156,0.5388007760047913,0.7922681570053101,-0.09878774732351303,0.4492852985858917,0.812099814414978,-0.15076015889644623,0.38506898283958435,0.8250185251235962,-0.19313563406467438,0.32619112730026245,0.8345818519592285,-0.23026692867279053,his
0.7685756683349609,0.7546675205230713,3.448200232014642e-07,0.6968401670455933,0.6276397109031677,-0.06854003667831421,0.5710564851760864,0.5620914697647095,-0.09128619730472565,0.448715478181839,0.5420357584953308,-0.10801279544830322,0.34480100870132446,0.5699467062950134,-0.12573501467704773,0.429943710565567,0.6191425919532776,-0.03390348330140114,0.27491456270217896,0.6144641637802124,-0.07265134155750275,0.18282610177993774,0.6220603585243225,-0.11450763046741486,0.0991719663143158,0.6324440836906433,-0.14635877311229706,0.4160167872905731,0.690146803855896,-0.026880403980612755,0.2580375075340271,0.6862635016441345,-0.05887208133935928,0.15527892112731934,0.6929619312286377,-0.09793029725551605,0.07143408060073853,0.7030497193336487,-0.12996675074100494,0.4301922619342804,0.7597616314888,-0.029983745887875557,0.28720396757125854,0.7651575803756714,-0.06069114804267883,0.19550371170043945,0.7657691240310669,-0.0928901955485344,0.11715489625930786,0.7661250829696655,-0.11802402883768082,0.46408480405807495,0.8281546831130981,-0.040749333798885345,0.3566804528236389,0.8367619514465332,-0.0699528232216835,0.28530704975128174,0.8381786346435547,-0.09000721573829651,0.22072137892246246,0.8340733051300049,-0.10632756352424622,his
0.7679793238639832,0.7493184208869934,2.2565809842944873e-07,0.7117339372634888,0.6392773985862732,-0.08640176802873611,0.6053184270858765,0.5730202794075012,-0.12784655392169952,0.5009173154830933,0.5514426231384277,-0.1603129804134369,0.40100646018981934,0.5770822167396545,-0.19462935626506805,0.4548358619213104,0.6291831731796265,-0.08264946192502975,0.31368207931518555,0.6255694627761841,-0.13992655277252197,0.22900864481925964,0.6413067579269409,-0.19187495112419128,0.1520206332206726,0.6604917645454407,-0.22936367988586426,0.4470919370651245,0.6987908482551575,-0.07243252545595169,0.29624348878860474,0.7004622220993042,-0.12124556303024292,0.19569271802902222,0.7155914902687073,-0.16993829607963562,0.10916408896446228,0.7294217348098755,-0.21033413708209991,0.4641464948654175,0.7629603743553162,-0.0717989131808281,0.32817578315734863,0.7742663621902466,-0.11661037057638168,0.2351410686969757,0.7852452993392944,-0.15715381503105164,0.1563875675201416,0.7940803170204163,-0.18915927410125732,0.49809038639068604,0.8227155208587646,-0.07941655814647675,0.39709386229515076,0.8414654731750488,-0.11980865895748138,0.3258685767650604,0.8505054712295532,-0.14831659197807312,0.26210394501686096,0.8560037016868591,-0.1719874143600464,his
0.8397936820983887,0.8164649605751038,2.6869517455452296e-07,0.7514873743057251,0.6697803139686584,-0.05281199514865875,0.6086493730545044,0.595000684261322,-0.05610281229019165,0.4736000597476959,0.5731924176216125,-0.055741578340530396,0.36850619316101074,0.5913084149360657,-0.05472543090581894,0.4733416736125946,0.6474761962890625,0.028113454580307007,0.3149470090866089,0.6335332989692688,0.011620691046118736,0.2241915762424469,0.6413363814353943,-0.02088005654513836,0.14095750451087952,0.6481971740722656,-0.04715937003493309,0.4611871838569641,0.7171012163162231,0.03686132654547691,0.304447203874588,0.7027100920677185,0.03140941634774208,0.20388713479042053,0.7027091979980469,-0.001376389293000102,0.12382745742797852,0.7072243094444275,-0.030848722904920578,0.47321581840515137,0.7876747250556946,0.034062135964632034,0.3291935324668884,0.7815282344818115,0.02515222318470478,0.23829710483551025,0.7784444689750671,-0.003188482718542218,0.1622925102710724,0.7755934000015259,-0.026950029656291008,0.5058508515357971,0.8623524904251099,0.02401122823357582,0.39482906460762024,0.8624250888824463,0.013745656237006187,0.32288962602615356,0.8602988719940186,0.002043867716565728,0.2579699158668518,0.8536529541015625,-0.009093126282095909,his
0.8196073770523071,0.7966806292533875,2.726139030073682e-07,0.7507449388504028,0.6640031337738037,-0.05854461342096329,0.6178081631660461,0.591813862323761,-0.07094310224056244,0.4942086935043335,0.5693054795265198,-0.07896125316619873,0.3951575756072998,0.5972275733947754,-0.08767767995595932,0.48383450508117676,0.6414140462875366,-0.00819535180926323,0.3313092589378357,0.6287238597869873,-0.037943847477436066,0.24225419759750366,0.6357202529907227,-0.07478182017803192,0.16073980927467346,0.6437558531761169,-0.10373550653457642,0.4676338732242584,0.7086688876152039,-0.0027961113955825567,0.3142701983451843,0.6990206241607666,-0.025254271924495697,0.2119065821170807,0.7004905939102173,-0.06207333132624626,0.1284063160419464,0.7051069140434265,-0.09323836863040924,0.4785958230495453,0.778076708316803,-0.007956164889037609,0.33813154697418213,0.7754663228988647,-0.03355445712804794,0.24847781658172607,0.7733191251754761,-0.06715720146894455,0.17121344804763794,0.7710627913475037,-0.09292050451040268,0.5086833834648132,0.8490432500839233,-0.02003699541091919,0.4006712734699249,0.8512993454933167,-0.04639222472906113,0.32990097999572754,0.8496792316436768,-0.06713572889566422,0.26465660333633423,0.8413487672805786,-0.08394885808229446,his
0.8216482400894165,0.8079465627670288,1.566961742582862e-07,0.7477543354034424,0.6674955487251282,-0.04636671766638756,0.6124074459075928,0.5914177298545837,-0.05221930518746376,0.4851347804069519,0.5657583475112915,-0.05511655658483505,0.38852325081825256,0.5901491045951843,-0.05869900807738304,0.4746372401714325,0.6410433650016785,0.010561560280621052,0.31975606083869934,0.6258721947669983,-0.011936328373849392,0.2323574423789978,0.6347540616989136,-0.04610443115234375,0.15261903405189514,0.6430530548095703,-0.07319002598524094,0.46157294511795044,0.708402156829834,0.01382067333906889,0.3061023950576782,0.6963053941726685,0.0012985540088266134,0.20785686373710632,0.6968998908996582,-0.032790739089250565,0.12765762209892273,0.7000918984413147,-0.06294546276330948,0.47461849451065063,0.7769558429718018,0.007770512253046036,0.3321434259414673,0.7731781601905823,-0.007607175037264824,0.24233153462409973,0.7708022594451904,-0.037937138229608536,0.16620272397994995,0.7694584131240845,-0.06279689818620682,0.5087168216705322,0.8476145267486572,-0.004186786245554686,0.398545503616333,0.850238025188446,-0.020773855969309807,0.32901787757873535,0.8505358695983887,-0.03516378253698349,0.26620766520500183,0.8463426828384399,-0.04790795221924782,his
0.7797810435295105,0.8007236123085022,2.6608452685650263e-07,0.7078031897544861,0.658598005771637,-0.037494417279958725,0.5797810554504395,0.5881323218345642,-0.040185458958148956,0.45995599031448364,0.5630578994750977,-0.04179298132658005,0.366912305355072,0.5945671796798706,-0.0456119142472744,0.45765241980552673,0.6396276950836182,0.022507399320602417,0.3143499493598938,0.6277945041656494,0.0055426182225346565,0.23075273633003235,0.6384514570236206,-0.026596426963806152,0.15110918879508972,0.6468168497085571,-0.05311056599020958,0.4449605643749237,0.6997233629226685,0.022980552166700363,0.3012067377567291,0.6964424252510071,0.014690181240439415,0.2078230381011963,0.6978350281715393,-0.019035445526242256,0.12760215997695923,0.703546404838562,-0.04882272332906723,0.4572640657424927,0.7651879191398621,0.015207424759864807,0.32426559925079346,0.7715103626251221,0.0028448249213397503,0.24145358800888062,0.7685959935188293,-0.026034295558929443,0.1683841347694397,0.768893837928772,-0.04962209612131119,0.4871595799922943,0.8363893032073975,0.0024400472175329924,0.3798542618751526,0.8406088352203369,-0.012554226443171501,0.3151628375053406,0.8399233818054199,-0.024474898353219032,0.2557201385498047,0.8350546360015869,-0.034846965223550797,his
0.8194597959518433,0.8209336996078491,2.2365028939930198e-07,0.736594021320343,0.6732538938522339,-0.040353719145059586,0.5958872437477112,0.5997238755226135,-0.04100861772894859,0.4655413329601288,0.5778449177742004,-0.040766578167676926,0.36567628383636475,0.5991728901863098,-0.04160892590880394,0.4712410867214203,0.6518562436103821,0.029643589630723,0.3200182318687439,0.6373571157455444,0.011052764020860195,0.23105600476264954,0.644815981388092,-0.021963534876704216,0.148309588432312,0.651664674282074,-0.048402972519397736,0.45771118998527527,0.715296745300293,0.030690858140587807,0.3060604929924011,0.7019954919815063,0.02187173068523407,0.20614054799079895,0.7007882595062256,-0.0114055797457695,0.12359723448753357,0.7031769752502441,-0.04041576758027077,0.46948012709617615,0.7832022309303284,0.02175753377377987,0.327248752117157,0.7780383825302124,0.00860621314495802,0.23713088035583496,0.7743690013885498,-0.020314041525125504,0.15960195660591125,0.7710356712341309,-0.043465275317430496,0.5010293126106262,0.8586012721061707,0.0071020848117768764,0.3891453742980957,0.8578307628631592,-0.007382489275187254,0.318888783454895,0.8554184436798096,-0.019393039867281914,0.2545050382614136,0.8488726615905762,-0.029980087652802467,his
0.8375554084777832,0.7837197780609131,4.1522753235767595e-07,0.7659937143325806,0.6539278030395508,-0.06483521312475204,0.6402654647827148,0.5878724455833435,-0.07838895171880722,0.5212446451187134,0.5665073990821838,-0.08676725625991821,0.4199696183204651,0.5930924415588379,-0.0957605242729187,0.5112470388412476,0.6383302211761475,-0.0009600491030141711,0.3633540868759155,0.631391167640686,-0.026359165087342262,0.2763957381248474,0.6384352445602417,-0.06322900205850601,0.19653764367103577,0.6481637954711914,-0.09277752786874771,0.496133416891098,0.7053291201591492,0.00842955056577921,0.3459954261779785,0.700783908367157,-0.010870379395782948,0.24741309881210327,0.7042760252952576,-0.049506399780511856,0.16958242654800415,0.7121507525444031,-0.08171229809522629,0.5065990090370178,0.7734143733978271,0.006172584369778633,0.36833953857421875,0.7734681367874146,-0.016199158504605293,0.2830692529678345,0.7729789018630981,-0.05151696130633354,0.20967066287994385,0.7712607383728027,-0.07885295152664185,0.5348615646362305,0.8419604301452637,-0.003744409652426839,0.43132680654525757,0.8466548919677734,-0.027857810258865356,0.3650006353855133,0.8483160138130188,-0.04882378503680229,0.30490174889564514,0.8413900136947632,-0.06598746031522751,his
0.8436722755432129,0.7768390774726868,3.039321825326624e-07,0.7690752744674683,0.651640772819519,-0.07802774012088776,0.6444670557975769,0.5837679505348206,-0.10596618801355362,0.521767258644104,0.5644311308860779,-0.12653493881225586,0.414570152759552,0.5925880670547485,-0.1473124921321869,0.4931116998195648,0.6409732103347778,-0.03621667996048927,0.33807846903800964,0.6330900192260742,-0.07526122033596039,0.24988794326782227,0.645269513130188,-0.1191248819231987,0.17073947191238403,0.6622765064239502,-0.15176637470722198,0.48232194781303406,0.7148585915565491,-0.025029564276337624,0.3221176862716675,0.7103826999664307,-0.053561218082904816,0.21738553047180176,0.7184281349182129,-0.09414359927177429,0.13306161761283875,0.7310135364532471,-0.1290300339460373,0.49802088737487793,0.7845731973648071,-0.025595156475901604,0.354197233915329,0.7907832264900208,-0.053333066403865814,0.26068800687789917,0.792479395866394,-0.08861193805932999,0.18120041489601135,0.7940539121627808,-0.11769023537635803,0.531030535697937,0.8502780795097351,-0.0349520668387413,0.4210481643676758,0.8611325025558472,-0.06205827370285988,0.34727850556373596,0.8639658093452454,-0.0843164324760437,0.28124845027923584,0.8615177869796753,-0.1038467139005661,his
0.8646906614303589,0.7827683687210083,2.65363581775091e-07,0.793674647808075,0.6675257682800293,-0.078962542116642,0.6699424982070923,0.5988457202911377,-0.10947396606206894,0.5480934381484985,0.571607768535614,-0.13224880397319794,0.44184109568595886,0.5952354669570923,-0.15515674650669098,0.5082012414932251,0.6601974368095398,-0.053924478590488434,0.3516085147857666,0.6559829711914062,-0.10045559704303741,0.2599622309207916,0.6668462753295898,-0.14571475982666016,0.17674243450164795,0.681932806968689,-0.179269939661026,0.49605217576026917,0.7331625819206238,-0.04478221759200096,0.3281829357147217,0.7339513301849365,-0.0831872969865799,0.22198322415351868,0.7436000108718872,-0.12456022948026657,0.1318100094795227,0.7563279271125793,-0.1586446464061737,0.5138638019561768,0.8019993305206299,-0.046075183898210526,0.36251524090766907,0.8142142295837402,-0.08324962109327316,0.2649223804473877,0.8186749219894409,-0.11746806651353836,0.17960390448570251,0.8226898908615112,-0.1440202295780182,0.5527144074440002,0.8676514625549316,-0.05569339916110039,0.439554899930954,0.8850487470626831,-0.09085796028375626,0.36326736211776733,0.8901853561401367,-0.11404207348823547,0.29379862546920776,0.8910280466079712,-0.13238166272640228,his
0.9029427766799927,0.7746209502220154,3.772354659759003e-07,0.8465750217437744,0.6673173904418945,-0.08969153463840485,0.7408297061920166,0.5974249243736267,-0.1284359097480774,0.6300914287567139,0.5720104575157166,-0.15794163942337036,0.5282986760139465,0.5948561429977417,-0.18798764050006866,0.5805350542068481,0.6549469828605652,-0.07177677750587463,0.4407556653022766,0.6528549194335938,-0.12424638867378235,0.35562580823898315,0.6643248200416565,-0.1722007393836975,0.2776874303817749,0.681171715259552,-0.20709271728992462,0.5675491094589233,0.7277185916900635,-0.06003718078136444,0.4123440086841583,0.729414701461792,-0.10457485914230347,0.3104793429374695,0.7393699884414673,-0.1499660313129425,0.2208714485168457,0.7518761157989502,-0.18649882078170776,0.5819517374038696,0.7946625351905823,-0.05908758193254471,0.4428178668022156,0.8050262331962585,-0.10344555974006653,0.3495376706123352,0.8117945790290833,-0.1424960345029831,0.2664065659046173,0.8176325559616089,-0.17164798080921173,0.6155827641487122,0.8590335249900818,-0.06682030856609344,0.5107067823410034,0.8742730021476746,-0.1090562492609024,0.44103938341140747,0.8816012144088745,-0.13636845350265503,0.37667766213417053,0.8859360218048096,-0.15714909136295319,his
0.8964335918426514,0.7601652145385742,3.365944110100827e-07,0.8228573799133301,0.6244122385978699,-0.08292560279369354,0.6938773393630981,0.5490012168884277,-0.11292315274477005,0.5665056705474854,0.524174153804779,-0.13512924313545227,0.45261654257774353,0.5486108064651489,-0.1576516330242157,0.53340744972229,0.6054607033729553,-0.036725591868162155,0.3704468607902527,0.5947732329368591,-0.07683543115854263,0.27931278944015503,0.6052643060684204,-0.12297506630420685,0.19634845852851868,0.6219044923782349,-0.1578306406736374,0.5212191939353943,0.6824543476104736,-0.025431297719478607,0.3547138273715973,0.6723960041999817,-0.05484629049897194,0.24734988808631897,0.6792306303977966,-0.09839725494384766,0.16057336330413818,0.6922657489776611,-0.13599087297916412,0.5363858938217163,0.7567541599273682,-0.02669525146484375,0.3859670162200928,0.7557456493377686,-0.0556013360619545,0.2897278368473053,0.7564511299133301,-0.0940786674618721,0.2066972553730011,0.7580417394638062,-0.12608380615711212,0.5694519877433777,0.8281267285346985,-0.0372731052339077,0.45669466257095337,0.8347775936126709,-0.06619437038898468,0.3816140592098236,0.8362113237380981,-0.09071154147386551,0.3125591278076172,0.8310697078704834,-0.11255838721990585,his
0.8999922871589661,0.8254148960113525,1.660201718323151e-07,0.8070383667945862,0.6585707664489746,-0.04780310392379761,0.645136296749115,0.5673398375511169,-0.05027409642934799,0.495845228433609,0.5351858735084534,-0.05094524845480919,0.38198474049568176,0.5523345470428467,-0.05182239040732384,0.49012333154678345,0.6226411461830139,0.030626460909843445,0.3219764232635498,0.6017060279846191,0.011052098125219345,0.22746539115905762,0.610855221748352,-0.025781814008951187,0.1389240324497223,0.6166197061538696,-0.05596359819173813,0.4749561846256256,0.6994758248329163,0.03355633094906807,0.3067801594734192,0.6786353588104248,0.027200758457183838,0.20420876145362854,0.6785957217216492,-0.007675183936953545,0.12072265148162842,0.6784696578979492,-0.039942387491464615,0.48794496059417725,0.7777140140533447,0.025307156145572662,0.33121436834335327,0.7688039541244507,0.01606752537190914,0.235383540391922,0.764788806438446,-0.011959569528698921,0.15544921159744263,0.7601235508918762,-0.036922283470630646,0.5258435010910034,0.861555814743042,0.009977294132113457,0.4044283628463745,0.858586311340332,-0.0006205555400811136,0.32713618874549866,0.8566615581512451,-0.01038414891809225,0.25753146409988403,0.8514697551727295,-0.020781725645065308,his
0.8200274705886841,0.7916621565818787,1.394442392665951e-07,0.7402389049530029,0.636701762676239,-0.05468904227018356,0.5913457870483398,0.5573348999023438,-0.06314704567193985,0.45063287019729614,0.5317280292510986,-0.06794770807027817,0.3460012674331665,0.5564786195755005,-0.07332577556371689,0.44018465280532837,0.6164848804473877,0.005705440882593393,0.27276331186294556,0.6022120118141174,-0.022148875519633293,0.17919796705245972,0.6123365163803101,-0.06139301508665085,0.0936863124370575,0.6217976212501526,-0.09262631833553314,0.4275466501712799,0.6928192377090454,0.010099336504936218,0.2595718502998352,0.6811142563819885,-0.008289508521556854,0.15378710627555847,0.6838147640228271,-0.048070766031742096,0.06771519780158997,0.6859260201454163,-0.0831449031829834,0.4426438808441162,0.7683897018432617,0.00400911271572113,0.28932464122772217,0.766013503074646,-0.016916390508413315,0.19117894768714905,0.7653185129165649,-0.05136510357260704,0.10948386788368225,0.762870192527771,-0.07947682589292526,0.48099881410598755,0.843417763710022,-0.008909642696380615,0.3624083995819092,0.8491408824920654,-0.03019891306757927,0.28592097759246826,0.8503068685531616,-0.04814387485384941,0.21699562668800354,0.8445456624031067,-0.06397726386785507,his
0.9636424779891968,0.9219345450401306,5.746201736656076e-07,0.8826540112495422,0.7831528782844543,-0.08583784848451614,0.7358742952346802,0.6905108094215393,-0.10092007368803024,0.5854503512382507,0.6474180221557617,-0.10454227775335312,0.45895493030548096,0.6647939682006836,-0.10351699590682983,0.5501601099967957,0.7396615743637085,0.012424388900399208,0.3682880997657776,0.7150965929031372,0.00581306591629982,0.2615058422088623,0.7187970876693726,-0.020621877163648605,0.1712208390235901,0.7273820042610168,-0.04317958280444145,0.5297903418540955,0.8244429230690002,0.04327569529414177,0.3545990586280823,0.7968333959579468,0.05339549109339714,0.24191653728485107,0.7912546396255493,0.027204761281609535,0.15562057495117188,0.7956090569496155,-0.00011673796689137816,0.5355444550514221,0.9051483869552612,0.06041041761636734,0.38307541608810425,0.8839386701583862,0.06958629190921783,0.28407344222068787,0.868836522102356,0.04618462175130844,0.20001882314682007,0.863880455493927,0.020809656009078026,0.562012255191803,0.9852544069290161,0.06643586605787277,0.4539218544960022,0.9747710824012756,0.06963332742452621,0.37813428044319153,0.9648188948631287,0.06057099997997284,0.3087705969810486,0.9575353860855103,0.04867450147867203,his
0.8745394945144653,0.8700156211853027,5.101518922856485e-07,0.7980543375015259,0.7567608952522278,-0.07804524898529053,0.6729370355606079,0.6867889165878296,-0.09662087261676788,0.5543575882911682,0.6609221696853638,-0.10619994252920151,0.45126402378082275,0.6787357330322266,-0.11434844136238098,0.5284619331359863,0.7332562804222107,-0.016635306179523468,0.3841884136199951,0.7248004674911499,-0.03874078020453453,0.29352787137031555,0.7281222939491272,-0.07176988571882248,0.2105962336063385,0.7368745803833008,-0.09864535927772522,0.5118517279624939,0.8036680221557617,0.0030122937168926,0.3605579137802124,0.7910324335098267,-0.010279853828251362,0.2556948959827423,0.7912143468856812,-0.04377662017941475,0.16980889439582825,0.7982244491577148,-0.0738077312707901,0.5210509896278381,0.8715090751647949,0.011158566921949387,0.3844526708126068,0.8649555444717407,-0.003833039663732052,0.2943868339061737,0.8605433702468872,-0.036322031170129776,0.21559450030326843,0.8577992916107178,-0.06421945244073868,0.5492140650749207,0.9383929371833801,0.010345212183892727,0.4500677287578583,0.9394683837890625,-0.007027395535260439,0.38117527961730957,0.9362567663192749,-0.026991065591573715,0.31773510575294495,0.9281771779060364,-0.04540595784783363,his
0.11898049712181091,0.8309140801429749,6.957789082662202e-07,0.19983556866645813,0.7141221761703491,-0.08681823313236237,0.30742114782333374,0.6551202535629272,-0.11049365252256393,0.4061712622642517,0.6285911202430725,-0.12739841639995575,0.5123916864395142,0.6197891235351562,-0.14005403220653534,0.43675756454467773,0.6991521716117859,0.026182780042290688,0.5659140348434448,0.6793815493583679,0.023085126653313637,0.6397593021392822,0.6770009398460388,0.00014990037016104907,0.7036678791046143,0.6775885820388794,-0.019957605749368668,0.44117048382759094,0.7676204442977905,0.05247011408209801,0.5803969502449036,0.7539920210838318,0.06846121698617935,0.6654446125030518,0.7468600273132324,0.04999040439724922,0.7289221882820129,0.7357712984085083,0.03003590926527977,0.43583765625953674,0.8294509649276733,0.06135626882314682,0.5584867000579834,0.8200288414955139,0.07694736868143082,0.6305484771728516,0.8108029365539551,0.06091594323515892,0.6928930282592773,0.7978590130805969,0.04139809310436249,0.42171475291252136,0.8951843976974487,0.05731666833162308,0.5108166933059692,0.8959521055221558,0.06804453581571579,0.5633310079574585,0.8873264193534851,0.061885666102170944,0.6123300790786743,0.8760730028152466,0.050966568291187286,his
0.189096599817276,0.822153627872467,6.993265628807421e-07,0.27805858850479126,0.7073583602905273,-0.09425324946641922,0.3853536546230316,0.6465328931808472,-0.12412960082292557,0.4829065203666687,0.6136382222175598,-0.14557580649852753,0.5871854424476624,0.6189610362052917,-0.16252906620502472,0.5169038772583008,0.698736310005188,0.014590027742087841,0.6511396765708923,0.6859006285667419,0.00943188276141882,0.727530300617218,0.6851096749305725,-0.015524636022746563,0.7941840887069702,0.6859071850776672,-0.0374014787375927,0.5157874822616577,0.7658636569976807,0.04559970647096634,0.6602010130882263,0.757866621017456,0.059770215302705765,0.7459076642990112,0.7511203289031982,0.040275171399116516,0.8129734992980957,0.738564670085907,0.01912676729261875,0.5073642730712891,0.8271375298500061,0.059348493814468384,0.631727397441864,0.8215537071228027,0.0761449933052063,0.7063756585121155,0.8144188523292542,0.061908867210149765,0.7733182907104492,0.8028756976127625,0.0426008515059948,0.48969995975494385,0.8929166197776794,0.05953758582472801,0.5794662237167358,0.8969408869743347,0.07320988923311234,0.6333966255187988,0.8912526965141296,0.06966810673475266,0.6854192018508911,0.883063554763794,0.05966047942638397,his
0.2180117666721344,0.8432648181915283,7.534335395575908e-07,0.29727107286453247,0.7397945523262024,-0.07922130823135376,0.3937188982963562,0.6856936812400818,-0.10410009324550629,0.4845278561115265,0.6599432229995728,-0.12191418558359146,0.5776373744010925,0.6704736948013306,-0.1355961412191391,0.5072908401489258,0.7360188364982605,0.01706189103424549,0.6286298036575317,0.725781261920929,0.01086337398737669,0.6997690796852112,0.7253513932228088,-0.013248731382191181,0.7621091604232788,0.727595329284668,-0.03456886485219002,0.5089045166969299,0.7983533143997192,0.041275132447481155,0.6373883485794067,0.792901873588562,0.05048050731420517,0.7185589671134949,0.7901444435119629,0.029285157099366188,0.7772163152694702,0.7796777486801147,0.008035038597881794,0.5005385279655457,0.8542010188102722,0.050584930926561356,0.6137672066688538,0.8507797122001648,0.062450189143419266,0.6788536310195923,0.8430319428443909,0.04597364738583565,0.7374055981636047,0.830900251865387,0.026788419112563133,0.482730507850647,0.9128764867782593,0.04868178442120552,0.5671815872192383,0.915894091129303,0.05736440420150757,0.6174253821372986,0.9087361097335815,0.05076529458165169,0.6655230522155762,0.9004596471786499,0.04004461690783501,his
0.1756618320941925,0.852709949016571,7.026935691101244e-07,0.2547326683998108,0.751237154006958,-0.08300483226776123,0.3501059412956238,0.6995203495025635,-0.10980594903230667,0.4361592233181,0.6761719584465027,-0.12897388637065887,0.5294976234436035,0.67991042137146,-0.14407484233379364,0.46278145909309387,0.7502207159996033,0.008297336287796497,0.5833345651626587,0.7411814332008362,-0.0017504991265013814,0.6541650891304016,0.7419818043708801,-0.027670996263623238,0.7156826257705688,0.7437475323677063,-0.049486320465803146,0.46298253536224365,0.811229407787323,0.033336538821458817,0.5909592509269714,0.8074477314949036,0.038441795855760574,0.6721162796020508,0.8053379058837891,0.01609072834253311,0.732183039188385,0.7951579689979553,-0.005290708504617214,0.4545973837375641,0.8673471212387085,0.0432625338435173,0.5659454464912415,0.8656859397888184,0.051302459090948105,0.6327491402626038,0.8595727682113647,0.03358040377497673,0.6920966506004333,0.8488456606864929,0.014310655184090137,0.43839770555496216,0.9265711307525635,0.041696835309267044,0.521317720413208,0.9307350516319275,0.047923605889081955,0.5711121559143066,0.9240057468414307,0.04080960527062416,0.6176333427429199,0.9167512655258179,0.03007473610341549,his
0.07253971695899963,0.888995349407196,3.613017725001555e-07,0.16777095198631287,0.7686126232147217,-0.10586553066968918,0.2860015034675598,0.7035717368125916,-0.1416272670030594,0.40189605951309204,0.674074113368988,-0.16661705076694489,0.5131455659866333,0.6899538040161133,-0.18424148857593536,0.445532888174057,0.7655074596405029,-0.010021260939538479,0.5937260985374451,0.7535014748573303,-0.030097899958491325,0.6767578125,0.7532786130905151,-0.06364341080188751,0.7523192763328552,0.7562552094459534,-0.09152940660715103,0.45317524671554565,0.839885413646698,0.02289671078324318,0.6118272542953491,0.835045576095581,0.02127428911626339,0.7012479305267334,0.8310462832450867,-0.002387935295701027,0.7774757146835327,0.8191521763801575,-0.02554239332675934,0.44500085711479187,0.909061849117279,0.037575867027044296,0.586646318435669,0.9068713784217834,0.035023704171180725,0.6642534732818604,0.9006682634353638,0.01704457774758339,0.7330971360206604,0.8865604996681213,-0.0004422286001499742,0.42188555002212524,0.9843456745147705,0.038338832557201385,0.5274194478988647,0.9886916875839233,0.03559849038720131,0.5885546207427979,0.9795250296592712,0.02667122520506382,0.6442453265190125,0.9657042622566223,0.016095729544758797,his
0.151048481464386,0.8538112640380859,7.10650624569098e-07,0.23404577374458313,0.7388020157814026,-0.09182494878768921,0.3390733599662781,0.6782468557357788,-0.12032418698072433,0.4343179166316986,0.6500216722488403,-0.14010795950889587,0.5367835760116577,0.6573699712753296,-0.15531830489635468,0.46866294741630554,0.734115719795227,0.01227474957704544,0.6010521650314331,0.7197577953338623,0.0049081952311098576,0.6780071258544922,0.718849241733551,-0.02150980569422245,0.7449886798858643,0.7195228934288025,-0.04416622966527939,0.46901988983154297,0.7996259927749634,0.04234858602285385,0.6102993488311768,0.7916018962860107,0.05253443494439125,0.6960601806640625,0.7871655225753784,0.031018685549497604,0.7614624500274658,0.7770728468894958,0.009252820163965225,0.4611102342605591,0.8597510457038879,0.05590067803859711,0.5847708582878113,0.8540874719619751,0.06896607577800751,0.6589066982269287,0.846398115158081,0.05408316105604172,0.7251800894737244,0.8362253308296204,0.03552362695336342,0.44297897815704346,0.9253591299057007,0.056546252220869064,0.535439670085907,0.9279686212539673,0.06748597323894501,0.5896975994110107,0.9207519292831421,0.06384578347206116,0.6411008834838867,0.9131461977958679,0.05476107820868492,his
0.057862430810928345,0.868871808052063,5.153248139322386e-07,0.15964791178703308,0.7491069436073303,-0.11785256862640381,0.28529444336891174,0.6821060180664062,-0.1585400402545929,0.40209972858428955,0.6529180407524109,-0.18664471805095673,0.5157203078269958,0.6725988984107971,-0.2071935087442398,0.45045363903045654,0.7500128149986267,-0.01772635616362095,0.6064648628234863,0.7401278018951416,-0.03655797615647316,0.6942340731620789,0.7429533004760742,-0.06897782534360886,0.7721328735351562,0.7471750378608704,-0.09609045833349228,0.4531228542327881,0.8270791172981262,0.02017798461019993,0.6221224069595337,0.8263494968414307,0.020043382421135902,0.7172293066978455,0.825383722782135,-0.003987567964941263,0.79588383436203,0.8168940544128418,-0.027327030897140503,0.44029706716537476,0.8987614512443542,0.03890402987599373,0.5883396863937378,0.8997100591659546,0.03817118704319,0.6730251312255859,0.8956798911094666,0.01915162056684494,0.7481032013893127,0.8831230401992798,0.0004629703762475401,0.41262760758399963,0.9763784408569336,0.042570218443870544,0.5208070874214172,0.9850444793701172,0.04127676784992218,0.5877425670623779,0.9775935411453247,0.03171415999531746,0.6490512490272522,0.9645268321037292,0.020365221425890923,his
0.06769663095474243,0.8742256760597229,2.06652728707013e-07,0.14967793226242065,0.768413782119751,-0.08357241004705429,0.2582594156265259,0.7131231427192688,-0.11925191432237625,0.3702179491519928,0.693202018737793,-0.14775381982326508,0.46980148553848267,0.7034959197044373,-0.17172250151634216,0.4036795496940613,0.7719991207122803,-0.03224872425198555,0.5433180928230286,0.7669607400894165,-0.06977645307779312,0.6237824559211731,0.7703816890716553,-0.10890907794237137,0.6950368285179138,0.7781445980072021,-0.1392081081867218,0.4120829105377197,0.8448875546455383,-0.015543998219072819,0.5639899969100952,0.8448148369789124,-0.04273119941353798,0.6513855457305908,0.8431243896484375,-0.07674353569746017,0.7295452356338501,0.8377017974853516,-0.10511257499456406,0.4017128050327301,0.9113670587539673,-0.012182315811514854,0.5392201542854309,0.9148285388946533,-0.037082646042108536,0.6191365718841553,0.9106490612030029,-0.06402978301048279,0.6887463331222534,0.9003121256828308,-0.0852644294500351,0.37313738465309143,0.9788239002227783,-0.018657371401786804,0.477379709482193,0.9886863231658936,-0.038147784769535065,0.5410169363021851,0.9850925207138062,-0.054319191724061966,0.5963979363441467,0.9761165380477905,-0.06851045787334442,his
0.20327478647232056,0.8704693913459778,5.659459247908671e-07,0.2908545732498169,0.7575901746749878,-0.07955629378557205,0.3924790024757385,0.6972154974937439,-0.10379493981599808,0.4867058992385864,0.6707210540771484,-0.1231868714094162,0.5852183699607849,0.6781384348869324,-0.13884954154491425,0.5123290419578552,0.751512885093689,0.02648431994020939,0.6411152482032776,0.7379900813102722,0.02152923494577408,0.7159217000007629,0.7370176911354065,-0.0009856013348326087,0.7798649072647095,0.7386552691459656,-0.020891141146421432,0.5149457454681396,0.8180129528045654,0.04757412523031235,0.6550542116165161,0.8113299012184143,0.05726485699415207,0.7386935353279114,0.8056881427764893,0.03794976696372032,0.8011869192123413,0.7950609922409058,0.019022032618522644,0.5087583661079407,0.8786376118659973,0.0520511232316494,0.6335175633430481,0.8765129446983337,0.06076518073678017,0.7068541049957275,0.8671683669090271,0.04408447816967964,0.7692223191261292,0.8537505865097046,0.02636273019015789,0.4929082691669464,0.9431824684143066,0.044780369848012924,0.5868383049964905,0.9460811614990234,0.04991700500249863,0.6424100399017334,0.938301682472229,0.042874354869127274,0.6926805973052979,0.9276968836784363,0.03279086947441101,his
0.22014912962913513,0.8292821645736694,6.225752144928265e-07,0.30549490451812744,0.7168915271759033,-0.05688942223787308,0.4028530716896057,0.6579465866088867,-0.06631679087877274,0.48882168531417847,0.6300943493843079,-0.0725284218788147,0.5740508437156677,0.6391327381134033,-0.07398359477519989,0.5032031536102295,0.7060240507125854,0.050958435982465744,0.6209668517112732,0.6900587677955627,0.054934561252593994,0.6887488961219788,0.6871590614318848,0.03725983202457428,0.7458383440971375,0.6876726746559143,0.020894730463624,0.5072692632675171,0.7688474655151367,0.06799671798944473,0.630795419216156,0.7587498426437378,0.08842376619577408,0.7070891857147217,0.752606213092804,0.07407394796609879,0.7588473558425903,0.7404685616493225,0.05805433169007301,0.502169668674469,0.8249214291572571,0.070553258061409,0.6113590598106384,0.8185814023017883,0.0905691534280777,0.6733723878860474,0.8067343235015869,0.0793943777680397,0.7257153987884521,0.7917003631591797,0.06438090652227402,0.48680150508880615,0.8849312663078308,0.06329523772001266,0.5694550275802612,0.8855872750282288,0.07833601534366608,0.6152116060256958,0.8748918175697327,0.0765928402543068,0.6593713760375977,0.8629710078239441,0.07015274465084076,his
0.151146799325943,0.8331437706947327,6.561839427376981e-07,0.23732072114944458,0.7254987359046936,-0.11890339106321335,0.3444250822067261,0.6750673055648804,-0.1689024418592453,0.4414900839328766,0.6588131189346313,-0.20673972368240356,0.5465402603149414,0.6744569540023804,-0.24157357215881348,0.486187607049942,0.7420016527175903,-0.04680361971259117,0.6273158192634583,0.7424318194389343,-0.07803661376237869,0.7102452516555786,0.7525155544281006,-0.1176896020770073,0.7812682390213013,0.7633863687515259,-0.14902319014072418,0.4814010560512543,0.8130460977554321,-0.013321908190846443,0.6372541189193726,0.8220865726470947,-0.027552900835871696,0.7292598485946655,0.8268445134162903,-0.062195420265197754,0.8050554394721985,0.825079619884491,-0.09395485371351242,0.46819156408309937,0.8777734041213989,0.0029805514495819807,0.6028023958206177,0.8900614976882935,-0.007256131153553724,0.6849217414855957,0.8917707204818726,-0.036201510578393936,0.7557588815689087,0.8863190412521362,-0.0638795718550682,0.44595006108283997,0.9447604417800903,0.005060430616140366,0.5431591868400574,0.9593780040740967,-0.00370529992505908,0.6043421626091003,0.9586657881736755,-0.020469678565859795,0.6598707437515259,0.9532021880149841,-0.03955672308802605,his
0.16953247785568237,0.8600420355796814,4.379484721539484e-07,0.24994546175003052,0.7530983686447144,-0.10473385453224182,0.35431957244873047,0.7025789022445679,-0.14741817116737366,0.45265328884124756,0.6877209544181824,-0.17866486310958862,0.5516221523284912,0.703619122505188,-0.2062406986951828,0.49031490087509155,0.7684491872787476,-0.046554628759622574,0.6239079236984253,0.76728355884552,-0.07756877690553665,0.7012342214584351,0.7758079171180725,-0.11436191201210022,0.7701938152313232,0.7859967350959778,-0.14374107122421265,0.4915856122970581,0.8382410407066345,-0.018233010545372963,0.6389738321304321,0.8451759815216064,-0.03474995493888855,0.7263768315315247,0.8487027883529663,-0.06611016392707825,0.7992666363716125,0.8455347418785095,-0.09528174996376038,0.4785129427909851,0.9007547497749329,-0.005013370420783758,0.6089071035385132,0.911081075668335,-0.01890815980732441,0.6868219375610352,0.9103453755378723,-0.047084931284189224,0.7554045915603638,0.9028772711753845,-0.07328909635543823,0.45332369208335876,0.9644149541854858,-0.004032395780086517,0.5470414757728577,0.9793573617935181,-0.016122618690133095,0.6068289875984192,0.9779486060142517,-0.03390967473387718,0.6618307828903198,0.9709680080413818,-0.05277325585484505,his
0.1715860366821289,0.8055710792541504,7.467032787644712e-07,0.26153483986854553,0.6844691634178162,-0.07584550976753235,0.36810359358787537,0.6212141513824463,-0.09456023573875427,0.4630648195743561,0.5907679796218872,-0.10843484103679657,0.5644363760948181,0.5901148319244385,-0.11740411818027496,0.488357812166214,0.6711395382881165,0.044620148837566376,0.616754949092865,0.6525787115097046,0.04871942102909088,0.6896354556083679,0.6503554582595825,0.03079529106616974,0.7507248520851135,0.6510372757911682,0.014547253958880901,0.49261805415153503,0.7396379113197327,0.06799076497554779,0.6311083436012268,0.725482702255249,0.09287112951278687,0.7146567106246948,0.7184482216835022,0.08166791498661041,0.7740300297737122,0.7075640559196472,0.06743094325065613,0.48801475763320923,0.8020867705345154,0.07402408123016357,0.6076956391334534,0.7904080748558044,0.09873578697443008,0.6784564256668091,0.780741810798645,0.09030896425247192,0.7397471070289612,0.7672026753425598,0.07578818500041962,0.47398534417152405,0.8684872388839722,0.06748776137828827,0.5628940463066101,0.8685926198959351,0.08600302040576935,0.6128941178321838,0.85965895652771,0.08615922182798386,0.6602991819381714,0.8482738137245178,0.0801168754696846,his
0.15591371059417725,0.8197588324546814,6.658881375187775e-07,0.23768770694732666,0.7042834758758545,-0.08335547149181366,0.33913564682006836,0.6455100774765015,-0.10934525728225708,0.4340820610523224,0.6207133531570435,-0.12978285551071167,0.5357534289360046,0.6270366907119751,-0.14640861749649048,0.46581560373306274,0.6965667009353638,0.02512965351343155,0.592849850654602,0.6828266978263855,0.020644742995500565,0.666390061378479,0.6830155849456787,-0.0025379694998264313,0.7290587425231934,0.6854346990585327,-0.02309967204928398,0.4676985740661621,0.7625237107276917,0.04806847125291824,0.6059563159942627,0.7532124519348145,0.06059135124087334,0.6885783672332764,0.7477604150772095,0.04127728193998337,0.7499117851257324,0.7381035089492798,0.021211620420217514,0.46109721064567566,0.8225046396255493,0.05399511754512787,0.5826321244239807,0.8164399862289429,0.06639863550662994,0.6547896862030029,0.8068479299545288,0.049893561750650406,0.7168675661087036,0.7940130233764648,0.03052319772541523,0.4449959695339203,0.8874276876449585,0.04752976447343826,0.5353939533233643,0.8893165588378906,0.05576267093420029,0.5892013907432556,0.8814789056777954,0.04894452169537544,0.6385917067527771,0.8717345595359802,0.03771238029003143,his
0.1582358181476593,0.8387100696563721,6.574572353201802e-07,0.2415332794189453,0.7205568552017212,-0.08988633751869202,0.34972670674324036,0.6602568626403809,-0.11801618337631226,0.4481474459171295,0.6338332891464233,-0.138596311211586,0.5506634712219238,0.6436858773231506,-0.15476590394973755,0.4824133515357971,0.7134509086608887,0.011993536725640297,0.6158215999603271,0.700758159160614,0.0032274958211928606,0.6923791170120239,0.7022995948791504,-0.022405842319130898,0.7577285170555115,0.7064075469970703,-0.04441594332456589,0.4855279326438904,0.7821863889694214,0.03843999281525612,0.6289647817611694,0.7752591967582703,0.04807214438915253,0.7153548002243042,0.7714269161224365,0.027771098539233208,0.782170295715332,0.7625917196273804,0.00643779244273901,0.47760871052742004,0.845737099647522,0.04776405543088913,0.6034427285194397,0.8407275080680847,0.05739784985780716,0.6786121129989624,0.8339047431945801,0.03848526254296303,0.7447633743286133,0.8231173753738403,0.016907844692468643,0.45928633213043213,0.9135814905166626,0.04437628388404846,0.5505790710449219,0.91895592212677,0.04993155226111412,0.6049244999885559,0.9125959277153015,0.040872763842344284,0.6561636924743652,0.904262900352478,0.02770322933793068,his
0.14063525199890137,0.8875579237937927,3.020052758984093e-07,0.22355008125305176,0.7746787071228027,-0.09780056029558182,0.3331889808177948,0.7172521352767944,-0.13391029834747314,0.4423048198223114,0.6962303519248962,-0.16013877093791962,0.5445136427879333,0.7135120034217834,-0.181012824177742,0.47352585196495056,0.7823262214660645,-0.02507106587290764,0.6126183271408081,0.7691314816474915,-0.052871331572532654,0.6913772821426392,0.7687364816665649,-0.08910245448350906,0.7635238170623779,0.7724465131759644,-0.11876080930233002,0.48306789994239807,0.8532495498657227,0.0013913941802456975,0.6339330673217773,0.846468448638916,-0.014318816363811493,0.7201944589614868,0.8413636684417725,-0.04633970931172371,0.7936829328536987,0.8310647010803223,-0.07486123591661453,0.4752969741821289,0.917330801486969,0.012320317327976227,0.6111435294151306,0.9158511161804199,-0.002436240902170539,0.687821626663208,0.9082778692245483,-0.02925497479736805,0.7536094188690186,0.8943370580673218,-0.05237666517496109,0.4527449309825897,0.9842818379402161,0.011428355239331722,0.5530134439468384,0.9895252585411072,-0.000392515939893201,0.6130748987197876,0.9807252883911133,-0.016253145411610603,0.6654301881790161,0.9672272205352783,-0.03203791752457619,his
0.17895910143852234,0.8080199956893921,6.616363066314079e-07,0.26705244183540344,0.6915398240089417,-0.07611363381147385,0.3723241686820984,0.6328527927398682,-0.09559348970651627,0.4659733772277832,0.6067839860916138,-0.10998335480690002,0.5638372898101807,0.6123969554901123,-0.1200561448931694,0.49279189109802246,0.6833829283714294,0.035097815096378326,0.6192378997802734,0.671414315700531,0.03520357236266136,0.6917829513549805,0.6726189255714417,0.014909742400050163,0.7535513639450073,0.6756536364555359,-0.003253532573580742,0.49448683857917786,0.7515307068824768,0.05772138759493828,0.6307097673416138,0.7441422343254089,0.07704221457242966,0.713578462600708,0.7399383783340454,0.0625043660402298,0.7752337455749512,0.7305873036384583,0.04556450992822647,0.4867129921913147,0.8127245903015137,0.0637902021408081,0.6059074997901917,0.8065404295921326,0.08266005665063858,0.6769515872001648,0.8001679182052612,0.07118667662143707,0.7380792498588562,0.789630115032196,0.05487542226910591,0.46884962916374207,0.8774178624153137,0.05771653726696968,0.5564528107643127,0.8820590972900391,0.0715855062007904,0.6076704859733582,0.8754513263702393,0.06925175338983536,0.6563454270362854,0.8656207323074341,0.06131691858172417,his
0.16564670205116272,0.8596354126930237,2.3000926319127757e-07,0.2538520097732544,0.7448326349258423,-0.09890028834342957,0.37292245030403137,0.6858195662498474,-0.137919083237648,0.4889499247074127,0.674956202507019,-0.16633306443691254,0.5876878499984741,0.7016687989234924,-0.1884213536977768,0.5301728248596191,0.7575005292892456,-0.03735872730612755,0.6743844151496887,0.7578522562980652,-0.07220293581485748,0.7537291646003723,0.7640495896339417,-0.11136678606271744,0.8281992673873901,0.7740830183029175,-0.14273400604724884,0.535784900188446,0.8342536091804504,-0.012701956555247307,0.6933119893074036,0.8416389226913452,-0.03705354034900665,0.7826187014579773,0.8419157266616821,-0.0707569345831871,0.8614988327026367,0.8383519649505615,-0.10006836801767349,0.5216224789619446,0.900780200958252,-0.0030385940335690975,0.6616699695587158,0.9089437127113342,-0.026599030941724777,0.7432231903076172,0.9062476754188538,-0.05424308776855469,0.8142977952957153,0.8969135880470276,-0.07688811421394348,0.4902358651161194,0.968048095703125,-0.004956243559718132,0.5927280187606812,0.9843062162399292,-0.02317069098353386,0.6585502624511719,0.9815769791603088,-0.03974742814898491,0.717779278755188,0.9723935127258301,-0.055302705615758896,his
0.1471426784992218,0.879811704158783,2.9913763910371927e-07,0.23343288898468018,0.7666422724723816,-0.09863784164190292,0.346371591091156,0.7081509828567505,-0.13562090694904327,0.4570644199848175,0.6909106969833374,-0.16233223676681519,0.5599179267883301,0.7115422487258911,-0.18333859741687775,0.4926082491874695,0.7783421277999878,-0.027449825778603554,0.6355036497116089,0.7688302397727966,-0.057004086673259735,0.7170392274856567,0.7708832025527954,-0.09394598752260208,0.7899245619773865,0.7762095928192139,-0.12357901781797409,0.500494122505188,0.8500888347625732,-0.0008960515260696411,0.6564104557037354,0.8472405672073364,-0.019852494820952415,0.7459193468093872,0.8449159860610962,-0.053384922444820404,0.8218472003936768,0.8383452892303467,-0.08237907290458679,0.49122095108032227,0.9138567447662354,0.010144919157028198,0.6298381686210632,0.914911687374115,-0.007250661496073008,0.7100307941436768,0.9094787836074829,-0.03586314991116524,0.7790924310684204,0.8991858959197998,-0.05960454046726227,0.46690815687179565,0.980059027671814,0.009491510689258575,0.5708763003349304,0.9886623620986938,-0.003900006180629134,0.6359288692474365,0.9805772304534912,-0.02090715430676937,0.6935405731201172,0.9688878655433655,-0.03722008317708969,his
0.17211389541625977,0.8727991580963135,4.3678826955328987e-07,0.26081758737564087,0.7601138353347778,-0.10435912758111954,0.3744423985481262,0.7033566236495972,-0.14234019815921783,0.4841250479221344,0.6857123970985413,-0.1687544733285904,0.5878193974494934,0.7064492106437683,-0.18908648192882538,0.5232561826705933,0.7689086198806763,-0.02300037257373333,0.6656470894813538,0.7617842555046082,-0.04666527733206749,0.7462986707687378,0.7654218673706055,-0.08133956044912338,0.8187856674194336,0.7712674140930176,-0.10985033959150314,0.527140736579895,0.8431471586227417,0.00906391441822052,0.6823819279670715,0.8402898907661438,0.0003692704485729337,0.7704395651817322,0.8384750485420227,-0.02843056619167328,0.8453609943389893,0.8320674300193787,-0.05564384162425995,0.5164273977279663,0.9065805077552795,0.02493293583393097,0.6505240201950073,0.9083211421966553,0.017793701961636543,0.7294871807098389,0.9041842222213745,-0.004850721452385187,0.7968780398368835,0.8951396346092224,-0.026507973670959473,0.49075353145599365,0.9735117554664612,0.02789505012333393,0.5887123346328735,0.9843977093696594,0.023463405668735504,0.6515693664550781,0.9799579381942749,0.011642320081591606,0.7086408734321594,0.9721524119377136,-0.00236322614364326,his
0.15378716588020325,0.8721940517425537,2.925273179243959e-07,0.23600700497627258,0.7591705322265625,-0.10610706359148026,0.3570612668991089,0.7031683325767517,-0.1507846713066101,0.4731043577194214,0.6925488114356995,-0.1846971958875656,0.5760979056358337,0.7148056030273438,-0.21358764171600342,0.517471194267273,0.7660479545593262,-0.05187038704752922,0.6649413704872131,0.770070493221283,-0.09526592493057251,0.7515045404434204,0.7789880037307739,-0.14034387469291687,0.8297121524810791,0.7909597158432007,-0.17590397596359253,0.5231642723083496,0.8434832096099854,-0.028150346130132675,0.6833792924880981,0.8508175611495972,-0.06004853546619415,0.7775717973709106,0.8540240526199341,-0.10174925625324249,0.864783763885498,0.8546188473701477,-0.13796651363372803,0.5101193785667419,0.9128291010856628,-0.01988086849451065,0.6515902876853943,0.9253658056259155,-0.051021941006183624,0.7371761798858643,0.9252623319625854,-0.08774048835039139,0.8147176504135132,0.9176875948905945,-0.11760342866182327,0.4810859262943268,0.9806467890739441,-0.023402849212288857,0.5893884301185608,0.9961515665054321,-0.05002744868397713,0.659226655960083,0.9944012761116028,-0.07425739616155624,0.722447395324707,0.985806941986084,-0.09614937752485275,his
0.151167094707489,0.8822047114372253,3.4808354598681035e-07,0.23384952545166016,0.7673197388648987,-0.10600287467241287,0.3500615358352661,0.7088792324066162,-0.14948289096355438,0.4591141641139984,0.6934055089950562,-0.18250446021556854,0.5607823729515076,0.7169181108474731,-0.21130840480327606,0.5015548467636108,0.7774597406387329,-0.04430311173200607,0.6468839645385742,0.7751830220222473,-0.08295375853776932,0.7339527010917664,0.7821261286735535,-0.12659509479999542,0.8098809123039246,0.7910363674163818,-0.16133266687393188,0.5068215727806091,0.8526314496994019,-0.019609499722719193,0.6646256446838379,0.8532499074935913,-0.04633711650967598,0.7584342360496521,0.8546777963638306,-0.08855516463518143,0.8414089679718018,0.852155864238739,-0.12562967836856842,0.49558648467063904,0.9217994809150696,-0.010843186639249325,0.6356107592582703,0.9291117787361145,-0.036812830716371536,0.7211841344833374,0.9258747696876526,-0.07584073394536972,0.7959060668945312,0.9162142872810364,-0.10824749618768692,0.4702150225639343,0.9921674728393555,-0.013945001177489758,0.5787765979766846,1.0042049884796143,-0.03712471202015877,0.6484261155128479,1.0013396739959717,-0.0629030093550682,0.7101377248764038,0.993916928768158,-0.08665690571069717,his
0.2761169970035553,0.8545246720314026,6.201890414558875e-07,0.3641941547393799,0.74201899766922,-0.0749889612197876,0.46550843119621277,0.6847715973854065,-0.0947626531124115,0.5579912662506104,0.6616771221160889,-0.10935798287391663,0.652028501033783,0.6747511625289917,-0.11939401924610138,0.5768643021583557,0.7391360402107239,0.035374175757169724,0.7019315958023071,0.7274813055992126,0.03597218915820122,0.7727224826812744,0.7279492020606995,0.017305081710219383,0.8323653936386108,0.7315347790718079,0.000643060018774122,0.5760529041290283,0.8029487133026123,0.0585721880197525,0.7097400426864624,0.7972372770309448,0.07617679983377457,0.7896995544433594,0.7925412058830261,0.06185304373502731,0.8461412787437439,0.7823746800422668,0.04626666381955147,0.5682277679443359,0.8610591292381287,0.06555896997451782,0.6852340698242188,0.8601745963096619,0.08228206634521484,0.7537201642990112,0.8521196246147156,0.0705554336309433,0.81150221824646,0.8401626944541931,0.0554954893887043,0.551520824432373,0.9233214855194092,0.06106146052479744,0.6388185620307922,0.927232027053833,0.07353714108467102,0.6878199577331543,0.9209222197532654,0.07115624099969864,0.7321316599845886,0.9132719039916992,0.0642445981502533,his
0.29102572798728943,0.8524045944213867,4.917922069580527e-07,0.38083598017692566,0.7428886890411377,-0.06101495027542114,0.48165416717529297,0.6875935196876526,-0.0736207664012909,0.5724837779998779,0.6648317575454712,-0.08185171335935593,0.6573485136032104,0.6795650720596313,-0.08571108430624008,0.5843946933746338,0.7457923293113708,0.037926461547613144,0.7033656239509583,0.7358441352844238,0.037357673048973083,0.7709457278251648,0.7362127304077148,0.016945576295256615,0.8291052579879761,0.7379713654518127,-0.0017017523059621453,0.5858899354934692,0.8076754808425903,0.05599694326519966,0.7111577391624451,0.8022677302360535,0.06811558455228806,0.7869881391525269,0.7981216311454773,0.0486348457634449,0.8413403034210205,0.7860537767410278,0.029268907383084297,0.576691746711731,0.8631224036216736,0.06030808389186859,0.6886953711509705,0.8622810244560242,0.07166478037834167,0.752729058265686,0.8530614376068115,0.05567247420549393,0.8084052801132202,0.8407518267631531,0.03824518620967865,0.5553198456764221,0.923170268535614,0.05529956519603729,0.6402267217636108,0.9280638694763184,0.0637938380241394,0.6891389489173889,0.9205443859100342,0.05869528278708458,0.736237645149231,0.9122409820556641,0.05017657205462456,his
0.22749829292297363,0.8727847337722778,4.282808561129059e-07,0.3159776031970978,0.756574273109436,-0.08634787052869797,0.4242625832557678,0.6978685855865479,-0.11563955247402191,0.5298473834991455,0.679104745388031,-0.1375010907649994,0.6276174783706665,0.7024210691452026,-0.1550004631280899,0.5515120029449463,0.7648527026176453,0.0011201131856068969,0.6871069669723511,0.7565656304359436,-0.014295825734734535,0.7655224800109863,0.7584848403930664,-0.04230915382504463,0.8328692317008972,0.7619795203208923,-0.06586374342441559,0.5545700788497925,0.8335393667221069,0.025495070964097977,0.701616644859314,0.8295079469680786,0.025054095312952995,0.7865843772888184,0.8254972696304321,0.0021508720237761736,0.8545297384262085,0.8155817985534668,-0.019917601719498634,0.544218122959137,0.8953908085823059,0.03421643748879433,0.6755422353744507,0.8968221545219421,0.03281755745410919,0.7524731755256653,0.8886503577232361,0.012662457302212715,0.8179843425750732,0.8755576610565186,-0.006942862644791603,0.5195770859718323,0.9613762497901917,0.031505320221185684,0.616152286529541,0.9687949419021606,0.029107332229614258,0.6757793426513672,0.9623485803604126,0.01849699579179287,0.7297989726066589,0.9526271820068359,0.006151884328573942,his
0.3127047121524811,0.8702443242073059,5.936155389463238e-07,0.40453070402145386,0.7570125460624695,-0.05785151571035385,0.506289005279541,0.6993487477302551,-0.06780725717544556,0.597898006439209,0.6770690679550171,-0.07469209283590317,0.6863647103309631,0.6921210289001465,-0.07689365744590759,0.6094694137573242,0.7581127882003784,0.05489705875515938,0.7307164072990417,0.7471640110015869,0.06001479551196098,0.7996416091918945,0.7455918192863464,0.04175528138875961,0.857726514339447,0.7460355758666992,0.024142824113368988,0.6088875532150269,0.8212556838989258,0.07083360850811005,0.7356352210044861,0.8143081665039062,0.08883877843618393,0.8124222755432129,0.809653103351593,0.06988402456045151,0.8643279075622559,0.797715425491333,0.05057047680020332,0.6001056432723999,0.8773132562637329,0.07202630490064621,0.7121457457542419,0.8742601275444031,0.08853026479482651,0.776067852973938,0.8636480569839478,0.07246114313602448,0.8314411640167236,0.8498169183731079,0.05420882999897003,0.5811862945556641,0.93897944688797,0.06362621486186981,0.667347252368927,0.9421831965446472,0.07570920139551163,0.7150910496711731,0.9331427812576294,0.07114722579717636,0.7618438005447388,0.923064112663269,0.06246734410524368,his
0.3132230341434479,0.8541075587272644,6.1854427713115e-07,0.40272098779678345,0.7471185326576233,-0.058927204459905624,0.5010376572608948,0.6926426291465759,-0.07042660564184189,0.5908695459365845,0.6708047389984131,-0.07789187878370285,0.6754491329193115,0.6894007921218872,-0.08061500638723373,0.598573625087738,0.7462011575698853,0.046770043671131134,0.7169944047927856,0.7371623516082764,0.05014032870531082,0.784111738204956,0.7383626699447632,0.031652696430683136,0.8403331637382507,0.7413901090621948,0.014378081075847149,0.5994163155555725,0.8096179366111755,0.06533127278089523,0.7227508425712585,0.803982675075531,0.08352740108966827,0.7989078760147095,0.8010560870170593,0.06599731743335724,0.851589024066925,0.7900806665420532,0.04765007644891739,0.5913875102996826,0.8657715916633606,0.07000897824764252,0.6991965174674988,0.8636690974235535,0.0885745957493782,0.7607823014259338,0.8547020554542542,0.07559364289045334,0.8146988749504089,0.842279314994812,0.05921022221446037,0.5721250772476196,0.925254225730896,0.06513931602239609,0.6524741649627686,0.928604006767273,0.08006783574819565,0.6977787613868713,0.9201942086219788,0.07821858674287796,0.7418776154518127,0.910538375377655,0.07153233140707016,his
0.8372315764427185,0.9102665185928345,4.007315723697502e-08,0.7574514746665955,0.8990033268928528,0.04845273122191429,0.6986695528030396,0.8459283709526062,0.06971698999404907,0.665921151638031,0.8120006918907166,0.0752970278263092,0.6290285587310791,0.7795873880386353,0.07768131792545319,0.7100008726119995,0.7859894037246704,0.06914543360471725,0.6699225902557373,0.7510252594947815,0.07001427561044693,0.6347523927688599,0.7205788493156433,0.06432654708623886,0.6031956672668457,0.6977611780166626,0.056169215589761734,0.722118616104126,0.7792230248451233,0.026323197409510612,0.67708820104599,0.7371340990066528,0.022232770919799805,0.628085196018219,0.7044360041618347,0.009858696721494198,0.5894186496734619,0.6826474666595459,-0.00011191257362952456,0.7355193495750427,0.7844985723495483,-0.01727333664894104,0.6807209253311157,0.7410454750061035,-0.03051459789276123,0.6332725286483765,0.712425708770752,-0.04056832566857338,0.5986679792404175,0.6921456456184387,-0.047345880419015884,0.7457456588745117,0.7988923192024231,-0.05791398137807846,0.6905488967895508,0.7678362131118774,-0.07326726615428925,0.6493573784828186,0.7484641075134277,-0.07898765802383423,0.6204690933227539,0.732770562171936,-0.0831058919429779,house
0.7495524883270264,0.9136930704116821,-6.292789578310476e-08,0.6694130897521973,0.904030442237854,0.044503118842840195,0.6187682151794434,0.8589919805526733,0.06216675788164139,0.590544581413269,0.8226488828659058,0.06587350368499756,0.5589953660964966,0.7885695695877075,0.0656549409031868,0.6074210405349731,0.8051584959030151,0.042287617921829224,0.5605077147483826,0.7606633901596069,0.03380997106432915,0.5229462385177612,0.7276617288589478,0.025168579071760178,0.4947681427001953,0.6990067362785339,0.014073585160076618,0.6258376240730286,0.7953172922134399,-0.0021268283016979694,0.5656951665878296,0.7394858598709106,-0.024664107710123062,0.5233554840087891,0.6973097920417786,-0.04695729538798332,0.49077582359313965,0.6619418263435364,-0.06418359279632568,0.6478015184402466,0.7948601245880127,-0.04622547701001167,0.5843833088874817,0.7447586059570312,-0.07658853381872177,0.5385497212409973,0.708026111125946,-0.09906082600355148,0.5045590400695801,0.6769944429397583,-0.11483203619718552,0.6686176061630249,0.8016951084136963,-0.08646877110004425,0.6186009049415588,0.7629097700119019,-0.1206170842051506,0.5827957391738892,0.7342819571495056,-0.14224088191986084,0.5554570555686951,0.7085562944412231,-0.15903162956237793,house
0.8413117527961731,0.9239421486854553,2.3429249651485407e-08,0.7518359422683716,0.9155832529067993,0.050001248717308044,0.6918713450431824,0.8631625771522522,0.07189910113811493,0.658978283405304,0.82582026720047,0.07661478966474533,0.6221463084220886,0.7910879254341125,0.07733378559350967,0.6910730600357056,0.8083550333976746,0.06854066252708435,0.6445047855377197,0.7686715722084045,0.0660245418548584,0.6065497398376465,0.7334815263748169,0.05763488635420799,0.5730505585670471,0.7036075592041016,0.04690931364893913,0.7083530426025391,0.794901967048645,0.020698310807347298,0.6542006134986877,0.7491633296012878,0.012609008699655533,0.5997449159622192,0.711456835269928,-0.004904889967292547,0.5539416670799255,0.6863407492637634,-0.019901065155863762,0.7278074026107788,0.7916893362998962,-0.028454260900616646,0.6626055836677551,0.7478684186935425,-0.045173101127147675,0.6063711643218994,0.716089129447937,-0.06122402101755142,0.5633459687232971,0.6939924359321594,-0.07381729036569595,0.7417721748352051,0.7978902459144592,-0.07495004683732986,0.6789217591285706,0.7567567229270935,-0.09531377255916595,0.6348727345466614,0.7275834679603577,-0.10761616379022598,0.6032439470291138,0.703109860420227,-0.11836471408605576,house
0.12219947576522827,0.9022689461708069,5.151383106749563e-07,0.22615258395671844,0.8842044472694397,0.07120838761329651,0.28043174743652344,0.8176388144493103,0.09716670215129852,0.31118690967559814,0.7659847736358643,0.09995396435260773,0.344050794839859,0.7261689305305481,0.0968480333685875,0.26614582538604736,0.736611008644104,0.0879691019654274,0.32082441449165344,0.6890319585800171,0.08273407071828842,0.36896947026252747,0.6457194089889526,0.07151578366756439,0.40672972798347473,0.6093928217887878,0.058770544826984406,0.25263839960098267,0.730887234210968,0.024514662101864815,0.32031381130218506,0.6661840677261353,0.009831508621573448,0.37451931834220886,0.6205538511276245,-0.0095250578597188,0.4160248041152954,0.5828760266304016,-0.023651089519262314,0.23595452308654785,0.73788982629776,-0.039034828543663025,0.3102787733078003,0.681964099407196,-0.06059560924768448,0.3720232844352722,0.6504703760147095,-0.07355181872844696,0.42046335339546204,0.6210992932319641,-0.08234909921884537,0.21752099692821503,0.7531952857971191,-0.09799328446388245,0.2935185432434082,0.7212181091308594,-0.11984733492136002,0.3497062027454376,0.7028524875640869,-0.12762995064258575,0.39694011211395264,0.6864451766014099,-0.13371624052524567,house
0.15940797328948975,0.8988313674926758,6.81622452702868e-07,0.2660062909126282,0.8823887705802917,0.046523358672857285,0.31337857246398926,0.8216344714164734,0.054761335253715515,0.3336486518383026,0.7685121893882751,0.04340077191591263,0.35419613122940063,0.7202432751655579,0.025343559682369232,0.30058324337005615,0.7583711743354797,0.0543796569108963,0.3503982126712799,0.7065507173538208,0.034315500408411026,0.3932587206363678,0.6610924005508423,0.008272938430309296,0.42959845066070557,0.6198199987411499,-0.015349933877587318,0.28586792945861816,0.7533209919929504,-0.0011215375270694494,0.3455558717250824,0.6888749599456787,-0.027977146208286285,0.39795687794685364,0.6389492154121399,-0.0622340627014637,0.43631815910339355,0.5988650321960449,-0.08913230895996094,0.2645108997821808,0.7572628855705261,-0.05754155293107033,0.33116865158081055,0.7050893306732178,-0.0866008996963501,0.38792896270751953,0.6679004430770874,-0.11003812402486801,0.4321202039718628,0.632719874382019,-0.1278141438961029,0.23775851726531982,0.7677757143974304,-0.11118613183498383,0.30670714378356934,0.7412682175636292,-0.13603642582893372,0.36088448762893677,0.7224307656288147,-0.14772604405879974,0.40434062480926514,0.7052741646766663,-0.15847919881343842,house
0.16135692596435547,0.9235698580741882,8.224064345085935e-07,0.20697182416915894,0.8683313131332397,-0.019507436081767082,0.24434064328670502,0.8007237315177917,-0.028917675837874413,0.28203877806663513,0.755652666091919,-0.042944472283124924,0.32443639636039734,0.7162715196609497,-0.05827908217906952,0.24563467502593994,0.7463200688362122,0.019426172599196434,0.30630502104759216,0.6900657415390015,-0.0006697015487588942,0.35116204619407654,0.6504658460617065,-0.029617570340633392,0.3904390037059784,0.6158349514007568,-0.0543929822742939,0.2683391869068146,0.7649234533309937,0.005433107726275921,0.3262159824371338,0.7044903635978699,-0.016499601304531097,0.37598976492881775,0.659530520439148,-0.057244233787059784,0.41222190856933594,0.626339852809906,-0.0885382816195488,0.28516846895217896,0.7940254211425781,-0.014093548059463501,0.34094616770744324,0.7377023100852966,-0.03727974370121956,0.3868630528450012,0.6973965167999268,-0.072065569460392,0.4186854958534241,0.6623048782348633,-0.09802208840847015,0.2950361967086792,0.8295187950134277,-0.03621804714202881,0.3446226716041565,0.7968718409538269,-0.05810273066163063,0.37835103273391724,0.7676098346710205,-0.07616957277059555,0.40158623456954956,0.7397233247756958,-0.0910286009311676,house
0.876687228679657,0.9043948650360107,-1.2289626738493098e-07,0.7750852108001709,0.8941291570663452,0.0567895732820034,0.7102837562561035,0.834907591342926,0.0833936333656311,0.675872802734375,0.788689136505127,0.09037367254495621,0.6368062496185303,0.7453239560127258,0.09310515224933624,0.7050175666809082,0.7682293653488159,0.08217489719390869,0.6503156423568726,0.7222900390625,0.08077333867549896,0.6071432828903198,0.6808859705924988,0.07441041618585587,0.5712166428565979,0.6471092700958252,0.06473630666732788,0.7270759344100952,0.7512810826301575,0.02823578752577305,0.6618708968162537,0.6958358287811279,0.01846499554812908,0.6026158332824707,0.6522536277770996,0.0028623081743717194,0.5531256198883057,0.6231662631034851,-0.009640068747103214,0.7515400648117065,0.7467660903930664,-0.027988547459244728,0.6749880909919739,0.6931995749473572,-0.0486135259270668,0.6127649545669556,0.653613269329071,-0.06272406131029129,0.5649164915084839,0.625221848487854,-0.07263606041669846,0.7698951959609985,0.7530637979507446,-0.0814468115568161,0.6969263553619385,0.7030488848686218,-0.10786896198987961,0.644599199295044,0.6668562293052673,-0.12216068059206009,0.605851948261261,0.636751651763916,-0.13315321505069733,house
0.7569003701210022,0.906843900680542,-1.0426163754573281e-07,0.6532318592071533,0.8845805525779724,0.06927143037319183,0.5962649583816528,0.8279719948768616,0.09678737819194794,0.5625702142715454,0.785301148891449,0.10436926782131195,0.5230480432510376,0.7409124374389648,0.10579410195350647,0.5761587619781494,0.7613897323608398,0.06327467411756516,0.5192476511001587,0.7018308043479919,0.057027433067560196,0.47310084104537964,0.6571065783500671,0.0483955442905426,0.4378413259983063,0.6182054281234741,0.0348881334066391,0.5962820053100586,0.7527778744697571,0.0012127994559705257,0.5204249024391174,0.6802922487258911,-0.026892725378274918,0.46061089634895325,0.6290955543518066,-0.05813940241932869,0.4156867563724518,0.5900627374649048,-0.0831974521279335,0.6218106150627136,0.7545487284660339,-0.05869753286242485,0.5387664437294006,0.6870434880256653,-0.09521550685167313,0.4783092737197876,0.6390685439109802,-0.1272931545972824,0.43610185384750366,0.605154812335968,-0.1506495624780655,0.6469147205352783,0.7654812932014465,-0.11234279721975327,0.5788293480873108,0.7102234959602356,-0.15142332017421722,0.5311918258666992,0.671244740486145,-0.17928877472877502,0.4957670569419861,0.6414130330085754,-0.20250937342643738,house
0.8640703558921814,0.9070197343826294,-1.0361495839106283e-07,0.7594459056854248,0.8957138061523438,0.05829767882823944,0.6956189274787903,0.8339388370513916,0.0854601263999939,0.6612067818641663,0.7869463562965393,0.09290378540754318,0.6206694841384888,0.7437795400619507,0.09609105437994003,0.693729043006897,0.7683432698249817,0.08340822160243988,0.6371694207191467,0.7223706841468811,0.08308744430541992,0.5934374332427979,0.6824132204055786,0.07669179141521454,0.5577394962310791,0.6500978469848633,0.06685670465230942,0.7132418751716614,0.753848671913147,0.029131943359971046,0.6469109058380127,0.6967266201972961,0.020506972447037697,0.5872935056686401,0.654039740562439,0.004300999920815229,0.5394028425216675,0.6249438524246216,-0.009146385826170444,0.7348021864891052,0.7512561678886414,-0.02727021463215351,0.6600478887557983,0.696535050868988,-0.04561467468738556,0.5997812151908875,0.6569174528121948,-0.06148715317249298,0.5555498600006104,0.6279325485229492,-0.07356837391853333,0.7511678338050842,0.7586674690246582,-0.08079924434423447,0.68080073595047,0.7079982757568359,-0.10503388196229935,0.6290752291679382,0.6723888516426086,-0.12006620317697525,0.5922415852546692,0.6423110961914062,-0.13243353366851807,house
0.6988680362701416,0.9118441939353943,-1.536311629024567e-07,0.5968985557556152,0.8881478905677795,0.0728888064622879,0.5403080582618713,0.8335365056991577,0.10000029951334,0.5067031383514404,0.7926853895187378,0.10711157321929932,0.46696555614471436,0.7497392296791077,0.10736123472452164,0.5166568756103516,0.7623762488365173,0.0554342083632946,0.4569928050041199,0.7038916349411011,0.04438628628849983,0.40582913160324097,0.6590099334716797,0.03337691351771355,0.3680666983127594,0.6214563250541687,0.01863616332411766,0.5368301868438721,0.756771981716156,-0.009083094075322151,0.4582318067550659,0.6828854084014893,-0.04142763465642929,0.39623135328292847,0.6302876472473145,-0.07466182112693787,0.34954553842544556,0.5898592472076416,-0.10125729441642761,0.5623853206634521,0.7616944313049316,-0.07046518474817276,0.4784790277481079,0.6953630447387695,-0.11079086363315582,0.4164869785308838,0.647831380367279,-0.14502613246440887,0.3723078966140747,0.6136246919631958,-0.16983145475387573,0.586779773235321,0.7768694758415222,-0.12477138638496399,0.5215814113616943,0.7236441373825073,-0.16748268902301788,0.473091185092926,0.6848539710044861,-0.19787000119686127,0.43563956022262573,0.6546192765235901,-0.22292307019233704,house
0.13964572548866272,0.9054148197174072,6.939379204595753e-07,0.13950319588184357,0.8427096605300903,-0.0754435583949089,0.19575759768486023,0.7724778652191162,-0.095036081969738,0.2557704746723175,0.7264623045921326,-0.09971317648887634,0.30673134326934814,0.6742641925811768,-0.10270491987466812,0.23582512140274048,0.7392752766609192,-0.04274134710431099,0.2954632341861725,0.6765526533126831,-0.05477910488843918,0.3390905559062958,0.6272538900375366,-0.07068122178316116,0.373930960893631,0.5835737586021423,-0.08493871986865997,0.25750961899757385,0.7627062201499939,-0.010673681274056435,0.3091560900211334,0.6943186521530151,-0.02353074960410595,0.35107704997062683,0.6358584761619568,-0.04738730564713478,0.37985265254974365,0.5902414917945862,-0.06616513431072235,0.26618692278862,0.7925337553024292,0.015265525318682194,0.31878581643104553,0.7341464757919312,-0.004069837741553783,0.3514503240585327,0.6833081245422363,-0.03165540099143982,0.37896299362182617,0.6420899033546448,-0.05195251479744911,0.2713004946708679,0.8282212615013123,0.03604862466454506,0.3016132116317749,0.8002903461456299,0.01439468190073967,0.3156129717826843,0.7817022800445557,-0.003457653569057584,0.33266907930374146,0.7685428261756897,-0.016871314495801926,house
0.1920788586139679,0.9310382604598999,8.768299153416592e-07,0.21466214954853058,0.8860626220703125,-0.07559714466333389,0.2513510584831238,0.8178080320358276,-0.10565479844808578,0.295896977186203,0.7654523849487305,-0.12385149300098419,0.34700214862823486,0.7130473852157593,-0.14170706272125244,0.25906607508659363,0.7629806995391846,-0.06387153267860413,0.3188166916370392,0.7065790891647339,-0.09844564646482468,0.36300894618034363,0.6624017953872681,-0.13222064077854156,0.40054428577423096,0.6238856315612793,-0.15834277868270874,0.2867763638496399,0.7781510353088379,-0.04162899777293205,0.34157323837280273,0.7187625169754028,-0.07815513759851456,0.38850903511047363,0.671477198600769,-0.12030493468046188,0.4223341941833496,0.6351065635681152,-0.15189778804779053,0.31014588475227356,0.8050285577774048,-0.025511302053928375,0.36173930764198303,0.7485573291778564,-0.06190856918692589,0.40455353260040283,0.7032169699668884,-0.10215593874454498,0.4348881244659424,0.6656290888786316,-0.13005009293556213,0.3289169371128082,0.8352674841880798,-0.01464731153100729,0.37097033858299255,0.8016645908355713,-0.047134965658187866,0.40075021982192993,0.7672703862190247,-0.07398323714733124,0.4231056272983551,0.7367941737174988,-0.09438102692365646,house
0.4837537407875061,0.6665983200073242,-9.931540034813224e-08,0.46449747681617737,0.6630747318267822,-0.04478973150253296,0.4537963569164276,0.6335698962211609,-0.06106328219175339,0.45403099060058594,0.6062698364257812,-0.06947851926088333,0.46306678652763367,0.5802841782569885,-0.07390911877155304,0.4593917429447174,0.588742196559906,-0.030341533944010735,0.45910510420799255,0.5501230359077454,-0.04263994097709656,0.45406457781791687,0.5724060535430908,-0.04676748067140579,0.45467957854270935,0.5970616936683655,-0.046609897166490555,0.46693161129951477,0.5887479186058044,-0.009196093305945396,0.46659523248672485,0.5485388040542603,-0.02237468771636486,0.46051669120788574,0.5764526724815369,-0.025688335299491882,0.45975732803344727,0.5987469553947449,-0.02340575121343136,0.4737679362297058,0.5928691625595093,0.007456657942384481,0.4719077944755554,0.5601797103881836,-0.0054235621355473995,0.46843019127845764,0.5836876034736633,-0.007679642643779516,0.46898186206817627,0.6022712588310242,-0.005357994232326746,0.47906219959259033,0.598821222782135,0.020961133763194084,0.4758564233779907,0.5784332752227783,0.010973985306918621,0.473690927028656,0.5918216705322266,0.007830139249563217,0.4754130244255066,0.6035326719284058,0.008403921499848366,house
0.8097442388534546,0.9007542133331299,-7.03187978956521e-08,0.7247833013534546,0.8901451230049133,0.04427032545208931,0.6692840456962585,0.8383775949478149,0.06113852560520172,0.6410402655601501,0.796538233757019,0.06301630288362503,0.6078320145606995,0.7590276598930359,0.060452818870544434,0.6694887280464172,0.7862828969955444,0.0475819855928421,0.6242202520370483,0.7435981631278992,0.03710516542196274,0.5850107073783875,0.7078913450241089,0.023860855028033257,0.5532436370849609,0.6793774366378784,0.009689576923847198,0.6901794075965881,0.7749572992324829,0.0018503098981454968,0.6360698342323303,0.7249058485031128,-0.01964661292731762,0.5845935940742493,0.685986340045929,-0.04445779323577881,0.5430105328559875,0.6600117087364197,-0.06386154145002365,0.713403582572937,0.7748052477836609,-0.044123269617557526,0.6507728099822998,0.7260923385620117,-0.07094894349575043,0.597043514251709,0.6908425688743591,-0.09277591854333878,0.5562573671340942,0.6652723550796509,-0.10843013226985931,0.7325744032859802,0.7841424345970154,-0.08686394989490509,0.6747292876243591,0.7426968812942505,-0.11405494064092636,0.6281607151031494,0.7122616171836853,-0.13069432973861694,0.5925189852714539,0.6885004043579102,-0.14444459974765778,house
0.8057366609573364,0.8993833661079407,-4.58873472553023e-08,0.7193105220794678,0.8916046023368835,0.044089093804359436,0.6627253890037537,0.8430718183517456,0.058074917644262314,0.6348649859428406,0.8053551912307739,0.05700499564409256,0.597507119178772,0.766966700553894,0.04984468221664429,0.6539609432220459,0.7831258177757263,0.033056750893592834,0.6024840474128723,0.7308971881866455,0.01493409089744091,0.55973219871521,0.6889127492904663,-0.003524880390614271,0.526284396648407,0.6546928286552429,-0.022254789248108864,0.6777982115745544,0.7723504900932312,-0.017561165615916252,0.6120060682296753,0.7135531902313232,-0.05258798971772194,0.5567435026168823,0.6711246371269226,-0.08869483321905136,0.5138107538223267,0.6435441970825195,-0.11629154533147812,0.7056775689125061,0.7726848721504211,-0.06716164946556091,0.6329750418663025,0.7163608074188232,-0.1052200198173523,0.5783646106719971,0.673680305480957,-0.13635319471359253,0.5385774970054626,0.6429876089096069,-0.1588277965784073,0.7301408648490906,0.7815176844596863,-0.1125853881239891,0.6679818630218506,0.735523521900177,-0.14997617900371552,0.6215144991874695,0.6998909711837769,-0.1740909367799759,0.5852034687995911,0.670786440372467,-0.19398654997348785,house
0.23269596695899963,0.9684450626373291,-2.0481307672071125e-07,0.2766205668449402,0.910871148109436,0.11937744170427322,0.31186121702194214,0.8633143305778503,0.17188392579555511,0.3475770056247711,0.8433414101600647,0.20140440762043,0.38044682145118713,0.8264708518981934,0.22625859081745148,0.3108901381492615,0.7805477976799011,0.11085715889930725,0.36569398641586304,0.7365789413452148,0.136720672249794,0.4058220684528351,0.703126072883606,0.16013436019420624,0.4349566698074341,0.6840422749519348,0.17506025731563568,0.3275245726108551,0.7909806966781616,0.04781264066696167,0.39050260186195374,0.7251386046409607,0.05782560631632805,0.4350540339946747,0.6800945997238159,0.07005061209201813,0.46999794244766235,0.6414391994476318,0.07987610250711441,0.3472977876663208,0.8136610984802246,-0.00802494678646326,0.4076038599014282,0.7476541996002197,-0.008981271646916866,0.4551260769367218,0.7017170190811157,-0.0025247952435165644,0.4864640235900879,0.6641144156455994,0.0031104078516364098,0.3737899959087372,0.8411169648170471,-0.053287506103515625,0.4212923049926758,0.7811629772186279,-0.07222045212984085,0.45924627780914307,0.7381709814071655,-0.081846684217453,0.4896355867385864,0.6971091628074646,-0.08574061095714569,house
0.21049074828624725,0.9755874872207642,-1.4092763933604147e-07,0.26880016922950745,0.9212390780448914,0.11254128068685532,0.30648374557495117,0.8762238025665283,0.15671499073505402,0.33705174922943115,0.8556634783744812,0.17771250009536743,0.3688950836658478,0.8357510566711426,0.1932235211133957,0.30292072892189026,0.7967950105667114,0.09126215428113937,0.35804417729377747,0.749042809009552,0.10323666036128998,0.40146270394325256,0.7096412777900696,0.11502815037965775,0.43284615874290466,0.6840254664421082,0.12115172296762466,0.3108370900154114,0.8093161582946777,0.02422240562736988,0.37344110012054443,0.7381571531295776,0.018443971872329712,0.41930198669433594,0.690058708190918,0.01750783436000347,0.4570436477661133,0.6518643498420715,0.01738966628909111,0.32247230410575867,0.8334896564483643,-0.0353962779045105,0.38267186284065247,0.760615348815918,-0.04836581274867058,0.431153267621994,0.715051531791687,-0.05016529560089111,0.46756669878959656,0.6779971122741699,-0.050496816635131836,0.340318888425827,0.8636988997459412,-0.08478093147277832,0.39013946056365967,0.8047407269477844,-0.10692760348320007,0.42905473709106445,0.7640897035598755,-0.11672354489564896,0.46179431676864624,0.7252683043479919,-0.12261782586574554,house
0.22917500138282776,0.9116672277450562,6.576727287210815e-07,0.22139279544353485,0.8733668923377991,-0.0831831619143486,0.2642178237438202,0.8285757899284363,-0.11137062311172485,0.3155075013637543,0.8014436364173889,-0.123697429895401,0.3619651794433594,0.7616536021232605,-0.1340201497077942,0.3097522258758545,0.782336950302124,-0.07138150185346603,0.36706671118736267,0.7379578948020935,-0.09459852427244186,0.41191211342811584,0.7000895738601685,-0.11473122984170914,0.4468114972114563,0.6696703433990479,-0.1300186961889267,0.33072584867477417,0.8009626269340515,-0.03835487365722656,0.3800242245197296,0.7468364238739014,-0.05880492180585861,0.4214102327823639,0.7010684013366699,-0.07933696359395981,0.4521990120410919,0.6640909910202026,-0.09413132816553116,0.34247294068336487,0.827251136302948,-0.012118169106543064,0.3882503807544708,0.7786891460418701,-0.04094899818301201,0.4083021879196167,0.7443870902061462,-0.06672852486371994,0.42234116792678833,0.7170736193656921,-0.08241291344165802,0.3503116965293884,0.8531916737556458,0.008382218889892101,0.38171929121017456,0.8205056190490723,-0.023179836571216583,0.39654165506362915,0.802130401134491,-0.044842611998319626,0.41003742814064026,0.790337085723877,-0.058474767953157425,house
0.2238132655620575,0.9760887622833252,-1.4140681514618336e-07,0.2701055705547333,0.9074617624282837,0.1290939450263977,0.3103705942630768,0.8537547588348389,0.17727060616016388,0.34972476959228516,0.8267738223075867,0.20074893534183502,0.38812553882598877,0.803174614906311,0.21705377101898193,0.30535921454429626,0.7750614881515503,0.08740613609552383,0.368635892868042,0.7240024209022522,0.10206624865531921,0.41541075706481934,0.6794769763946533,0.11955399066209793,0.4496726989746094,0.6532428860664368,0.12917743623256683,0.32457900047302246,0.7893992066383362,0.013385791331529617,0.3947526216506958,0.7125124931335449,0.005599796772003174,0.4443715214729309,0.6576537489891052,0.007106808479875326,0.4845554828643799,0.6124458312988281,0.008791975677013397,0.3461662828922272,0.8170861601829529,-0.05004352331161499,0.4109921157360077,0.7388247847557068,-0.06491472572088242,0.4618214964866638,0.6840745806694031,-0.06546934694051743,0.4969606101512909,0.6389193534851074,-0.06546029448509216,0.3725111186504364,0.8509796261787415,-0.10067983716726303,0.4264565110206604,0.7847625017166138,-0.12829607725143433,0.4691815972328186,0.7365789413452148,-0.14183098077774048,0.5012363791465759,0.6912290453910828,-0.15020476281642914,house
0.7869675159454346,0.9407879114151001,1.1332977578604186e-07,0.6937270760536194,0.9359496235847473,0.03935415297746658,0.6265212297439575,0.8814228773117065,0.047068946063518524,0.5925437808036804,0.8348161578178406,0.04160057008266449,0.54883873462677,0.7931392192840576,0.029397306963801384,0.6325351595878601,0.8263542652130127,0.002458918374031782,0.5784554481506348,0.7747028470039368,-0.02975323796272278,0.53176349401474,0.7321504354476929,-0.05827085301280022,0.49330055713653564,0.6966310739517212,-0.08341805636882782,0.6601034998893738,0.8183821439743042,-0.04957059025764465,0.5928645730018616,0.7605911493301392,-0.09715878963470459,0.5285543203353882,0.7195684313774109,-0.13918925821781158,0.478796124458313,0.6884505748748779,-0.1704549938440323,0.6932321786880493,0.8222883343696594,-0.09929065406322479,0.6239446401596069,0.7674199342727661,-0.1501467376947403,0.562065839767456,0.722869336605072,-0.18674249947071075,0.5162768959999084,0.6854898929595947,-0.21185748279094696,0.7238610982894897,0.836878776550293,-0.14391599595546722,0.6659358143806458,0.7949404716491699,-0.19277596473693848,0.6131539940834045,0.7610900402069092,-0.2200966328382492,0.5716875195503235,0.7301095128059387,-0.24083556234836578,house
0.23764806985855103,0.9877089858055115,-2.2722556991539022e-07,0.282078355550766,0.9361304044723511,0.10962599515914917,0.3176913261413574,0.8910013437271118,0.15529267489910126,0.35221371054649353,0.8725840449333191,0.17957521975040436,0.3836078643798828,0.8539764285087585,0.198839008808136,0.31703683733940125,0.8125882744789124,0.09028930217027664,0.36785197257995605,0.7677609324455261,0.10567586869001389,0.4074310064315796,0.7313690185546875,0.12257988750934601,0.4365159273147583,0.710107684135437,0.13314639031887054,0.33346179127693176,0.8228762745857239,0.029158109799027443,0.39219048619270325,0.7572194337844849,0.026786265894770622,0.4378175735473633,0.7115618586540222,0.0333542600274086,0.47394677996635437,0.675540566444397,0.0397268645465374,0.3501424491405487,0.8456904292106628,-0.024822097271680832,0.40701359510421753,0.7787088751792908,-0.03841957077383995,0.45622560381889343,0.7322027683258057,-0.03648391366004944,0.48857173323631287,0.6955910921096802,-0.03233865275979042,0.3716699779033661,0.8752098679542542,-0.06828344613313675,0.42000067234039307,0.8150926828384399,-0.09647861868143082,0.4587462544441223,0.7722027897834778,-0.10975407809019089,0.4888148605823517,0.7308051586151123,-0.11594811826944351,house
0.539348840713501,0.9174792766571045,3.265642760652554e-07,0.41863369941711426,0.8731245398521423,-0.12527090311050415,0.32606151700019836,0.7661939859390259,-0.19321195781230927,0.2483728528022766,0.6675934791564941,-0.2525765895843506,0.14816394448280334,0.60922771692276,-0.30832189321517944,0.3784656822681427,0.6153655052185059,-0.12153627723455429,0.3718174695968628,0.46105122566223145,-0.1994657814502716,0.3702836036682129,0.3707818388938904,-0.2413664609193802,0.38200488686561584,0.2891993224620819,-0.2648591995239258,0.47176164388656616,0.6151819825172424,-0.09766456484794617,0.5192553997039795,0.5612027645111084,-0.23563963174819946,0.5291054844856262,0.6789516806602478,-0.2823874056339264,0.5204465389251709,0.7639470100402832,-0.2801417112350464,0.5591190457344055,0.6238274574279785,-0.0867752954363823,0.6134330034255981,0.5824453830718994,-0.21703068912029266,0.6098425388336182,0.6958280205726624,-0.23810674250125885,0.5884438157081604,0.7686410546302795,-0.212697833776474,0.63817298412323,0.631615400314331,-0.08477950096130371,0.6772164106369019,0.539735734462738,-0.15511511266231537,0.7058157324790955,0.4793064594268799,-0.17625652253627777,0.7293734550476074,0.4172970652580261,-0.17542588710784912,i_love_you
0.4802500903606415,1.0264893770217896,-3.081924049297413e-08,0.39288780093193054,0.9590672254562378,-0.14272958040237427,0.3125208616256714,0.8195521235466003,-0.2992216646671295,0.24028213322162628,0.711017370223999,-0.43466800451278687,0.16719108819961548,0.6246373653411865,-0.5756756663322449,0.39760830998420715,0.7768185138702393,-0.42793333530426025,0.4253005385398865,0.6281415224075317,-0.6186990141868591,0.4288846254348755,0.567864179611206,-0.7295842170715332,0.4081628620624542,0.5528666973114014,-0.7940929532051086,0.5084658861160278,0.7991804480552673,-0.43226510286331177,0.5477057695388794,0.7032414674758911,-0.6173111796379089,0.5441846251487732,0.7512410283088684,-0.7027996182441711,0.537614107131958,0.8245546817779541,-0.7720109224319458,0.6015973687171936,0.8632169961929321,-0.43191397190093994,0.6434001922607422,0.7697908282279968,-0.6076059937477112,0.6219028234481812,0.7875137329101562,-0.672890841960907,0.6019017696380615,0.8233188390731812,-0.7118018865585327,0.6704196929931641,0.9451918601989746,-0.43646106123924255,0.7323883771896362,0.8790799975395203,-0.559086799621582,0.749484658241272,0.8258904814720154,-0.5961893796920776,0.7518296837806702,0.7872304320335388,-0.6254254579544067,i_love_you
0.519070029258728,0.9857335090637207,-1.356365117999303e-07,0.39128953218460083,0.9398471713066101,-0.12907536327838898,0.3037606477737427,0.810791015625,-0.20300818979740143,0.23180705308914185,0.7026833295822144,-0.2674364745616913,0.13158154487609863,0.6387941241264343,-0.33119651675224304,0.3877820372581482,0.6501955389976501,-0.1702892780303955,0.3953453302383423,0.47766295075416565,-0.261875718832016,0.403025358915329,0.37353116273880005,-0.3068871796131134,0.42641955614089966,0.2797483205795288,-0.33041515946388245,0.4878634810447693,0.6648857593536377,-0.1492261439561844,0.5531166791915894,0.6376795768737793,-0.2998003661632538,0.5439350008964539,0.7764300107955933,-0.33781883120536804,0.5264195799827576,0.8717062473297119,-0.3273518681526184,0.5755824446678162,0.6919047236442566,-0.13968977332115173,0.6460230946540833,0.6911085247993469,-0.2873721718788147,0.6189101934432983,0.8265724778175354,-0.2981387972831726,0.585227370262146,0.9057328701019287,-0.26043733954429626,0.6626545786857605,0.7192960977554321,-0.1384160816669464,0.7281171083450317,0.6143068075180054,-0.22121164202690125,0.7811475992202759,0.5547330379486084,-0.23558080196380615,0.8306797742843628,0.4974108338356018,-0.22637763619422913,i_love_you
0.5240987539291382,0.9479202032089233,-1.1970037405717449e-07,0.41075557470321655,0.8888272047042847,-0.10617515444755554,0.33801424503326416,0.760693371295929,-0.16165179014205933,0.276836633682251,0.6490150094032288,-0.20854498445987701,0.19040566682815552,0.5746008157730103,-0.25279855728149414,0.4094575047492981,0.6356046795845032,-0.1234731525182724,0.4209675192832947,0.47734901309013367,-0.19147711992263794,0.4309193789958954,0.3844103217124939,-0.22368639707565308,0.45427680015563965,0.30092453956604004,-0.24263297021389008,0.4965997338294983,0.6463552117347717,-0.10490325838327408,0.5345274209976196,0.6056565642356873,-0.22591949999332428,0.5156383514404297,0.7254024744033813,-0.25629040598869324,0.4944913387298584,0.810152530670166,-0.24719202518463135,0.5748459100723267,0.6710458993911743,-0.0968613252043724,0.617440938949585,0.6625229716300964,-0.21613800525665283,0.585334062576294,0.7790930867195129,-0.2252383828163147,0.5487216114997864,0.8495630025863647,-0.19527693092823029,0.6505715250968933,0.69595867395401,-0.09616877138614655,0.6906672120094299,0.6014332175254822,-0.1695341020822525,0.7285684943199158,0.539599597454071,-0.18979093432426453,0.7644739151000977,0.4785727560520172,-0.18852218985557556,i_love_you
0.4902355372905731,1.0023926496505737,-8.282140129267646e-07,0.34536075592041016,0.9283697009086609,-0.069973424077034,0.26043665409088135,0.7844123244285583,-0.10843384265899658,0.2081547975540161,0.6654542684555054,-0.14812591671943665,0.1243642270565033,0.5846478343009949,-0.18622945249080658,0.3606133460998535,0.6507251858711243,-0.12371203303337097,0.3583219349384308,0.4724904000759125,-0.23492446541786194,0.36451441049575806,0.35644781589508057,-0.2982383370399475,0.3818887174129486,0.2508539855480194,-0.3381443917751312,0.46820348501205444,0.6712634563446045,-0.13215957581996918,0.47077101469039917,0.6366006135940552,-0.30699464678764343,0.4453617036342621,0.7904794216156006,-0.34534788131713867,0.4260194003582001,0.8925775289535522,-0.33626043796539307,0.565718948841095,0.7088346481323242,-0.15222026407718658,0.5772825479507446,0.6931409239768982,-0.3210292160511017,0.5282434821128845,0.839821457862854,-0.3201269805431366,0.4906322956085205,0.9346319437026978,-0.27527639269828796,0.6590015888214111,0.740777850151062,-0.1772277057170868,0.7077659964561462,0.6376137137413025,-0.3082325756549835,0.7415080666542053,0.5601612329483032,-0.34747928380966187,0.7788668870925903,0.4831717014312744,-0.3516124486923218,i_love_you
0.47769466042518616,1.046726942062378,-1.1481548654046492e-06,0.3502572774887085,0.9680112600326538,-0.045432623475790024,0.27423667907714844,0.811335027217865,-0.07507596909999847,0.23118439316749573,0.6872689723968506,-0.11230412870645523,0.1540226936340332,0.6037222146987915,-0.14967498183250427,0.3681519329547882,0.6827495694160461,-0.07664530724287033,0.36435574293136597,0.5009397864341736,-0.16518235206604004,0.3718579113483429,0.39166271686553955,-0.21468916535377502,0.3919368386268616,0.29576078057289124,-0.24438178539276123,0.46734440326690674,0.7009956240653992,-0.09288733452558517,0.45257481932640076,0.6607531905174255,-0.23540593683719635,0.42191269993782043,0.8100120425224304,-0.2724137306213379,0.4035847783088684,0.9109771847724915,-0.26524603366851807,0.5561614632606506,0.739111602306366,-0.11712539941072464,0.5472657084465027,0.722524881362915,-0.25211331248283386,0.5044045448303223,0.8615297079086304,-0.2507876753807068,0.4733770787715912,0.9542992115020752,-0.2093513011932373,0.6441572308540344,0.7829481363296509,-0.14439857006072998,0.682823657989502,0.6736583709716797,-0.23339080810546875,0.7060233354568481,0.597263753414154,-0.24875622987747192,0.7271877527236938,0.5234781503677368,-0.23933017253875732,i_love_you
0.3908960819244385,1.130194902420044,-5.824813911203819e-07,0.3203160762786865,1.0006141662597656,-0.12048197537660599,0.2619177997112274,0.8338268399238586,-0.24868202209472656,0.207878977060318,0.7072378396987915,-0.3657820522785187,0.1320851445198059,0.6116580963134766,-0.4869054853916168,0.29034945368766785,0.9073877930641174,-0.3448064625263214,0.33593830466270447,0.7009310722351074,-0.521741509437561,0.3691861629486084,0.5737040042877197,-0.6227337718009949,0.3705795705318451,0.49421820044517517,-0.6753672361373901,0.3959467113018036,0.9832584857940674,-0.3531414866447449,0.449462890625,0.797530472278595,-0.5290077924728394,0.46858447790145874,0.725366473197937,-0.5972843170166016,0.47428208589553833,0.7047458291053772,-0.6430296897888184,0.4909520149230957,1.0532971620559692,-0.3601389229297638,0.5658045411109924,0.8652510046958923,-0.5227722525596619,0.5721406936645508,0.7531681656837463,-0.5594085454940796,0.5656352043151855,0.6901980638504028,-0.5690500736236572,0.5707238912582397,1.1097815036773682,-0.37309253215789795,0.6439625024795532,0.9794079661369324,-0.47706282138824463,0.6673440933227539,0.8765700459480286,-0.49433785676956177,0.6793029308319092,0.8095346093177795,-0.5031335353851318,i_love_you
0.47222834825515747,1.0335123538970947,-3.0286981811400437e-09,0.38274118304252625,0.9368240833282471,-0.13721266388893127,0.3139232099056244,0.7980023622512817,-0.2541228234767914,0.24168792366981506,0.6736002564430237,-0.34861162304878235,0.14087049663066864,0.6072400808334351,-0.44424182176589966,0.40274810791015625,0.7762384414672852,-0.36026743054389954,0.4598698019981384,0.5412225127220154,-0.5349134802818298,0.4911913275718689,0.41453588008880615,-0.6431041955947876,0.48794737458229065,0.3338186740875244,-0.7004777193069458,0.5352828502655029,0.8634985685348511,-0.3477110266685486,0.5945082902908325,0.7370806932449341,-0.5004196166992188,0.5957804322242737,0.7538168430328369,-0.5647031664848328,0.574226438999176,0.8177171349525452,-0.6173791289329529,0.6344940662384033,0.9439732432365417,-0.3300882577896118,0.7216939926147461,0.802076518535614,-0.4728150963783264,0.7400392293930054,0.7499576807022095,-0.4757031500339508,0.7287633419036865,0.7464860081672668,-0.46663153171539307,0.7024180293083191,1.0110961198806763,-0.32066810131073,0.792046844959259,0.8833684325218201,-0.4134974479675293,0.8241195678710938,0.7963830828666687,-0.3958514332771301,0.8374419212341309,0.7507152557373047,-0.37672123312950134,i_love_you
0.5222497582435608,1.019313097000122,-3.9435819054745025e-09,0.4050729274749756,0.9371641874313354,-0.1379445344209671,0.3096882998943329,0.7726634740829468,-0.21871808171272278,0.22987860441207886,0.6403573155403137,-0.29110318422317505,0.1316271424293518,0.563977837562561,-0.36197641491889954,0.4305887520313263,0.6271687150001526,-0.17628933489322662,0.469346284866333,0.40722978115081787,-0.26591789722442627,0.4990245997905731,0.2814152240753174,-0.3085222542285919,0.5409848093986511,0.17595958709716797,-0.33307528495788574,0.5405539870262146,0.6531974673271179,-0.1587226539850235,0.6336444616317749,0.614526629447937,-0.30966219305992126,0.6303292512893677,0.7756097316741943,-0.3622475862503052,0.6087294816970825,0.8810839653015137,-0.36657872796058655,0.6358062028884888,0.6845904588699341,-0.1525721549987793,0.732437789440155,0.6467306613922119,-0.2984255254268646,0.7037626504898071,0.8151535391807556,-0.32209646701812744,0.6637310981750488,0.9186897873878479,-0.29884210228919983,0.7231256365776062,0.7162700295448303,-0.15599578619003296,0.801313579082489,0.5900523662567139,-0.2409352958202362,0.8655647039413452,0.5168845057487488,-0.2676860988140106,0.9271856546401978,0.43335556983947754,-0.2727287709712982,i_love_you
0.4706306457519531,1.0144426822662354,-8.326142051373608e-07,0.3720710277557373,0.9519017934799194,-0.09063683450222015,0.30533820390701294,0.8252162337303162,-0.1397971212863922,0.26719048619270325,0.7131704092025757,-0.1839742362499237,0.20483779907226562,0.6348722577095032,-0.2255636602640152,0.4040578007698059,0.6965711712837219,-0.13339175283908844,0.40312254428863525,0.5482625961303711,-0.2337694764137268,0.4133317470550537,0.4537234306335449,-0.28990238904953003,0.4359378218650818,0.3739577829837799,-0.3222273886203766,0.49763235449790955,0.7208490967750549,-0.12998375296592712,0.5066094398498535,0.6941366791725159,-0.2795303761959076,0.4866056442260742,0.8291420936584473,-0.33129554986953735,0.46728387475013733,0.9200679063796997,-0.3381293714046478,0.5786997079849243,0.7507684826850891,-0.13763022422790527,0.5917916893959045,0.7315078377723694,-0.2872239947319031,0.5640612244606018,0.8584204912185669,-0.32280394434928894,0.5353389382362366,0.9445116519927979,-0.3101084232330322,0.660107433795929,0.7805309891700745,-0.14996254444122314,0.6814044713973999,0.6692095398902893,-0.2578705847263336,0.6999822854995728,0.5921655893325806,-0.30352139472961426,0.7177796363830566,0.5160701274871826,-0.31926149129867554,i_love_you
0.4619235396385193,1.0213885307312012,-9.463338415116596e-07,0.3470313847064972,0.9546099901199341,-0.06631364673376083,0.27692148089408875,0.8228009343147278,-0.10211410373449326,0.23460692167282104,0.7114596366882324,-0.13747888803482056,0.16222423315048218,0.6369750499725342,-0.17090100049972534,0.3648175001144409,0.6876530647277832,-0.09886639565229416,0.3623941242694855,0.5373966693878174,-0.1912192404270172,0.37027668952941895,0.44228410720825195,-0.24313461780548096,0.39161092042922974,0.3585328161716461,-0.27287155389785767,0.4598594307899475,0.7108832001686096,-0.10213637351989746,0.46209993958473206,0.6803557872772217,-0.24498949944972992,0.44940435886383057,0.8232190608978271,-0.28765803575515747,0.4387933611869812,0.9165164232254028,-0.2862187623977661,0.5473899841308594,0.7436187863349915,-0.11508145183324814,0.5529804825782776,0.72346431016922,-0.25478145480155945,0.5267228484153748,0.8566462993621826,-0.27197471261024475,0.5042296648025513,0.9405345916748047,-0.2450268417596817,0.6329541802406311,0.7741825580596924,-0.13172630965709686,0.6505939960479736,0.6594300866127014,-0.23063898086547852,0.660628616809845,0.5822850465774536,-0.26418718695640564,0.6760339140892029,0.5029864311218262,-0.26923510432243347,i_love_you
0.5591965913772583,0.9928747415542603,-2.4109189666887687e-07,0.4368140399456024,0.9453836679458618,-0.12357868254184723,0.35702458024024963,0.8156939744949341,-0.19238199293613434,0.29382216930389404,0.7002575397491455,-0.25119397044181824,0.20066094398498535,0.6261925101280212,-0.3078792691230774,0.4291449189186096,0.6623126864433289,-0.1601630002260208,0.4504527449607849,0.49399375915527344,-0.2542853355407715,0.46450063586235046,0.3896067142486572,-0.3032984733581543,0.49436822533607483,0.29455888271331787,-0.32967036962509155,0.5267056226730347,0.6733316779136658,-0.13925014436244965,0.5835107564926147,0.6407609581947327,-0.2892497181892395,0.5832052230834961,0.7779872417449951,-0.3316178023815155,0.5711458921432495,0.8751600980758667,-0.32501059770584106,0.615854799747467,0.6963701248168945,-0.12978889048099518,0.6810578107833862,0.684716522693634,-0.2729546129703522,0.6700781583786011,0.815605640411377,-0.28700685501098633,0.646064281463623,0.8965312242507935,-0.2530985176563263,0.7017643451690674,0.7192143201828003,-0.12833285331726074,0.7497571706771851,0.6037662029266357,-0.20797352492809296,0.786686897277832,0.5306452512741089,-0.22516578435897827,0.8203116655349731,0.4582691788673401,-0.21888235211372375,i_love_you
0.48468253016471863,1.031526803970337,-5.011366397411621e-07,0.35034433007240295,0.9711921811103821,-0.10638256371021271,0.2647308111190796,0.8275504112243652,-0.1686384230852127,0.20343148708343506,0.6976191997528076,-0.22551687061786652,0.10830715298652649,0.6102049350738525,-0.2803484797477722,0.34721824526786804,0.6734321713447571,-0.14797420799732208,0.35943734645843506,0.4864574074745178,-0.2426302433013916,0.36966195702552795,0.3738476037979126,-0.2911055386066437,0.39668866991996765,0.26902928948402405,-0.3191894292831421,0.45341551303863525,0.6826342344284058,-0.13840754330158234,0.4960726797580719,0.6353611946105957,-0.2922790050506592,0.49731600284576416,0.7857545614242554,-0.3391275405883789,0.4871988892555237,0.8916864395141602,-0.336317777633667,0.5481828451156616,0.706020176410675,-0.1385635882616043,0.5964339971542358,0.6766425967216492,-0.2838781774044037,0.5886268019676208,0.8214229941368103,-0.29974061250686646,0.568419337272644,0.9181677103042603,-0.2678142786026001,0.6358338594436646,0.7315168380737305,-0.1454029381275177,0.6716057062149048,0.602504551410675,-0.23184573650360107,0.7006082534790039,0.5230532288551331,-0.25493383407592773,0.7298310995101929,0.4433891177177429,-0.2530162036418915,i_love_you
0.5312865972518921,1.0123132467269897,-4.378170501695422e-07,0.40520450472831726,0.9501044750213623,-0.11421441286802292,0.3237106204032898,0.79421466588974,-0.1779872328042984,0.2607082426548004,0.6600977778434753,-0.23466145992279053,0.15958359837532043,0.5808330178260803,-0.2901112139225006,0.40785786509513855,0.6387767195701599,-0.15540693700313568,0.439832866191864,0.43706056475639343,-0.24463407695293427,0.4634776711463928,0.31712132692337036,-0.2891339063644409,0.5004109144210815,0.21121233701705933,-0.3132898211479187,0.5144237279891968,0.6557852625846863,-0.14235900342464447,0.5897737145423889,0.6151248216629028,-0.29687365889549255,0.590255618095398,0.7688023447990417,-0.3438607454299927,0.5760567784309387,0.8776451349258423,-0.33845630288124084,0.6120719313621521,0.6841090321540833,-0.13831958174705505,0.6911145448684692,0.6697874665260315,-0.28354305028915405,0.6757932305335999,0.8148670196533203,-0.29835453629493713,0.6440815925598145,0.9080901145935059,-0.2634643614292145,0.7051131129264832,0.7120867967605591,-0.14122727513313293,0.7646287679672241,0.5810192823410034,-0.2189585119485855,0.8121519684791565,0.49786800146102905,-0.23350034654140472,0.8530615568161011,0.4151037931442261,-0.2255764603614807,i_love_you
0.4641510248184204,1.0402714014053345,-7.194192903625662e-07,0.35877376794815063,0.9615129232406616,-0.098558209836483,0.2983541190624237,0.7889222502708435,-0.1547507494688034,0.2601357698440552,0.6432173848152161,-0.20675168931484222,0.18909063935279846,0.5435913801193237,-0.25723496079444885,0.4172162115573883,0.6597841382026672,-0.13823485374450684,0.4561174511909485,0.4568021297454834,-0.213296577334404,0.4832298755645752,0.33786290884017944,-0.25004199147224426,0.5217639803886414,0.2407221496105194,-0.2711579203605652,0.5202237367630005,0.6883182525634766,-0.1318201720714569,0.5917521119117737,0.6619994640350342,-0.26261720061302185,0.5639801025390625,0.8141308426856995,-0.31120195984840393,0.5308870673179626,0.9187042117118835,-0.31647855043411255,0.6104731559753418,0.7282142639160156,-0.13222740590572357,0.6911758780479431,0.7049359083175659,-0.257856160402298,0.6642715930938721,0.8482480049133301,-0.2844693064689636,0.6264709234237671,0.9456037282943726,-0.26877111196517944,0.6962856650352478,0.769133448600769,-0.13803690671920776,0.7751718163490295,0.6448026895523071,-0.20792901515960693,0.830470085144043,0.5666780471801758,-0.22962142527103424,0.879370927810669,0.48718148469924927,-0.23346945643424988,i_love_you
0.388772189617157,1.0439965724945068,-5.877038802282186e-07,0.31845328211784363,0.919842541217804,-0.14828328788280487,0.2577579915523529,0.7907019853591919,-0.2883034348487854,0.1986389011144638,0.6899335384368896,-0.40643566846847534,0.10797201097011566,0.6135891675949097,-0.524918258190155,0.2798527777194977,0.9091084003448486,-0.40339863300323486,0.3265736401081085,0.6849656105041504,-0.5992718935012817,0.3794649839401245,0.5526073575019836,-0.7009993195533752,0.39811211824417114,0.4731330871582031,-0.7553551197052002,0.3927132785320282,0.9930715560913086,-0.4050896465778351,0.45009103417396545,0.8357687592506409,-0.6167478561401367,0.48996639251708984,0.7258762121200562,-0.6909449100494385,0.5115605592727661,0.6739975214004517,-0.7348101139068604,0.49287521839141846,1.0602165460586548,-0.4048931300640106,0.5713877081871033,0.8991023898124695,-0.5989668369293213,0.6071373224258423,0.7644460797309875,-0.6309393048286438,0.624193549156189,0.6926515698432922,-0.6326056718826294,0.5763314962387085,1.1028103828430176,-0.41123127937316895,0.6660394668579102,0.989773690700531,-0.5462501049041748,0.7085202932357788,0.8804581761360168,-0.5714479684829712,0.736037015914917,0.8200328946113586,-0.5806786417961121,i_love_you
0.44378024339675903,1.0104378461837769,3.3246152497667936e-07,0.3433550000190735,0.9513608813285828,-0.1261041909456253,0.25862669944763184,0.8050874471664429,-0.28073999285697937,0.1970691829919815,0.6952095627784729,-0.4097427725791931,0.13430967926979065,0.618173360824585,-0.5393382906913757,0.33818674087524414,0.7632429599761963,-0.46004393696784973,0.3657974600791931,0.6184260845184326,-0.6431059241294861,0.38060376048088074,0.576424777507782,-0.7379317879676819,0.39023926854133606,0.5654376745223999,-0.790849506855011,0.4674781560897827,0.7794263958930969,-0.4630998969078064,0.49141672253608704,0.7190897464752197,-0.6487874984741211,0.46939617395401,0.8025765419006348,-0.7189693450927734,0.4648129343986511,0.8883596062660217,-0.7782688736915588,0.5756307244300842,0.8378313183784485,-0.45458194613456726,0.5955767631530762,0.7814120650291443,-0.6137363910675049,0.557402491569519,0.8408704996109009,-0.6549559831619263,0.53990638256073,0.9060794711112976,-0.6818755269050598,0.6574946045875549,0.9084016680717468,-0.4499002993106842,0.6848068237304688,0.8613284230232239,-0.5607343912124634,0.6799893379211426,0.8477981090545654,-0.5886474251747131,0.6831192374229431,0.843184232711792,-0.6127363443374634,i_love_you
0.5339571833610535,1.0027923583984375,1.8971675341816763e-09,0.4274023175239563,0.9553544521331787,-0.07828472554683685,0.33490896224975586,0.8444443941116333,-0.13804703950881958,0.22888126969337463,0.7716079950332642,-0.19698409736156464,0.1072508692741394,0.7400527596473694,-0.258251816034317,0.46615996956825256,0.6802111268043518,-0.1226600706577301,0.49669507145881653,0.5165497064590454,-0.18849124014377594,0.5271604657173157,0.41740110516548157,-0.2235412895679474,0.5556890964508057,0.3227141797542572,-0.24925027787685394,0.5577698945999146,0.6897597312927246,-0.12400195002555847,0.5972186923027039,0.6860928535461426,-0.2500329613685608,0.5637414455413818,0.8058785200119019,-0.2935953140258789,0.5294650197029114,0.8794795870780945,-0.30179157853126526,0.6403408646583557,0.7256638407707214,-0.12959855794906616,0.6807091236114502,0.7399518489837646,-0.2601369619369507,0.6432311534881592,0.8507692217826843,-0.2710147500038147,0.5964618921279907,0.92365962266922,-0.24775753915309906,0.7109896540641785,0.7690523862838745,-0.1379355788230896,0.7713271975517273,0.6767034530639648,-0.23355695605278015,0.8239105939865112,0.6170693635940552,-0.25055453181266785,0.8647763729095459,0.559423565864563,-0.24386821687221527,i_love_you
0.48628589510917664,1.018689513206482,-6.228714255485102e-07,0.3828909695148468,0.9443708062171936,-0.12089577317237854,0.29016661643981934,0.8438984751701355,-0.22442397475242615,0.18706196546554565,0.7584565877914429,-0.30916720628738403,0.07851991057395935,0.7339630126953125,-0.39335647225379944,0.4194507896900177,0.8127938508987427,-0.3308557868003845,0.47734808921813965,0.6210152506828308,-0.4838864207267761,0.5074523687362671,0.5147337317466736,-0.5677552819252014,0.5087674260139465,0.44112634658813477,-0.6053774356842041,0.5308440923690796,0.8735879063606262,-0.3205212354660034,0.5877786874771118,0.7186723947525024,-0.46297821402549744,0.5833743214607239,0.7465531826019287,-0.5202369093894958,0.5707586407661438,0.8057706952095032,-0.5660051703453064,0.6039705276489258,0.9434798359870911,-0.3057140111923218,0.6790005564689636,0.8026326298713684,-0.4349064230918884,0.6894998550415039,0.7921104431152344,-0.44675642251968384,0.6812942624092102,0.809836745262146,-0.4467287063598633,0.6499314904212952,1.0149668455123901,-0.29870572686195374,0.7249351739883423,0.9270410537719727,-0.3767204284667969,0.755363404750824,0.8743016123771667,-0.368655264377594,0.7749476432800293,0.8414846658706665,-0.36015787720680237,i_love_you
0.5049508213996887,1.041284203529358,5.006370429327944e-07,0.3872535526752472,0.9974064826965332,-0.1718059480190277,0.2793467938899994,0.9071004986763,-0.35482099652290344,0.16270574927330017,0.8223003149032593,-0.5020954608917236,0.034745097160339355,0.7821364998817444,-0.6561813354492188,0.3735194206237793,0.836640477180481,-0.5821754336357117,0.3695577383041382,0.7288814783096313,-0.8132776618003845,0.36087530851364136,0.6611089706420898,-0.9454519748687744,0.33913129568099976,0.5973017811775208,-1.0243771076202393,0.5096266865730286,0.8453582525253296,-0.5766289830207825,0.5325005650520325,0.804193377494812,-0.8187795281410217,0.527307391166687,0.8286600112915039,-0.9396273493766785,0.5175286531448364,0.8577046990394592,-1.0359776020050049,0.6173492670059204,0.8811169862747192,-0.5551888942718506,0.6596871018409729,0.8290432095527649,-0.7637820839881897,0.6569003462791443,0.8129632472991943,-0.8394443988800049,0.6387535333633423,0.8028707504272461,-0.8901160359382629,0.7059839963912964,0.9199994802474976,-0.537211000919342,0.7704115509986877,0.8277196288108826,-0.6955602765083313,0.8040292263031006,0.7359721660614014,-0.7491676807403564,0.8206605911254883,0.6689280867576599,-0.7921921610832214,i_love_you
0.358394980430603,0.9701640605926514,-2.7082705855718814e-07,0.4878598153591156,0.9220640659332275,-0.08204564452171326,0.623868465423584,0.7928810715675354,-0.11953133344650269,0.7492198944091797,0.696532666683197,-0.15122725069522858,0.8710587024688721,0.6703842282295227,-0.17907929420471191,0.5365845561027527,0.6089397072792053,-0.07321088016033173,0.5329074859619141,0.4526626467704773,-0.12716010212898254,0.5247839093208313,0.3483298122882843,-0.1602429300546646,0.5190856456756592,0.25730088353157043,-0.18412534892559052,0.43394041061401367,0.6030698418617249,-0.06857562810182571,0.4093465805053711,0.5396836400032043,-0.1778048723936081,0.3993534445762634,0.6677607297897339,-0.2207903414964676,0.40243393182754517,0.7639163732528687,-0.2279665172100067,0.3413239121437073,0.619613766670227,-0.0727071762084961,0.30296650528907776,0.568817138671875,-0.17403078079223633,0.31704819202423096,0.6852573752403259,-0.190225288271904,0.337274432182312,0.7673501372337341,-0.17583531141281128,0.26342350244522095,0.6474567651748657,-0.08299268782138824,0.23805004358291626,0.5388924479484558,-0.13857854902744293,0.2254176139831543,0.4784000515937805,-0.15088745951652527,0.21840503811836243,0.4040576219558716,-0.1507764309644699,i_love_you
0.589560866355896,0.977704644203186,-9.6726603260322e-07,0.49774083495140076,0.8661988973617554,-0.10739780962467194,0.4306369423866272,0.721535325050354,-0.25192031264305115,0.41667720675468445,0.5596338510513306,-0.37768763303756714,0.43291229009628296,0.4215530455112457,-0.5087401866912842,0.41653668880462646,0.8998605012893677,-0.42249390482902527,0.35946226119995117,0.8153181076049805,-0.5722019076347351,0.3269038498401642,0.7731553316116333,-0.6558603048324585,0.3026667833328247,0.7362148761749268,-0.7139974236488342,0.5012412071228027,0.9203434586524963,-0.43701812624931335,0.5415558815002441,0.7566565275192261,-0.5888306498527527,0.5163732767105103,0.7434990406036377,-0.6418601870536804,0.47970089316368103,0.7623950839042664,-0.6939045190811157,0.5932059288024902,0.9126365780830383,-0.44274190068244934,0.6443015933036804,0.7612816691398621,-0.5719373226165771,0.6237326264381409,0.7676531076431274,-0.616428554058075,0.591452419757843,0.7944784164428711,-0.6582669615745544,0.6822043657302856,0.8928457498550415,-0.45048630237579346,0.7543666362762451,0.7683766484260559,-0.5534050464630127,0.8065379858016968,0.6928874850273132,-0.60350501537323,0.8387613892555237,0.6327857971191406,-0.6540215015411377,i_love_you
0.36692798137664795,0.9681175947189331,-3.3052160119950713e-07,0.49496230483055115,0.9320015907287598,-0.08386094123125076,0.6300976872444153,0.8186658620834351,-0.12184303253889084,0.7553716897964478,0.7302241325378418,-0.1533316969871521,0.8738996386528015,0.7011330127716064,-0.18091022968292236,0.5568661093711853,0.6290916204452515,-0.07332910597324371,0.5577871203422546,0.4749411344528198,-0.12378040701150894,0.5538688898086548,0.3727734386920929,-0.15434829890727997,0.5520273447036743,0.2859255075454712,-0.17608234286308289,0.45931029319763184,0.6177350878715515,-0.06565316021442413,0.42870181798934937,0.5610026717185974,-0.16996680200099945,0.4150184392929077,0.6833438873291016,-0.21169251203536987,0.4174964427947998,0.7756212949752808,-0.21872210502624512,0.3691434860229492,0.6293681263923645,-0.06641758978366852,0.3296508491039276,0.5841888189315796,-0.16400818526744843,0.3386056125164032,0.698225736618042,-0.18095974624156952,0.35744768381118774,0.7788971662521362,-0.1678038239479065,0.292763352394104,0.6543937921524048,-0.0733327716588974,0.26849043369293213,0.5498309135437012,-0.12738344073295593,0.2566203773021698,0.4930862784385681,-0.13974858820438385,0.25246068835258484,0.42480239272117615,-0.13934201002120972,i_love_you
0.2978571951389313,0.9680510759353638,-3.4987817798537435e-07,0.4218689799308777,0.951781690120697,-0.13247112929821014,0.5669533610343933,0.8388559818267822,-0.1847279965877533,0.7097939848899841,0.7494781613349915,-0.221393421292305,0.8467947244644165,0.731666088104248,-0.2500505745410919,0.5314863920211792,0.6259682178497314,-0.08925197273492813,0.5337830781936646,0.4522568881511688,-0.14704294502735138,0.5250964164733887,0.3363645374774933,-0.1781982034444809,0.5185874104499817,0.23940792679786682,-0.19495128095149994,0.4333428740501404,0.6073204874992371,-0.053535815328359604,0.36438941955566406,0.5419236421585083,-0.16286352276802063,0.32951590418815613,0.6708874702453613,-0.19838151335716248,0.3287002742290497,0.7634283304214478,-0.19370700418949127,0.3405753970146179,0.6101691722869873,-0.03328092768788338,0.27151647210121155,0.5579119920730591,-0.13731878995895386,0.25943994522094727,0.6827606558799744,-0.15256105363368988,0.27524062991142273,0.7618440389633179,-0.13082881271839142,0.2608523368835449,0.6219443678855896,-0.023369550704956055,0.2385491132736206,0.507117509841919,-0.0777544230222702,0.21585503220558167,0.4494388699531555,-0.08871420472860336,0.21064773201942444,0.3786853551864624,-0.08231093734502792,i_love_you
0.27520516514778137,0.9797177314758301,-1.7128093077189988e-07,0.41252464056015015,0.9535946846008301,-0.1292104721069336,0.5597338676452637,0.8436681628227234,-0.18084529042243958,0.7037110328674316,0.7649118900299072,-0.21741712093353271,0.8372374773025513,0.7365660071372986,-0.2452731430530548,0.5316205620765686,0.6461939215660095,-0.0783795490860939,0.5214415788650513,0.47740188241004944,-0.1459037810564041,0.5076826810836792,0.36955806612968445,-0.18732431530952454,0.5047242045402527,0.27611109614372253,-0.20912712812423706,0.4279031455516815,0.6277970671653748,-0.04349049925804138,0.36708304286003113,0.5619567036628723,-0.15584616363048553,0.3361995220184326,0.6872779726982117,-0.202504962682724,0.3333131968975067,0.7800119519233704,-0.20827575027942657,0.3316408395767212,0.6303029656410217,-0.02532224915921688,0.26942718029022217,0.5781023502349854,-0.13552351295948029,0.263084352016449,0.7001994252204895,-0.16660727560520172,0.2844116985797882,0.7816975712776184,-0.1569029688835144,0.2566281855106354,0.6422470808029175,-0.016133155673742294,0.23475995659828186,0.5321880578994751,-0.08058572560548782,0.21343106031417847,0.47789067029953003,-0.10362283885478973,0.21501371264457703,0.41397687792778015,-0.10586046427488327,i_love_you
0.3252284526824951,0.9617823362350464,-3.0921384563953325e-07,0.4874463975429535,0.9903212785720825,-0.17804716527462006,0.6694494485855103,0.8777249455451965,-0.27904608845710754,0.8179032802581787,0.7957181930541992,-0.35256272554397583,0.9634108543395996,0.7657241821289062,-0.4241023063659668,0.6358156800270081,0.7094780802726746,-0.2863578200340271,0.6169754266738892,0.5023722648620605,-0.44370096921920776,0.59348464012146,0.37382617592811584,-0.5408887267112732,0.5989148616790771,0.25987887382507324,-0.6012917160987854,0.5218196511268616,0.6704666614532471,-0.25306811928749084,0.45513373613357544,0.5938757061958313,-0.43090859055519104,0.40005093812942505,0.72378009557724,-0.49764376878738403,0.38460421562194824,0.811893105506897,-0.530591607093811,0.4156922399997711,0.6588367819786072,-0.23401787877082825,0.35284939408302307,0.5954930186271667,-0.4083365201950073,0.32480588555336,0.7425013780593872,-0.4373140037059784,0.32137858867645264,0.8498730063438416,-0.43423160910606384,0.33559149503707886,0.6718361377716064,-0.22581276297569275,0.2936060428619385,0.5360503196716309,-0.3624545931816101,0.2627379596233368,0.504787266254425,-0.40046894550323486,0.26542147994041443,0.4696604609489441,-0.4148670434951782,i_love_you
0.3405473530292511,0.9441642165184021,-5.35160253889444e-08,0.46037593483924866,0.9039711356163025,-0.09442222118377686,0.5958722233772278,0.7959397435188293,-0.13209180533885956,0.7263611555099487,0.7218970060348511,-0.16085171699523926,0.8423410654067993,0.695735514163971,-0.18375511467456818,0.5427455902099609,0.6294385194778442,-0.055647410452365875,0.545343816280365,0.47952812910079956,-0.10587041825056076,0.540829598903656,0.382871150970459,-0.1368960440158844,0.5408887267112732,0.29916247725486755,-0.1568240076303482,0.4483891725540161,0.6215755939483643,-0.03923340514302254,0.4145931601524353,0.5541638135910034,-0.14201471209526062,0.39098185300827026,0.6701611876487732,-0.1865861415863037,0.3844166100025177,0.760679304599762,-0.19388766586780548,0.3621092438697815,0.6320384740829468,-0.03491508960723877,0.3150511682033539,0.5815905928611755,-0.13370110094547272,0.3178129494190216,0.6893676519393921,-0.1605512648820877,0.3333473801612854,0.7628368139266968,-0.15183770656585693,0.2910104990005493,0.6483443379402161,-0.03688197210431099,0.2752774655818939,0.5462373495101929,-0.09085957705974579,0.2591320872306824,0.4912954568862915,-0.10783379524946213,0.2554815411567688,0.4228631258010864,-0.10979089885950089,i_love_you
0.41515854001045227,0.907211184501648,-8.186339783833319e-08,0.5317544937133789,0.8622898459434509,-0.07168607413768768,0.6506050229072571,0.753411054611206,-0.10330426692962646,0.7635105848312378,0.6780772805213928,-0.13070109486579895,0.8673297166824341,0.6596723794937134,-0.15362922847270966,0.5789151787757874,0.6035292744636536,-0.05296684429049492,0.5810831785202026,0.4689119756221771,-0.1026226356625557,0.578415036201477,0.3774501085281372,-0.13547715544700623,0.5759389400482178,0.29815417528152466,-0.15917706489562988,0.4913347363471985,0.599269449710846,-0.050460830330848694,0.47502952814102173,0.5299414396286011,-0.15038076043128967,0.46145132184028625,0.6363767385482788,-0.1936931312084198,0.4575788974761963,0.7204245924949646,-0.20299722254276276,0.4099215269088745,0.6114428043365479,-0.05675777792930603,0.3804165720939636,0.5567411184310913,-0.14950187504291534,0.3872424364089966,0.6532365083694458,-0.16697703301906586,0.395591139793396,0.7227097749710083,-0.15520761907100677,0.3391360938549042,0.6294095516204834,-0.06869380921125412,0.3265644311904907,0.5327544212341309,-0.1193482056260109,0.3217623233795166,0.47432050108909607,-0.13230812549591064,0.32057833671569824,0.403348833322525,-0.13358649611473083,i_love_you
0.3874731659889221,0.9083768129348755,-1.5163057298650529e-07,0.49666017293930054,0.8697913289070129,-0.06958780437707901,0.6117021441459656,0.770999014377594,-0.10050792992115021,0.7227932214736938,0.6994450092315674,-0.12650536000728607,0.8237001299858093,0.679301917552948,-0.14819376170635223,0.5560526251792908,0.6196174621582031,-0.04988428205251694,0.5619453191757202,0.48856300115585327,-0.09365671128034592,0.5605937838554382,0.3995206654071808,-0.12191051989793777,0.5593339204788208,0.32320696115493774,-0.1412760317325592,0.4724103510379791,0.6110761761665344,-0.043254610151052475,0.4511908292770386,0.5539679527282715,-0.13253797590732574,0.4331333637237549,0.6588752865791321,-0.16915442049503326,0.4272163212299347,0.7386618852615356,-0.1747818887233734,0.39475032687187195,0.6192415952682495,-0.044805292040109634,0.3635016679763794,0.5721173882484436,-0.1267365962266922,0.3679782748222351,0.6670742034912109,-0.14112354815006256,0.3767317831516266,0.7342069149017334,-0.12902387976646423,0.3276805281639099,0.6357678174972534,-0.05173225700855255,0.3163107633590698,0.5424857139587402,-0.09489946812391281,0.31162044405937195,0.49009233713150024,-0.10441390424966812,0.3110977113246918,0.42708060145378113,-0.10328677296638489,i_love_you
0.4019964635372162,1.0051946640014648,-4.034188805235317e-07,0.5402570366859436,0.9653171300888062,-0.08251457661390305,0.6838921904563904,0.8406238555908203,-0.11896626651287079,0.8124085068702698,0.7427819967269897,-0.14993129670619965,0.9366645812988281,0.7230591773986816,-0.17761479318141937,0.581587553024292,0.6491506695747375,-0.07516103982925415,0.5852082967758179,0.48114413022994995,-0.12669958174228668,0.582083523273468,0.3699866235256195,-0.15749724209308624,0.5799670815467834,0.27792462706565857,-0.17990010976791382,0.4722827076911926,0.6418114304542542,-0.07165706157684326,0.45234280824661255,0.5615318417549133,-0.18560194969177246,0.44481003284454346,0.6934275031089783,-0.23186717927455902,0.4457058906555176,0.7973318099975586,-0.23903591930866241,0.3756830394268036,0.654161810874939,-0.07556161284446716,0.34620600938796997,0.591029703617096,-0.18084926903247833,0.35784047842025757,0.7125065326690674,-0.1951667070388794,0.3702193796634674,0.8004198670387268,-0.17720142006874084,0.2919533848762512,0.6762967705726624,-0.08561267703771591,0.2692888677120209,0.5553230047225952,-0.13974739611148834,0.26321908831596375,0.48941051959991455,-0.148521289229393,0.26089924573898315,0.40933722257614136,-0.1455339789390564,i_love_you
0.3896717429161072,0.9614608287811279,-1.7499290549949365e-07,0.5211778879165649,0.9172974228858948,-0.07901280373334885,0.6589871644973755,0.7977675199508667,-0.1142742931842804,0.7840320467948914,0.7095685005187988,-0.14475195109844208,0.9030407667160034,0.6865130066871643,-0.17172065377235413,0.5769971609115601,0.6174737811088562,-0.059954553842544556,0.5771806240081787,0.46652281284332275,-0.11061185598373413,0.5756287574768066,0.36704716086387634,-0.14383570849895477,0.5717238187789917,0.282141774892807,-0.16756880283355713,0.47642970085144043,0.6106814742088318,-0.05631479620933533,0.45852240920066833,0.5425169467926025,-0.1611180454492569,0.4455963373184204,0.6622037887573242,-0.20569603145122528,0.4403838515281677,0.755506157875061,-0.21448950469493866,0.3843316435813904,0.624788761138916,-0.061821792274713516,0.3537115454673767,0.5692769289016724,-0.1599164754152298,0.36073097586631775,0.678966760635376,-0.17774036526679993,0.3705701231956482,0.7578254342079163,-0.16463418304920197,0.30449768900871277,0.6476883292198181,-0.07331271469593048,0.28596532344818115,0.5375187993049622,-0.12629981338977814,0.2803943455219269,0.4752340018749237,-0.13860580325126648,0.2801775336265564,0.39970627427101135,-0.13879555463790894,i_love_you
0.35882359743118286,1.0277698040008545,-3.218448227926274e-07,0.507159948348999,0.9854382872581482,-0.08167685568332672,0.6535283923149109,0.8593968749046326,-0.11586735397577286,0.7815552353858948,0.7635861039161682,-0.145280122756958,0.9075883626937866,0.7382584810256958,-0.1717134416103363,0.5538739562034607,0.6678236722946167,-0.06301561743021011,0.5500776171684265,0.5034737586975098,-0.1132931113243103,0.5502027869224548,0.3949934244155884,-0.14609788358211517,0.5477795004844666,0.306922048330307,-0.16988173127174377,0.44622236490249634,0.6650001406669617,-0.06006818264722824,0.42251646518707275,0.5887766480445862,-0.1754794418811798,0.41766512393951416,0.7192994356155396,-0.23008835315704346,0.4183845818042755,0.8274710178375244,-0.24285295605659485,0.3493853211402893,0.681367039680481,-0.06548487395048141,0.31339290738105774,0.6227802038192749,-0.17398373782634735,0.3333173394203186,0.7431509494781494,-0.20247870683670044,0.35232600569725037,0.8312641978263855,-0.19346117973327637,0.2646543085575104,0.7045082449913025,-0.07600600272417068,0.23678290843963623,0.583888053894043,-0.13373544812202454,0.22722947597503662,0.5181726813316345,-0.15078282356262207,0.22266116738319397,0.43878811597824097,-0.15385161340236664,i_love_you
0.3160651922225952,0.9712445735931396,-2.3887500333330536e-07,0.5045536160469055,0.9920074939727783,-0.12119440734386444,0.6749155521392822,0.894371747970581,-0.19691328704357147,0.8078456521034241,0.812845766544342,-0.2563663721084595,0.9358168840408325,0.7819499969482422,-0.3152327835559845,0.6078421473503113,0.7766386270523071,-0.21990665793418884,0.5938780307769775,0.5995951890945435,-0.34293317794799805,0.5860840082168579,0.4851059019565582,-0.42128831148147583,0.6027501225471497,0.3886471688747406,-0.4768795371055603,0.48452794551849365,0.7432874441146851,-0.2159213423728943,0.4649340510368347,0.650762677192688,-0.3623415231704712,0.4259476661682129,0.7723971009254456,-0.4256712794303894,0.4134088158607483,0.8683567047119141,-0.46666374802589417,0.38144487142562866,0.737804651260376,-0.22106598317623138,0.35401809215545654,0.6573163270950317,-0.36446258425712585,0.34761279821395874,0.7977262139320374,-0.39215436577796936,0.35420292615890503,0.9090412855148315,-0.40007418394088745,0.3009158670902252,0.7577317953109741,-0.2338782101869583,0.2747860848903656,0.6235719323158264,-0.34384599328041077,0.25575292110443115,0.5781879425048828,-0.3763429522514343,0.2627931535243988,0.5303633809089661,-0.39781472086906433,i_love_you
0.36373603343963623,1.0146541595458984,-2.97320866593509e-07,0.49908918142318726,0.980658233165741,-0.07695730775594711,0.6390523910522461,0.8599104285240173,-0.11175759136676788,0.761113166809082,0.7664749026298523,-0.14146274328231812,0.8817325234413147,0.7415503859519958,-0.1685848832130432,0.5497777462005615,0.6764804720878601,-0.06995437294244766,0.5528892278671265,0.5202599763870239,-0.11698471009731293,0.5527620315551758,0.41584911942481995,-0.14591486752033234,0.552466630935669,0.33111464977264404,-0.16783438622951508,0.4493372440338135,0.6683638691902161,-0.06716667115688324,0.4309465289115906,0.6050844192504883,-0.17294366657733917,0.4224560260772705,0.7307679653167725,-0.21894897520542145,0.42065227031707764,0.8305490016937256,-0.22868645191192627,0.35656172037124634,0.6801654696464539,-0.07145147770643234,0.32800400257110596,0.6259852647781372,-0.16816064715385437,0.34278199076652527,0.7411699891090393,-0.18759600818157196,0.35852599143981934,0.8256338238716125,-0.176992729306221,0.275628924369812,0.7025437355041504,-0.08103971183300018,0.25335678458213806,0.5919496417045593,-0.13255897164344788,0.245656818151474,0.5315817594528198,-0.14559179544448853,0.24250873923301697,0.45756861567497253,-0.1475203037261963,i_love_you
0.41966187953948975,0.9750909209251404,-1.7376385130773997e-07,0.5326810479164124,0.958484411239624,-0.11130713671445847,0.6628215909004211,0.8556291460990906,-0.15677820146083832,0.7864574193954468,0.776028573513031,-0.18948331475257874,0.9054206609725952,0.7517969012260437,-0.215231254696846,0.6279624104499817,0.6752857565879822,-0.07187657803297043,0.633874773979187,0.5282672643661499,-0.12296116352081299,0.6288856863975525,0.43240848183631897,-0.15344911813735962,0.6266127824783325,0.35351869463920593,-0.17041803896427155,0.5417982935905457,0.6586694121360779,-0.04221590235829353,0.49393606185913086,0.6128025054931641,-0.1381429135799408,0.4668581187725067,0.7261807322502136,-0.17566655576229095,0.4594982862472534,0.8117876052856445,-0.17752520740032196,0.46066027879714966,0.6629011034965515,-0.02534336969256401,0.40920501947402954,0.6249128580093384,-0.1136769950389862,0.40274056792259216,0.7320650815963745,-0.13255828619003296,0.4121430516242981,0.8033210635185242,-0.11972526460886002,0.39217814803123474,0.6729123592376709,-0.01692359149456024,0.37827783823013306,0.5805505514144897,-0.06230088323354721,0.36113032698631287,0.5321069955825806,-0.0735120102763176,0.3553825318813324,0.47307050228118896,-0.07068388909101486,i_love_you
0.3645899295806885,0.9935033321380615,-4.9638320120948265e-08,0.5309750437736511,0.9814381003379822,-0.09144029021263123,0.6638404130935669,0.8856114745140076,-0.14450520277023315,0.7698885798454285,0.8154512643814087,-0.18624500930309296,0.8783847689628601,0.7858071327209473,-0.22424748539924622,0.6027219295501709,0.7536401748657227,-0.1456020623445511,0.5801769495010376,0.607599139213562,-0.2411556839942932,0.577809751033783,0.5144467353820801,-0.3021532893180847,0.5897871851921082,0.43113672733306885,-0.34098270535469055,0.5001129508018494,0.7347007393836975,-0.14123103022575378,0.47366276383399963,0.6791971921920776,-0.2727063298225403,0.45752403140068054,0.7911844253540039,-0.3303079307079315,0.4473891854286194,0.8801205158233643,-0.35526612401008606,0.41360628604888916,0.7343679666519165,-0.14540980756282806,0.38458091020584106,0.6961142420768738,-0.2674616873264313,0.3994945287704468,0.8075999021530151,-0.30065932869911194,0.41088706254959106,0.8905582427978516,-0.3036089539527893,0.3501194417476654,0.7428836226463318,-0.15486964583396912,0.3351704776287079,0.6450753808021545,-0.23573561012744904,0.32843780517578125,0.5989044308662415,-0.26442086696624756,0.3327924907207489,0.5472060441970825,-0.2779909074306488,i_love_you
0.40409332513809204,1.057579755783081,-3.9324231693171896e-07,0.5251864194869995,1.078270673751831,-0.07712630182504654,0.6507986783981323,0.9832533001899719,-0.1946820765733719,0.745388925075531,0.8936954736709595,-0.29830291867256165,0.8306931257247925,0.8227624893188477,-0.40476733446121216,0.5695399045944214,0.8693870306015015,-0.3216656744480133,0.5892919898033142,0.7455442547798157,-0.4649065136909485,0.6072261333465576,0.6683441400527954,-0.5488823056221008,0.606532096862793,0.6254482269287109,-0.5964756608009338,0.44905656576156616,0.8381160497665405,-0.3396478593349457,0.43891414999961853,0.7523674964904785,-0.4747426509857178,0.45577189326286316,0.8131853938102722,-0.5217450857162476,0.4618930518627167,0.8946057558059692,-0.5623451471328735,0.35253816843032837,0.8422540426254272,-0.35104939341545105,0.34798699617385864,0.774310827255249,-0.47612953186035156,0.3671639859676361,0.8379380106925964,-0.5090926289558411,0.37659719586372375,0.9153128862380981,-0.5332808494567871,0.2740689814090729,0.8641809821128845,-0.36378875374794006,0.2763747274875641,0.7468563318252563,-0.46706423163414,0.28140634298324585,0.7022840976715088,-0.48894938826560974,0.2768790125846863,0.6754838824272156,-0.5062732100486755,i_love_you
0.4023311138153076,0.9796535968780518,-8.71522871648267e-08,0.5294117331504822,0.9401183724403381,-0.12680691480636597,0.6461459994316101,0.833212673664093,-0.1854923516511917,0.7539610862731934,0.7395129203796387,-0.2310621291399002,0.8689101934432983,0.6989880204200745,-0.26896989345550537,0.5348812937736511,0.5996133685112,-0.09624114632606506,0.5065210461616516,0.4504881799221039,-0.14839385449886322,0.4916636645793915,0.34710219502449036,-0.17445586621761322,0.4775528907775879,0.26305264234542847,-0.19103701412677765,0.4364369511604309,0.6065893173217773,-0.06797829270362854,0.3630439043045044,0.55975341796875,-0.16521801054477692,0.37405848503112793,0.6866920590400696,-0.1908130794763565,0.40450888872146606,0.7579039335250854,-0.18449707329273224,0.35014134645462036,0.6342952251434326,-0.054087258875370026,0.2729683220386505,0.6008011102676392,-0.15181785821914673,0.3037410378456116,0.7175149321556091,-0.15842628479003906,0.3459247946739197,0.7794903516769409,-0.13575519621372223,0.2742473781108856,0.6700177788734436,-0.05062605068087578,0.2188279926776886,0.5729292035102844,-0.1064210757613182,0.18890178203582764,0.5231540203094482,-0.11577928066253662,0.1695074439048767,0.45503073930740356,-0.11024327576160431,i_love_you
0.4031457304954529,0.9115626811981201,1.2139226157614758e-07,0.524822473526001,0.8626565933227539,-0.1283235400915146,0.6341052651405334,0.7589017152786255,-0.19293923676013947,0.7383201718330383,0.6704139709472656,-0.24555297195911407,0.8522874116897583,0.630398690700531,-0.2899347245693207,0.5211294889450073,0.5358098149299622,-0.09633921831846237,0.4903307557106018,0.39099907875061035,-0.15507987141609192,0.47298309206962585,0.28866884112358093,-0.18478895723819733,0.4578138291835785,0.20401185750961304,-0.202781081199646,0.4231563210487366,0.5475024580955505,-0.06934500485658646,0.3541017770767212,0.5036949515342712,-0.17338652908802032,0.36742591857910156,0.6301975250244141,-0.19922016561031342,0.3999883830547333,0.6981668472290039,-0.19080941379070282,0.3383561968803406,0.5765024423599243,-0.05811649188399315,0.2616042494773865,0.5455368757247925,-0.15838488936424255,0.2988019287586212,0.6581113338470459,-0.16501262784004211,0.34786930680274963,0.7159465551376343,-0.14160841703414917,0.26533958315849304,0.6107073426246643,-0.057828109711408615,0.21071788668632507,0.5218592882156372,-0.11290352046489716,0.17645469307899475,0.47519490122795105,-0.1224740520119667,0.15242332220077515,0.40914487838745117,-0.11714537441730499,i_love_you
0.3926514983177185,0.9776222705841064,1.5633438010809186e-07,0.5066044926643372,0.9285774230957031,-0.14911095798015594,0.6078652739524841,0.8343881368637085,-0.21798449754714966,0.6936542987823486,0.7415593862533569,-0.2717072367668152,0.8058375120162964,0.687617301940918,-0.3188322186470032,0.49071502685546875,0.6091163754463196,-0.10688694566488266,0.45554032921791077,0.4583700895309448,-0.1622961312532425,0.4191415309906006,0.35511526465415955,-0.19033797085285187,0.3891388475894928,0.2689635157585144,-0.20598360896110535,0.4033426344394684,0.6217411756515503,-0.06567548215389252,0.32139313220977783,0.5681718587875366,-0.1697811484336853,0.3291444182395935,0.6885322332382202,-0.19426943361759186,0.36248478293418884,0.7671830654144287,-0.17996369302272797,0.3239268660545349,0.6512250304222107,-0.04067777469754219,0.24746179580688477,0.6159302592277527,-0.14401239156723022,0.26990729570388794,0.7272171378135681,-0.14582666754722595,0.31080758571624756,0.790859580039978,-0.11161289364099503,0.2513602375984192,0.6834921836853027,-0.028384726494550705,0.20380240678787231,0.5852075815200806,-0.08271852135658264,0.16505563259124756,0.5354811549186707,-0.08628353476524353,0.1390155553817749,0.47607848048210144,-0.07185240834951401,i_love_you
0.413664847612381,0.9830712080001831,1.863139544866499e-07,0.5309925079345703,0.9421691298484802,-0.14856287837028503,0.6300532221794128,0.841616690158844,-0.21719470620155334,0.7136255502700806,0.7376793026924133,-0.26879528164863586,0.8224921226501465,0.6791940331459045,-0.31226322054862976,0.5270223617553711,0.6146889328956604,-0.09733878821134567,0.4897533655166626,0.46742743253707886,-0.14537185430526733,0.4598037004470825,0.3647949993610382,-0.16845090687274933,0.4355989694595337,0.2826828062534332,-0.18023203313350677,0.43543004989624023,0.6298055052757263,-0.053179867565631866,0.34840279817581177,0.5843064188957214,-0.14427737891674042,0.3605418801307678,0.7043130397796631,-0.16588613390922546,0.3995698392391205,0.7714173793792725,-0.15299643576145172,0.35503122210502625,0.6565835475921631,-0.025806616991758347,0.26940667629241943,0.6254942417144775,-0.11435326188802719,0.29983028769493103,0.733597457408905,-0.11872847378253937,0.3484193682670593,0.7875967025756836,-0.0923573300242424,0.2857781648635864,0.6857237815856934,-0.011029460467398167,0.23183289170265198,0.5907847285270691,-0.053342096507549286,0.20448637008666992,0.5444444417953491,-0.05655161291360855,0.19146904349327087,0.48499131202697754,-0.04561804234981537,i_love_you
0.44014161825180054,0.9824248552322388,1.6685427794982388e-07,0.5538339018821716,0.9256784915924072,-0.14017902314662933,0.6514477729797363,0.8185999989509583,-0.20196542143821716,0.7330618500709534,0.7124887108802795,-0.24969086050987244,0.846551775932312,0.6576893329620361,-0.2913891077041626,0.5326977968215942,0.614170253276825,-0.08781428635120392,0.5005615949630737,0.46675771474838257,-0.135887011885643,0.4676322638988495,0.36473751068115234,-0.16027501225471497,0.4420173466205597,0.2813117206096649,-0.17361052334308624,0.4470385015010834,0.6288692355155945,-0.047557517886161804,0.36586934328079224,0.5742932558059692,-0.14570796489715576,0.37692397832870483,0.691853404045105,-0.1703544557094574,0.4123331606388092,0.7702662348747253,-0.15519827604293823,0.37019604444503784,0.6577439904212952,-0.022807804867625237,0.2936646342277527,0.6214502453804016,-0.12199198454618454,0.32052087783813477,0.727888822555542,-0.12717735767364502,0.36328279972076416,0.7902206182479858,-0.09424693882465363,0.3022616505622864,0.6877142786979675,-0.009535911493003368,0.25627246499061584,0.5887194871902466,-0.06043437123298645,0.2157679796218872,0.539132833480835,-0.06423604488372803,0.18515798449516296,0.48162585496902466,-0.04940909892320633,i_love_you
0.43434447050094604,0.9854204654693604,4.4367887142016116e-08,0.5610594749450684,0.9284257888793945,-0.14835193753242493,0.6671695709228516,0.8233377933502197,-0.21449139714241028,0.7490306496620178,0.7191398739814758,-0.26425591111183167,0.8619315028190613,0.6595966815948486,-0.3077743649482727,0.5394231677055359,0.6131452918052673,-0.10779183357954025,0.5036951899528503,0.4611068069934845,-0.16373857855796814,0.46808457374572754,0.3538746237754822,-0.19505421817302704,0.43922409415245056,0.26752355694770813,-0.2132880538702011,0.4436942934989929,0.6295296549797058,-0.06638941168785095,0.3697078227996826,0.5688453316688538,-0.17079386115074158,0.37455254793167114,0.6902273297309875,-0.19796884059906006,0.40294599533081055,0.7725377082824707,-0.18641634285449982,0.3579757809638977,0.6607396602630615,-0.041321150958538055,0.28774234652519226,0.6160295009613037,-0.14533910155296326,0.31260156631469727,0.7278981804847717,-0.15103071928024292,0.353920578956604,0.7950960397720337,-0.12072726339101791,0.2811932861804962,0.6905785202980042,-0.02879427745938301,0.2310464084148407,0.5876511335372925,-0.08592644333839417,0.20105892419815063,0.5374118089675903,-0.09412053972482681,0.18647164106369019,0.47616899013519287,-0.08405657112598419,i_love_you
0.42565178871154785,1.0001485347747803,1.873641082283939e-07,0.5571643710136414,0.9304990768432617,-0.14726491272449493,0.6594114303588867,0.8233004212379456,-0.21395523846149445,0.7292168736457825,0.7125121355056763,-0.2663332521915436,0.8490778207778931,0.6559686064720154,-0.3135910630226135,0.534791886806488,0.6182723045349121,-0.09406527876853943,0.5024906992912292,0.4608463644981384,-0.14501892030239105,0.4617815315723419,0.3509359359741211,-0.1700243502855301,0.430797815322876,0.2622804045677185,-0.18338562548160553,0.44753941893577576,0.6341783404350281,-0.05116808041930199,0.36465227603912354,0.5611700415611267,-0.15638425946235657,0.37008634209632874,0.6817700266838074,-0.1833169311285019,0.4056439995765686,0.7712305784225464,-0.16630932688713074,0.3658527433872223,0.665707528591156,-0.02410808391869068,0.2936205267906189,0.6126604080200195,-0.12970516085624695,0.3167078495025635,0.7206856608390808,-0.1371621936559677,0.3596322238445282,0.7892285585403442,-0.10213467478752136,0.28971225023269653,0.6977978944778442,-0.008987401612102985,0.24801033735275269,0.5908734798431396,-0.06438393145799637,0.20763063430786133,0.5332806706428528,-0.07329210638999939,0.17977091670036316,0.46922045946121216,-0.06083854287862778,i_love_you
0.4441707134246826,0.9941724538803101,1.135214873215773e-07,0.5722846984863281,0.9484990835189819,-0.1513918787240982,0.6784438490867615,0.835960328578949,-0.21672405302524567,0.7655951380729675,0.7233509421348572,-0.26369673013687134,0.8753185868263245,0.656486451625824,-0.3020395040512085,0.5641914010047913,0.6146805882453918,-0.09739474207162857,0.5183266997337341,0.46767622232437134,-0.1482849419116974,0.4824865460395813,0.36538568139076233,-0.17474590241909027,0.4537920355796814,0.28045254945755005,-0.18949079513549805,0.46788954734802246,0.6318353414535522,-0.053392648696899414,0.3876201808452606,0.5757619738578796,-0.15555906295776367,0.4009075164794922,0.7005394101142883,-0.18366901576519012,0.4341670274734497,0.7769603729248047,-0.1721784919500351,0.38285642862319946,0.6593369245529175,-0.026837434619665146,0.29836195707321167,0.6200045943260193,-0.12499075382947922,0.3312280476093292,0.7334669828414917,-0.1337929517030716,0.37748047709465027,0.7935161590576172,-0.10734884440898895,0.3093716502189636,0.6881557703018188,-0.012851002626121044,0.2521361708641052,0.5903282165527344,-0.06209035590291023,0.22331786155700684,0.5480758547782898,-0.06990846991539001,0.2082580029964447,0.4886622130870819,-0.06121600419282913,i_love_you
0.43533092737197876,1.005401849746704,4.705153244799476e-08,0.5753248929977417,0.9507747888565063,-0.1442200392484665,0.6922898888587952,0.8328669667243958,-0.21306687593460083,0.7913088798522949,0.7109182476997375,-0.2674616873264313,0.9135981202125549,0.6474742293357849,-0.3142699897289276,0.5472391247749329,0.6021121740341187,-0.10763432085514069,0.5029603242874146,0.44010138511657715,-0.17004072666168213,0.4618374705314636,0.324852854013443,-0.19759435951709747,0.42758631706237793,0.23231786489486694,-0.21290667355060577,0.44247663021087646,0.6197309494018555,-0.07277861982584,0.36156588792800903,0.5625276565551758,-0.18844497203826904,0.3793434500694275,0.7041211724281311,-0.2099628448486328,0.41778212785720825,0.7774744033813477,-0.19188664853572845,0.34922096133232117,0.6539929509162903,-0.05526954308152199,0.2633405923843384,0.610693633556366,-0.16861052811145782,0.30774253606796265,0.7361775040626526,-0.16822338104248047,0.3626023530960083,0.8001364469528198,-0.132303386926651,0.26687854528427124,0.6915972828865051,-0.05000218003988266,0.20254391431808472,0.5879127979278564,-0.11217515915632248,0.1684022843837738,0.5397696495056152,-0.11997132748365402,0.14548707008361816,0.4687229096889496,-0.109120212495327,i_love_you
0.43671977519989014,1.0196336507797241,1.626526540121631e-07,0.5880298018455505,0.9519250392913818,-0.11496076732873917,0.7110498547554016,0.8348398804664612,-0.16929616034030914,0.7964816689491272,0.7262189388275146,-0.21782676875591278,0.9134079813957214,0.666435956954956,-0.26429080963134766,0.5516074895858765,0.6328278183937073,-0.07591723650693893,0.521388053894043,0.47167572379112244,-0.13639572262763977,0.48545634746551514,0.36443889141082764,-0.16901923716068268,0.45318058133125305,0.2703058421611786,-0.1876014769077301,0.4493294060230255,0.6433461308479309,-0.05366988107562065,0.38564860820770264,0.580186665058136,-0.1779414415359497,0.40346336364746094,0.7183977961540222,-0.21495988965034485,0.435286283493042,0.8184082508087158,-0.20145480334758759,0.3562864661216736,0.6777242422103882,-0.044191014021635056,0.29309171438217163,0.6248212456703186,-0.16149738430976868,0.3317534923553467,0.7469480633735657,-0.16838397085666656,0.3779482841491699,0.8244664669036865,-0.12931406497955322,0.2747524678707123,0.7187217473983765,-0.04386484622955322,0.22643446922302246,0.6087542176246643,-0.10628808289766312,0.18900629878044128,0.5518073439598083,-0.11466129869222641,0.15862727165222168,0.4827316999435425,-0.0995960608124733,i_love_you
0.4419075846672058,1.0221308469772339,-9.866440109362884e-08,0.5830718874931335,0.9551658630371094,-0.10961108654737473,0.6926069259643555,0.8332611918449402,-0.16115432977676392,0.773984968662262,0.7122206091880798,-0.20633865892887115,0.8969137668609619,0.6563303470611572,-0.24784763157367706,0.5499080419540405,0.6350817084312439,-0.07721027731895447,0.5193811058998108,0.47494760155677795,-0.13172020018100739,0.4845028519630432,0.3691185414791107,-0.15658847987651825,0.45286324620246887,0.28075695037841797,-0.17192485928535461,0.4486098885536194,0.6460558176040649,-0.05726168304681778,0.3883781433105469,0.5852945446968079,-0.17557096481323242,0.411347359418869,0.7227353453636169,-0.20462249219417572,0.44137775897979736,0.8152908086776733,-0.1896117776632309,0.3568464517593384,0.6799312233924866,-0.04969597980380058,0.29122650623321533,0.629137396812439,-0.16463403403759003,0.3370039165019989,0.7489892840385437,-0.165736123919487,0.3840624988079071,0.823838472366333,-0.12723375856876373,0.2761867046356201,0.7219109535217285,-0.05107792839407921,0.22491347789764404,0.6220138669013977,-0.11668738722801208,0.18963775038719177,0.5661191940307617,-0.1268719732761383,0.15667104721069336,0.49364641308784485,-0.11548686772584915,i_love_you
0.4251873195171356,1.0704978704452515,5.6412204685329925e-08,0.5770090818405151,0.9802972078323364,-0.09203149378299713,0.7006845474243164,0.8542071580886841,-0.13821430504322052,0.7927393317222595,0.7374024987220764,-0.18078534305095673,0.9139214754104614,0.6722730994224548,-0.22239919006824493,0.5557205080986023,0.6578570604324341,-0.07520022988319397,0.5221890807151794,0.4843207597732544,-0.13205082714557648,0.4856908917427063,0.3744937777519226,-0.16692407429218292,0.45251595973968506,0.27408018708229065,-0.1892642229795456,0.4421067535877228,0.6683247089385986,-0.06188200041651726,0.39009466767311096,0.5941098928451538,-0.1679355651140213,0.4063670039176941,0.740048348903656,-0.20099495351314545,0.4380400478839874,0.8384302258491516,-0.19328293204307556,0.3410363793373108,0.7044167518615723,-0.05738063156604767,0.29013651609420776,0.6334925293922424,-0.15071694552898407,0.33045393228530884,0.764854907989502,-0.14584119617938995,0.3807782530784607,0.8501412868499756,-0.10863921046257019,0.25891005992889404,0.7480742335319519,-0.06142539158463478,0.20728939771652222,0.6216320991516113,-0.106901153922081,0.17265164852142334,0.5625725388526917,-0.10366114974021912,0.15227735042572021,0.49327656626701355,-0.08509838581085205,i_love_you
0.4618174135684967,1.0787264108657837,5.441809776129958e-07,0.6085796356201172,1.0068182945251465,-0.1146450787782669,0.7267518043518066,0.8618537187576294,-0.17556016147136688,0.8221472501754761,0.7510675191879272,-0.2301240712404251,0.9359079003334045,0.6913009881973267,-0.28266245126724243,0.5595020055770874,0.6690170168876648,-0.10700105875730515,0.5343093872070312,0.48539674282073975,-0.1813155561685562,0.5093569159507751,0.37594497203826904,-0.22077211737632751,0.48070499300956726,0.2734030783176422,-0.24278634786605835,0.44897353649139404,0.6860511898994446,-0.08829884231090546,0.40307143330574036,0.5948079824447632,-0.22392748296260834,0.42435896396636963,0.7305909395217896,-0.2740311920642853,0.4530538320541382,0.8341285586357117,-0.2718029022216797,0.3491169810295105,0.7262148261070251,-0.07927543669939041,0.2987355887889862,0.6468542218208313,-0.20183129608631134,0.3379668593406677,0.766946017742157,-0.21973645687103271,0.38157394528388977,0.853749692440033,-0.18894977867603302,0.26293930411338806,0.7714642882347107,-0.078058622777462,0.21404866874217987,0.639092206954956,-0.13819263875484467,0.17998066544532776,0.570719838142395,-0.14779996871948242,0.15228262543678284,0.4984363317489624,-0.1348467767238617,i_love_you
0.4027755856513977,1.031229019165039,-6.299331278825093e-09,0.5164488554000854,0.9834363460540771,-0.13661713898181915,0.6106196045875549,0.8668854236602783,-0.20161181688308716,0.6933600902557373,0.7511925101280212,-0.2527499496936798,0.8051960468292236,0.6992315649986267,-0.2950250506401062,0.5198931097984314,0.6508658528327942,-0.08360559493303299,0.46702951192855835,0.5103789567947388,-0.14197419583797455,0.4281582832336426,0.4123983383178711,-0.17234672605991364,0.39893829822540283,0.32951611280441284,-0.18806172907352448,0.4231681227684021,0.6623215675354004,-0.04722283408045769,0.3325214087963104,0.6267523169517517,-0.145801842212677,0.3367060422897339,0.7600629329681396,-0.17119275033473969,0.3748924136161804,0.8270835876464844,-0.16009150445461273,0.33963438868522644,0.691039502620697,-0.02803841233253479,0.24839985370635986,0.6672905087471008,-0.12225517630577087,0.2751263976097107,0.7851531505584717,-0.1275642365217209,0.3248779773712158,0.843777596950531,-0.10076223313808441,0.26887014508247375,0.7264909148216248,-0.020502032712101936,0.2116921842098236,0.6358460783958435,-0.06681851297616959,0.17693504691123962,0.5895417928695679,-0.07150048762559891,0.1564931869506836,0.5267227292060852,-0.06072073429822922,i_love_you
0.35564103722572327,1.016869068145752,-3.0999655109553714e-07,0.49611392617225647,0.9704833030700684,-0.13200564682483673,0.59447181224823,0.859290599822998,-0.1915934532880783,0.6796789169311523,0.757151186466217,-0.23454129695892334,0.7914276719093323,0.704123854637146,-0.26805466413497925,0.5462688207626343,0.6615023016929626,-0.08535602688789368,0.46999889612197876,0.5102081298828125,-0.1528642475605011,0.417205274105072,0.4184647798538208,-0.20041561126708984,0.38770791888237,0.33561670780181885,-0.22610245645046234,0.45086708664894104,0.6649997234344482,-0.04224315285682678,0.33896875381469727,0.6326723098754883,-0.125492125749588,0.33909493684768677,0.7541559338569641,-0.1629617065191269,0.37542641162872314,0.8267034888267517,-0.17420145869255066,0.3647557497024536,0.6897058486938477,-0.01627637818455696,0.2691458463668823,0.6637948155403137,-0.10510406643152237,0.2958656847476959,0.7810245752334595,-0.1303432732820511,0.34508800506591797,0.8493108749389648,-0.12709936499595642,0.29844674468040466,0.7177457213401794,-0.0003231817972846329,0.23335587978363037,0.6261451840400696,-0.05897149071097374,0.20502355694770813,0.5914551019668579,-0.07977594435214996,0.19931137561798096,0.545301616191864,-0.08336345851421356,i_love_you
0.3892177939414978,1.0118252038955688,-3.4937283999170177e-07,0.4911355972290039,0.972814679145813,-0.13057470321655273,0.5753162503242493,0.8625221848487854,-0.19166816771030426,0.648677408695221,0.7596274614334106,-0.23713769018650055,0.7505136728286743,0.707805335521698,-0.27367427945137024,0.5246677398681641,0.6669156551361084,-0.08610115200281143,0.46584761142730713,0.5202432870864868,-0.14520621299743652,0.42219892144203186,0.431287556886673,-0.17848029732704163,0.39515364170074463,0.3582477867603302,-0.19311442971229553,0.43967315554618835,0.66797935962677,-0.04408397153019905,0.3410123288631439,0.6448715329170227,-0.12083309888839722,0.3365602493286133,0.7662929892539978,-0.1397952437400818,0.3751674294471741,0.8244298696517944,-0.13260957598686218,0.36345797777175903,0.6921542286872864,-0.01873752847313881,0.27871525287628174,0.6820720434188843,-0.09920964390039444,0.298159122467041,0.7932376265525818,-0.10722542554140091,0.34317243099212646,0.8419747948646545,-0.08923222124576569,0.303622841835022,0.7208904027938843,-0.003756061429157853,0.25071966648101807,0.6329355239868164,-0.04696495085954666,0.22730430960655212,0.5989521741867065,-0.05149577185511589,0.22110480070114136,0.5530023574829102,-0.042550329118967056,i_love_you
0.3743951618671417,1.0135761499404907,-3.2810234529279114e-07,0.48649096488952637,0.9676151275634766,-0.14708204567432404,0.5661277770996094,0.850583553314209,-0.20977887511253357,0.6403157711029053,0.7433485388755798,-0.2538166344165802,0.7475865483283997,0.6810513138771057,-0.2872767150402069,0.5365816354751587,0.6465916633605957,-0.08415547013282776,0.46099668741226196,0.49749088287353516,-0.14765195548534393,0.40609902143478394,0.40991681814193726,-0.18917784094810486,0.3734017014503479,0.3364448845386505,-0.2085711658000946,0.4466964900493622,0.6495787501335144,-0.031687743961811066,0.3302680253982544,0.6214826107025146,-0.11544473469257355,0.3262922167778015,0.7408093214035034,-0.14700859785079956,0.363494336605072,0.8098084926605225,-0.1489531248807907,0.3624122738838196,0.6738203763961792,0.0014636536361649632,0.2669163644313812,0.6535483598709106,-0.08923018723726273,0.2860157787799835,0.7661828994750977,-0.11133354157209396,0.33330053091049194,0.8275543451309204,-0.10125735402107239,0.2972722053527832,0.7003360986709595,0.023267535492777824,0.24225690960884094,0.6116567254066467,-0.030651655048131943,0.2167409062385559,0.5772966146469116,-0.047049373388290405,0.21244078874588013,0.5340818166732788,-0.0454426147043705,i_love_you
0.6026585698127747,0.9560725688934326,5.724161837861175e-07,0.4764677882194519,0.9541231989860535,-0.11578517407178879,0.3407335877418518,0.9202988147735596,-0.19496044516563416,0.21964967250823975,0.9005828499794006,-0.26901495456695557,0.11003732681274414,0.9135598540306091,-0.3417642414569855,0.37387391924858093,0.6599906086921692,-0.12229583412408829,0.3364728093147278,0.5033231377601624,-0.17530161142349243,0.3116089105606079,0.4124664068222046,-0.2000974416732788,0.29316967725753784,0.3296111822128296,-0.2155040055513382,0.46383389830589294,0.6291337013244629,-0.1014280915260315,0.4925176799297333,0.5442991852760315,-0.19218114018440247,0.530664324760437,0.6564759016036987,-0.2191092073917389,0.5417619347572327,0.7440741062164307,-0.21330156922340393,0.548251211643219,0.618688702583313,-0.08915521204471588,0.5772053003311157,0.531964123249054,-0.16724006831645966,0.600973904132843,0.6437608003616333,-0.16871152818202972,0.60316401720047,0.7254186272621155,-0.1439649760723114,0.6223858594894409,0.6211712956428528,-0.08693192899227142,0.643314778804779,0.5122965574264526,-0.12196942418813705,0.6606712341308594,0.4518629312515259,-0.12461179494857788,0.6654056906700134,0.3884578049182892,-0.11637963354587555,i_love_you
0.5443092584609985,0.9877729415893555,5.06243907238968e-07,0.42088207602500916,0.9410549402236938,-0.10505466163158417,0.29978904128074646,0.8646095991134644,-0.17275074124336243,0.18092548847198486,0.8112940788269043,-0.23640267550945282,0.07149246335029602,0.7921028137207031,-0.2990897595882416,0.403544545173645,0.6292897462844849,-0.09294137358665466,0.3974308967590332,0.47469428181648254,-0.13685880601406097,0.39768970012664795,0.3839714229106903,-0.1588822901248932,0.4043028950691223,0.3029511272907257,-0.17378608882427216,0.5044202208518982,0.6275412440299988,-0.07650782912969589,0.5558239817619324,0.5420415997505188,-0.1649685800075531,0.5594420433044434,0.6634619832038879,-0.1954093724489212,0.5414685010910034,0.7572623491287231,-0.18992818892002106,0.5920295715332031,0.645458996295929,-0.06892364472150803,0.6437633037567139,0.5768903493881226,-0.15026526153087616,0.6308541297912598,0.6936770677566528,-0.15937305986881256,0.6054707765579224,0.7698310613632202,-0.13758446276187897,0.6648711562156677,0.6731070876121521,-0.069694384932518,0.7142171859741211,0.587950587272644,-0.10857642441987991,0.7533962726593018,0.5505177974700928,-0.1142151728272438,0.782755434513092,0.5034282207489014,-0.1070212572813034,i_love_you
0.5242297053337097,0.9802733659744263,3.756211697236722e-07,0.4051804542541504,0.9373489618301392,-0.08998331427574158,0.2910361886024475,0.8688846826553345,-0.15074338018894196,0.1773083209991455,0.8227007389068604,-0.21014100313186646,0.0753641426563263,0.8060746192932129,-0.26893943548202515,0.38137853145599365,0.6453177332878113,-0.0820070207118988,0.38213080167770386,0.4991593062877655,-0.12406895309686661,0.38421621918678284,0.4158100485801697,-0.14537353813648224,0.38804733753204346,0.3435356020927429,-0.16072452068328857,0.474593847990036,0.6429968476295471,-0.07160424441099167,0.5026843547821045,0.5709601044654846,-0.1551361083984375,0.5069721937179565,0.6841428279876709,-0.18133465945720673,0.4959101378917694,0.7697763442993164,-0.17670807242393494,0.5620806217193604,0.66123366355896,-0.06959792226552963,0.5948361754417419,0.5878990292549133,-0.14382874965667725,0.5879700183868408,0.6916848421096802,-0.1476094126701355,0.5703736543655396,0.7651710510253906,-0.12733018398284912,0.6377986669540405,0.6905168294906616,-0.07557247579097748,0.6717815399169922,0.6157889366149902,-0.11582953482866287,0.6985685229301453,0.5842916369438171,-0.12280820310115814,0.7177668213844299,0.5463091135025024,-0.11770583689212799,i_love_you
0.49695679545402527,1.0017659664154053,5.500187398865819e-07,0.3825911283493042,0.9572008848190308,-0.10011949390172958,0.26633527874946594,0.8853393197059631,-0.16739130020141602,0.14943495392799377,0.8367871046066284,-0.23194889724254608,0.04424545168876648,0.8162842988967896,-0.29619836807250977,0.3690531253814697,0.6500769853591919,-0.09115945547819138,0.3649919629096985,0.4978886544704437,-0.1358131468296051,0.36789435148239136,0.4068562388420105,-0.1605643481016159,0.3768094778060913,0.3240286111831665,-0.1779257208108902,0.4683019816875458,0.6489925384521484,-0.07810331135988235,0.513105034828186,0.5691659450531006,-0.16624540090560913,0.518793523311615,0.6882085800170898,-0.19957983493804932,0.5024537444114685,0.779501736164093,-0.19728906452655792,0.5547444820404053,0.6677430868148804,-0.07322495430707932,0.6004188060760498,0.6023963689804077,-0.15173566341400146,0.5882967710494995,0.7166248559951782,-0.16105322539806366,0.5638297200202942,0.792086124420166,-0.1409626454114914,0.6251277923583984,0.6972193121910095,-0.07660966366529465,0.669697105884552,0.6145133972167969,-0.11386419087648392,0.707908570766449,0.5782100558280945,-0.11788661777973175,0.7380687594413757,0.5321999788284302,-0.10991230607032776,i_love_you
0.5493963360786438,0.9502428770065308,3.5784418628281855e-07,0.4305850863456726,0.910136878490448,-0.07956673949956894,0.31719890236854553,0.8351833820343018,-0.13306781649589539,0.20934680104255676,0.783187985420227,-0.18658320605754852,0.1114397943019867,0.7700290679931641,-0.23913340270519257,0.40162742137908936,0.6336372494697571,-0.06726061552762985,0.4010658860206604,0.49100029468536377,-0.10539233684539795,0.404676616191864,0.41244399547576904,-0.12371654063463211,0.41021519899368286,0.34205764532089233,-0.136592835187912,0.488662451505661,0.6304792165756226,-0.05946778133511543,0.5133875012397766,0.5575053095817566,-0.1389051377773285,0.5185464024543762,0.6663370132446289,-0.1643461436033249,0.5107206106185913,0.7463123798370361,-0.1592446267604828,0.5703598856925964,0.6444854736328125,-0.05920153856277466,0.5999097228050232,0.5724345445632935,-0.13056525588035583,0.5937844514846802,0.6724228262901306,-0.13464871048927307,0.5789955854415894,0.7413613796234131,-0.11365591734647751,0.6424620747566223,0.6676850914955139,-0.06577013432979584,0.677287220954895,0.5869433283805847,-0.10058959573507309,0.7022331357002258,0.5410100817680359,-0.10560155659914017,0.7191756963729858,0.48753201961517334,-0.09956109523773193,i_love_you
0.5218521356582642,0.9502671957015991,3.8882313901922316e-07,0.4006924033164978,0.9134945869445801,-0.09093356877565384,0.2872728109359741,0.8456861972808838,-0.1543378382921219,0.17896738648414612,0.7949533462524414,-0.21653535962104797,0.07583382725715637,0.7733016610145569,-0.27776360511779785,0.36854737997055054,0.635745108127594,-0.08327406644821167,0.3701757490634918,0.49390196800231934,-0.1216423511505127,0.3750523030757904,0.4103371500968933,-0.13464365899562836,0.3796011805534363,0.33790838718414307,-0.1422387808561325,0.4530688524246216,0.6289398074150085,-0.07009851932525635,0.4900381863117218,0.5546022057533264,-0.14794734120368958,0.49607527256011963,0.6699711680412292,-0.16343848407268524,0.4864228367805481,0.7452536821365356,-0.14965985715389252,0.5351102948188782,0.6369976997375488,-0.06540701538324356,0.575804591178894,0.5682113170623779,-0.14025522768497467,0.5743115544319153,0.6752434968948364,-0.13844147324562073,0.5553231239318848,0.743079662322998,-0.1107931137084961,0.6082180738449097,0.6543444991111755,-0.0682857409119606,0.6434988975524902,0.55828458070755,-0.1050916463136673,0.6649966239929199,0.5039113163948059,-0.10810454934835434,0.6743695139884949,0.44121792912483215,-0.099360391497612,i_love_you
0.5887199640274048,0.9737874865531921,8.25855011044041e-07,0.4588175117969513,0.9664158225059509,-0.14202880859375,0.3414344787597656,0.9013382792472839,-0.23916900157928467,0.22420218586921692,0.8438689112663269,-0.32941973209381104,0.09144571423530579,0.8346168994903564,-0.4191080331802368,0.4013696312904358,0.6389209628105164,-0.12752559781074524,0.40383410453796387,0.47860267758369446,-0.18029621243476868,0.40013912320137024,0.37528887391090393,-0.19905522465705872,0.3935411870479584,0.2914685904979706,-0.20977360010147095,0.49873366951942444,0.6317830681800842,-0.09877684712409973,0.5588036775588989,0.5581996440887451,-0.20637929439544678,0.5776423215866089,0.6943288445472717,-0.22683261334896088,0.5687775611877441,0.7784942984580994,-0.2073761224746704,0.5892582535743713,0.6380337476730347,-0.08235912770032883,0.6553679704666138,0.5688360333442688,-0.18829216063022614,0.6639748811721802,0.6991170644760132,-0.18359704315662384,0.6420177221298218,0.7777682542800903,-0.14476923644542694,0.6704736351966858,0.6533761620521545,-0.07654820382595062,0.7099734544754028,0.5472304821014404,-0.1288086622953415,0.739479660987854,0.4891268014907837,-0.1285562366247177,0.7572005391120911,0.42539942264556885,-0.1122325137257576,i_love_you
0.6137677431106567,1.0047218799591064,3.392763687770639e-07,0.4773826599121094,0.9989540576934814,-0.11440343409776688,0.35328009724617004,0.9331140518188477,-0.19544737040996552,0.2280297428369522,0.9072924852371216,-0.27538517117500305,0.10167136788368225,0.9325767755508423,-0.3572912812232971,0.4281700849533081,0.6642947196960449,-0.11299788951873779,0.42064169049263,0.4787347912788391,-0.16594462096691132,0.4179880619049072,0.3679804801940918,-0.18573983013629913,0.4158022999763489,0.27241018414497375,-0.19638977944850922,0.5363994240760803,0.6520230174064636,-0.099223293364048,0.6101817488670349,0.5688197612762451,-0.21354997158050537,0.6399648189544678,0.7116192579269409,-0.23860107362270355,0.632127583026886,0.804007887840271,-0.2194259911775589,0.6333911418914795,0.6618967056274414,-0.09420609474182129,0.7121605277061462,0.5875131487846375,-0.20687924325466156,0.7249131202697754,0.7302662134170532,-0.20097367465496063,0.6943622827529907,0.8204386234283447,-0.15645194053649902,0.7163912057876587,0.682438313961029,-0.09694447368383408,0.7562587261199951,0.5613584518432617,-0.1545535773038864,0.7908064723014832,0.4941069781780243,-0.1475660353899002,0.8059382438659668,0.42397597432136536,-0.12198846787214279,i_love_you
0.5946791172027588,0.9642592668533325,8.519241418980528e-07,0.4705686867237091,0.9323914647102356,-0.1221105232834816,0.3527696132659912,0.8685378432273865,-0.2017560750246048,0.24139821529388428,0.8175967931747437,-0.2749955356121063,0.12792915105819702,0.8094281554222107,-0.3465447723865509,0.39248210191726685,0.6267920136451721,-0.09554557502269745,0.3857574462890625,0.4688109755516052,-0.13261964917182922,0.38157418370246887,0.3733173608779907,-0.14405028522014618,0.376426100730896,0.2942318618297577,-0.1489301323890686,0.48442891240119934,0.6204032301902771,-0.067055843770504,0.5438830852508545,0.5342815518379211,-0.1485629379749298,0.5662506222724915,0.6611164808273315,-0.16324195265769958,0.5572386980056763,0.7448267936706543,-0.1424659937620163,0.5711097717285156,0.6264867186546326,-0.049787070602178574,0.6319234371185303,0.5502659678459167,-0.12461730092763901,0.6424914598464966,0.6658802032470703,-0.12365126609802246,0.6227952241897583,0.7399851679801941,-0.09271689504384995,0.6463046073913574,0.6386745572090149,-0.042526330798864365,0.6813591122627258,0.5377421975135803,-0.07158514857292175,0.7067262530326843,0.47877374291419983,-0.07205023616552353,0.7184532880783081,0.4179447889328003,-0.06054365262389183,i_love_you
0.6204029321670532,0.9855811595916748,1.0784490314108552e-06,0.4924318790435791,0.9601830840110779,-0.16533856093883514,0.36971575021743774,0.8958855867385864,-0.2621679902076721,0.26186639070510864,0.8428970575332642,-0.34449970722198486,0.1431255042552948,0.8314567804336548,-0.4243609607219696,0.4111604392528534,0.624946653842926,-0.1286759376525879,0.39770400524139404,0.4579136371612549,-0.1666634976863861,0.3884606957435608,0.35415053367614746,-0.1806233823299408,0.38289862871170044,0.26646149158477783,-0.18774397671222687,0.5038753151893616,0.6185930371284485,-0.07868008315563202,0.5742329955101013,0.5226351618766785,-0.16102004051208496,0.5949830412864685,0.6477254629135132,-0.18252646923065186,0.5826655030250549,0.7344222664833069,-0.16610021889209747,0.5897363424301147,0.6244056224822998,-0.04254931956529617,0.6549767255783081,0.5531224012374878,-0.12068378925323486,0.6633123755455017,0.6794462203979492,-0.1284511536359787,0.6390833258628845,0.7552653551101685,-0.10154043138027191,0.6663846373558044,0.6345205903053284,-0.019622238352894783,0.7012136578559875,0.5233525633811951,-0.04710844159126282,0.7267993688583374,0.465117871761322,-0.050409238785505295,0.7393597364425659,0.4026643633842468,-0.0414593406021595,i_love_you
0.5844766497612,0.9600437879562378,8.028693514461338e-07,0.4631769061088562,0.9224954843521118,-0.11792781203985214,0.3529294729232788,0.8576204776763916,-0.19052749872207642,0.25007110834121704,0.8003890514373779,-0.2567339539527893,0.14701619744300842,0.7769829034805298,-0.3220553398132324,0.41043657064437866,0.6419787406921387,-0.08723699301481247,0.4071657955646515,0.4981941878795624,-0.11742635071277618,0.4067782759666443,0.4116079807281494,-0.1273064911365509,0.40472400188446045,0.33801034092903137,-0.13312943279743195,0.49706849455833435,0.634161651134491,-0.05698153004050255,0.5468486547470093,0.5469385981559753,-0.1322050839662552,0.5622819662094116,0.658501386642456,-0.15161274373531342,0.5535935759544373,0.7348893880844116,-0.13779230415821075,0.5761794447898865,0.6388726830482483,-0.03719765320420265,0.6283729672431946,0.5706333518028259,-0.10818210244178772,0.6335411667823792,0.6747797131538391,-0.11619347333908081,0.6156612634658813,0.7431293725967407,-0.09399396926164627,0.645311713218689,0.6487246155738831,-0.02687232382595539,0.6816525459289551,0.5557553768157959,-0.05687172710895538,0.7070237398147583,0.502085268497467,-0.06483187526464462,0.7211958765983582,0.44757211208343506,-0.060473039746284485,i_love_you
0.5909461975097656,0.9613780975341797,5.852315894117055e-07,0.4667583703994751,0.9219881296157837,-0.09885134547948837,0.35010629892349243,0.8512778282165527,-0.16456210613250732,0.2401985228061676,0.7939395308494568,-0.22803029417991638,0.13483354449272156,0.7715303301811218,-0.29027867317199707,0.4183496832847595,0.6331990957260132,-0.07632789015769958,0.4123516380786896,0.48808130621910095,-0.10995662957429886,0.41393887996673584,0.4007750451564789,-0.12153973430395126,0.4134947955608368,0.3265640437602997,-0.12888632714748383,0.5061376690864563,0.6236589550971985,-0.059163667261600494,0.5457680225372314,0.5409916639328003,-0.1352948248386383,0.5609745383262634,0.6563767790794373,-0.15235325694084167,0.5538986921310425,0.7338807582855225,-0.13841482996940613,0.589998722076416,0.6301211714744568,-0.051453426480293274,0.6344825029373169,0.5560111999511719,-0.12413272261619568,0.6374855041503906,0.6639156341552734,-0.12539981305599213,0.6190577745437622,0.7343482971191406,-0.09973776340484619,0.6645680069923401,0.6460121870040894,-0.052137527614831924,0.6981326937675476,0.552855372428894,-0.08673703670501709,0.7257691025733948,0.49800723791122437,-0.0920865461230278,0.7418363094329834,0.4377729892730713,-0.08524661511182785,i_love_you
0.6122890710830688,0.9541666507720947,7.326132163143484e-07,0.48625192046165466,0.9212762117385864,-0.11040661484003067,0.3779221773147583,0.852441668510437,-0.17749033868312836,0.27548977732658386,0.7974679470062256,-0.2382672131061554,0.1708092987537384,0.7793945670127869,-0.29774558544158936,0.43723225593566895,0.6421143412590027,-0.08820217847824097,0.4340159595012665,0.49829334020614624,-0.12208734452724457,0.4355083107948303,0.4136393070220947,-0.13561765849590302,0.4354288578033447,0.33976641297340393,-0.14457277953624725,0.5241374969482422,0.6351145505905151,-0.06312556564807892,0.5671917200088501,0.5513671636581421,-0.14514456689357758,0.5797892808914185,0.6604331135749817,-0.16897989809513092,0.5711954236030579,0.7378257513046265,-0.15826444327831268,0.6035792827606201,0.6418370604515076,-0.0473020114004612,0.6539080142974854,0.5741226673126221,-0.1252322494983673,0.6559612154960632,0.6725099682807922,-0.13545432686805725,0.6362153887748718,0.7380146980285645,-0.11426977813243866,0.674298107624054,0.6532556414604187,-0.03973552957177162,0.7079164981842041,0.5612115263938904,-0.07490953058004379,0.7333899140357971,0.5081007480621338,-0.08280008286237717,0.7483152747154236,0.45443180203437805,-0.07785350829362869,i_love_you
0.5867418646812439,0.9679932594299316,4.165486586771294e-07,0.4498879611492157,0.9281110763549805,-0.09292394667863846,0.3229636549949646,0.8413546681404114,-0.1506853550672531,0.2048015296459198,0.7817858457565308,-0.20683102309703827,0.08807075023651123,0.7706407308578491,-0.2621251940727234,0.3990679383277893,0.6094153523445129,-0.07137223333120346,0.39788368344306946,0.44770926237106323,-0.10921397805213928,0.3974599540233612,0.3621244430541992,-0.1251370906829834,0.39999353885650635,0.2800073027610779,-0.13649865984916687,0.4975478947162628,0.602798581123352,-0.06095020845532417,0.5408044457435608,0.510129451751709,-0.14853522181510925,0.5537285804748535,0.6281701922416687,-0.17819808423519135,0.5455005764961243,0.7176647186279297,-0.17203427851200104,0.5866404175758362,0.615475594997406,-0.05916011333465576,0.6404579281806946,0.5356760025024414,-0.1429516226053238,0.6413237452507019,0.6504707932472229,-0.15184587240219116,0.6246305704116821,0.7295006513595581,-0.1284669190645218,0.6654288172721863,0.6396394371986389,-0.06455960869789124,0.7032679915428162,0.5355905294418335,-0.10503792017698288,0.7331601977348328,0.4726110100746155,-0.11270830780267715,0.7534653544425964,0.4049781262874603,-0.10710471123456955,i_love_you
0.6100304126739502,0.9635977745056152,5.968232130726392e-07,0.480640172958374,0.9243460893630981,-0.09154029190540314,0.35600167512893677,0.8459776639938354,-0.15337307751178741,0.241166889667511,0.7880852222442627,-0.21408551931381226,0.12705674767494202,0.7758753299713135,-0.2738623023033142,0.4219835698604584,0.6174656748771667,-0.06842082738876343,0.41666334867477417,0.4636552333831787,-0.09974534064531326,0.41508370637893677,0.3784753084182739,-0.11026633530855179,0.4131459593772888,0.30282944440841675,-0.1183714047074318,0.5163586735725403,0.6103096008300781,-0.056614018976688385,0.5584855079650879,0.5221412181854248,-0.13466043770313263,0.5734547972679138,0.6400498747825623,-0.15541255474090576,0.5671793222427368,0.7231752872467041,-0.14437229931354523,0.6036120653152466,0.622169017791748,-0.053393296897411346,0.6545848846435547,0.5413398146629333,-0.12891897559165955,0.6583252549171448,0.6511749625205994,-0.13229919970035553,0.6409916877746582,0.7265118360519409,-0.10795854032039642,0.6804829239845276,0.6436432003974915,-0.05743841826915741,0.7165683507919312,0.5473825931549072,-0.0950278490781784,0.7438030242919922,0.48624882102012634,-0.10182715952396393,0.7600588798522949,0.421298623085022,-0.09652163833379745,i_love_you
0.586351215839386,0.9820976257324219,2.7792509627033724e-07,0.45579540729522705,0.963121235370636,-0.09733547270298004,0.3369826078414917,0.9068539142608643,-0.16901031136512756,0.22793465852737427,0.8618995547294617,-0.23986071348190308,0.12053820490837097,0.8444210290908813,-0.30993711948394775,0.3978433609008789,0.6787037253379822,-0.110835000872612,0.3923858404159546,0.5275571942329407,-0.16395848989486694,0.396920382976532,0.4384502172470093,-0.18496619164943695,0.3971368968486786,0.3591870665550232,-0.19760169088840485,0.48633134365081787,0.6634917855262756,-0.1004224568605423,0.49627894163131714,0.6073375344276428,-0.19478702545166016,0.5150464773178101,0.7279128432273865,-0.21531754732131958,0.5188148617744446,0.7997677326202393,-0.20529642701148987,0.5771012306213379,0.6709665060043335,-0.09815982729196548,0.59651118516922,0.6128674745559692,-0.18980714678764343,0.6042171120643616,0.7348580360412598,-0.1847713589668274,0.594905436038971,0.8060632944107056,-0.15364356338977814,0.6596724390983582,0.6906645894050598,-0.10364388674497604,0.6815497875213623,0.5935593247413635,-0.15295438468456268,0.6965581774711609,0.5382544994354248,-0.1552971750497818,0.7039370536804199,0.46723490953445435,-0.14432470500469208,i_love_you
0.6323004961013794,1.0145759582519531,6.708060027449392e-07,0.49850529432296753,0.9781100749969482,-0.12582673132419586,0.37370187044143677,0.9001466035842896,-0.20608898997306824,0.2574427127838135,0.8302820324897766,-0.27916938066482544,0.1339225471019745,0.805620014667511,-0.34956783056259155,0.4392821192741394,0.6376184225082397,-0.11293093115091324,0.4318689703941345,0.4640803635120392,-0.16056130826473236,0.42927491664886475,0.36273595690727234,-0.18066510558128357,0.43085777759552,0.26907455921173096,-0.19389773905277252,0.5411063432693481,0.6263140439987183,-0.08810022473335266,0.5959799289703369,0.5245739221572876,-0.18107745051383972,0.6142123341560364,0.6508635878562927,-0.20753172039985657,0.603814959526062,0.7460681200027466,-0.19773538410663605,0.6344293355941772,0.636676013469696,-0.07361337542533875,0.6913102269172668,0.5528655648231506,-0.1601211428642273,0.6945797801017761,0.6748331785202026,-0.1662886142730713,0.6739711761474609,0.7577143907546997,-0.13996624946594238,0.7146294713020325,0.6583958268165588,-0.06908301264047623,0.7620888948440552,0.5495128631591797,-0.1077812984585762,0.7974411845207214,0.48751765489578247,-0.11450403183698654,0.8178024291992188,0.41882285475730896,-0.10834595561027527,i_love_you
0.6328595876693726,0.9871401786804199,-7.437090232542687e-08,0.5243107080459595,0.9550377130508423,-0.08049709349870682,0.4197489023208618,0.8911579251289368,-0.14179177582263947,0.3376058340072632,0.8441011905670166,-0.20531605184078217,0.25611385703086853,0.8253329992294312,-0.26902884244918823,0.5086008906364441,0.6919183731079102,-0.09096498042345047,0.5036481022834778,0.5481699109077454,-0.1386985033750534,0.5093267560005188,0.4650099277496338,-0.1572616845369339,0.5139456391334534,0.39654234051704407,-0.1674698442220688,0.5945894122123718,0.6902369260787964,-0.08579662442207336,0.6109904050827026,0.6331517696380615,-0.16824989020824432,0.6140777468681335,0.7472854852676392,-0.18977491557598114,0.6101621985435486,0.8175005316734314,-0.18413075804710388,0.6758082509040833,0.7047750353813171,-0.08772162348031998,0.6964245438575745,0.6403926610946655,-0.16424357891082764,0.68724524974823,0.7516124248504639,-0.1657397747039795,0.6747804880142212,0.8180395364761353,-0.1444605588912964,0.7481553554534912,0.7278859615325928,-0.09667868912220001,0.7746203541755676,0.6335875988006592,-0.13658800721168518,0.7939542531967163,0.581007182598114,-0.1409529745578766,0.8078302145004272,0.516441285610199,-0.13517895340919495,i_love_you
0.5983178615570068,0.9370419979095459,1.892227743383046e-07,0.4758381247520447,0.9042583703994751,-0.0859646126627922,0.3640947639942169,0.8423792719841003,-0.15220803022384644,0.268026202917099,0.7965403199195862,-0.2191770374774933,0.17373457551002502,0.7816992402076721,-0.28543660044670105,0.4301985502243042,0.6422045826911926,-0.09936241060495377,0.42627328634262085,0.4986686706542969,-0.15084591507911682,0.4288799464702606,0.41568800806999207,-0.16903053224086761,0.42964857816696167,0.34367045760154724,-0.17893142998218536,0.5132449269294739,0.634896993637085,-0.09201445430517197,0.5193777680397034,0.5831041932106018,-0.1825701743364334,0.5261468887329102,0.6988924741744995,-0.19741837680339813,0.5252851247787476,0.7635157704353333,-0.18359307944774628,0.5973466038703918,0.6454412341117859,-0.09294568002223969,0.6108680367469788,0.5935503840446472,-0.1790199726819992,0.6093591451644897,0.7051828503608704,-0.17214767634868622,0.5979738831520081,0.768269419670105,-0.1408408284187317,0.6725737452507019,0.6635349988937378,-0.10112398117780685,0.6938404440879822,0.5743438601493835,-0.1478957086801529,0.7110888957977295,0.5203465819358826,-0.1510697454214096,0.7233016490936279,0.45198309421539307,-0.14119142293930054,i_love_you
0.5938109159469604,0.946761965751648,-1.362060828569156e-07,0.4827389121055603,0.9202741384506226,-0.06327316910028458,0.3822976350784302,0.8634061813354492,-0.11331730335950851,0.3045704960823059,0.8209834098815918,-0.16529852151870728,0.2344546914100647,0.8032857179641724,-0.21654389798641205,0.4468521773815155,0.6908524036407471,-0.07714442908763885,0.44460415840148926,0.5670843720436096,-0.12606516480445862,0.4486664831638336,0.49766650795936584,-0.1461889147758484,0.4529380798339844,0.43552953004837036,-0.15766452252864838,0.5173866748809814,0.6878141164779663,-0.0742185041308403,0.5209542512893677,0.6361435651779175,-0.1471715271472931,0.5203708410263062,0.7360327839851379,-0.1564166247844696,0.5170105695724487,0.7852358818054199,-0.1459164321422577,0.5897488594055176,0.6985831260681152,-0.07820696383714676,0.5957605242729187,0.6434609889984131,-0.1488269418478012,0.5894044637680054,0.7416600584983826,-0.13604769110679626,0.5796797275543213,0.7932986617088318,-0.10737887024879456,0.6551581621170044,0.7159026861190796,-0.08790843933820724,0.6721364259719849,0.6342848539352417,-0.12658396363258362,0.6830651760101318,0.5936840772628784,-0.12418873608112335,0.6917222142219543,0.537922739982605,-0.11347774416208267,i_love_you
0.5797218084335327,0.9734396934509277,1.120149573097251e-08,0.4745047688484192,0.952465295791626,-0.0594073124229908,0.3803785443305969,0.8971864581108093,-0.10645144432783127,0.3041169345378876,0.8541601300239563,-0.1551235467195511,0.23058676719665527,0.84002685546875,-0.20293059945106506,0.43469536304473877,0.7236466407775879,-0.06460575759410858,0.43471232056617737,0.6082699298858643,-0.10255084186792374,0.43958038091659546,0.540740430355072,-0.11510787904262543,0.4437935948371887,0.4812661409378052,-0.1221386268734932,0.5028077363967896,0.7211465239524841,-0.06039980426430702,0.5084190964698792,0.6780619621276855,-0.12494972348213196,0.5084963440895081,0.7768461108207703,-0.1292167752981186,0.5038681030273438,0.8234163522720337,-0.11500179022550583,0.5721949934959412,0.7323553562164307,-0.06251248717308044,0.5775136947631836,0.6899539828300476,-0.1301412135362625,0.5718696117401123,0.7843462228775024,-0.11707732826471329,0.5575219988822937,0.8319920897483826,-0.08749201893806458,0.6364927887916565,0.7509939670562744,-0.0690893679857254,0.6522128582000732,0.6746988296508789,-0.10712927579879761,0.6590542793273926,0.6346761584281921,-0.103728748857975,0.6582509875297546,0.5813945531845093,-0.09117581695318222,i_love_you
0.5937902331352234,0.9794936180114746,-1.3563001388661178e-08,0.484593003988266,0.9521456360816956,-0.06403881311416626,0.38854026794433594,0.8995208144187927,-0.11695371568202972,0.31157901883125305,0.856001079082489,-0.17195186018943787,0.23972633481025696,0.8403284549713135,-0.2262929528951645,0.4507471024990082,0.7233825922012329,-0.07317845523357391,0.4501401484012604,0.6064349412918091,-0.11933381110429764,0.45408326387405396,0.5366184711456299,-0.1370207816362381,0.45835813879966736,0.4762001633644104,-0.14676359295845032,0.5186554193496704,0.7207835912704468,-0.06863600015640259,0.5234043002128601,0.6706469058990479,-0.1346421241760254,0.52235347032547,0.7711673974990845,-0.13747504353523254,0.5205347537994385,0.8174208998680115,-0.12264843285083771,0.5894153714179993,0.7330353260040283,-0.07148979604244232,0.5943395495414734,0.6833477020263672,-0.13670453429222107,0.587888777256012,0.7798857092857361,-0.12082330882549286,0.5775324106216431,0.8284686803817749,-0.09054833650588989,0.652633786201477,0.7525798082351685,-0.08023678511381149,0.6688483953475952,0.6738920211791992,-0.11569628864526749,0.6784191131591797,0.6345290541648865,-0.11156437546014786,0.6854202747344971,0.5806759595870972,-0.09957728534936905,i_love_you
0.5952523350715637,0.9973019361495972,-8.125991968199742e-08,0.4904860258102417,0.9644346237182617,-0.060125257819890976,0.3997475504875183,0.9127441644668579,-0.11105454713106155,0.3180503249168396,0.8687513470649719,-0.1646852344274521,0.2428968846797943,0.852473258972168,-0.21792063117027283,0.45591938495635986,0.7349197864532471,-0.06802373379468918,0.45291244983673096,0.6187782287597656,-0.11491292715072632,0.4564363956451416,0.5497231483459473,-0.13436366617679596,0.459195613861084,0.4898587167263031,-0.14440281689167023,0.5230618119239807,0.7316798567771912,-0.06407740712165833,0.5266869068145752,0.6836531758308411,-0.12993770837783813,0.5273173451423645,0.7847484946250916,-0.13445134460926056,0.5229707360267639,0.8339406847953796,-0.1200789362192154,0.5944674611091614,0.7434566617012024,-0.06719706952571869,0.6001659631729126,0.6921959519386292,-0.131438210606575,0.5960962176322937,0.7907615303993225,-0.11604487895965576,0.5848694443702698,0.8415175676345825,-0.0851576179265976,0.657252311706543,0.7621067762374878,-0.07571054250001907,0.672627866268158,0.6804644465446472,-0.10904738306999207,0.6829533576965332,0.6400521397590637,-0.10347066819667816,0.6909353733062744,0.5853472948074341,-0.0898754745721817,i_love_you
0.48796242475509644,1.030732274055481,-5.963408398201864e-07,0.6066702008247375,0.9612154364585876,-0.10537034273147583,0.6894811391830444,0.8286452293395996,-0.15301373600959778,0.7149401903152466,0.6721884608268738,-0.19854366779327393,0.6444610953330994,0.5650238990783691,-0.2285931557416916,0.678475558757782,0.6409351229667664,0.021740015596151352,0.6554648280143738,0.5427066683769226,-0.04565298557281494,0.6155202984809875,0.6471982002258301,-0.08203396946191788,0.594606339931488,0.7341440320014954,-0.08092515915632248,0.5705849528312683,0.6370958089828491,0.04903954640030861,0.5408735871315002,0.5591890215873718,-0.03933247551321983,0.5148106813430786,0.7036604285240173,-0.0832422524690628,0.5068674087524414,0.7782861590385437,-0.07556180655956268,0.4785369336605072,0.6416327357292175,0.05579039826989174,0.45422202348709106,0.5688117742538452,-0.026836806908249855,0.4572864770889282,0.6959256529808044,-0.051098182797431946,0.4524468183517456,0.7881269454956055,-0.02910885028541088,0.3983421325683594,0.653468906879425,0.05483686551451683,0.39579010009765625,0.5261626839637756,0.03781868517398834,0.3995477557182312,0.44970330595970154,0.03801996633410454,0.401048481464386,0.3815796673297882,0.05491713434457779,naraka
0.6226937174797058,0.9370332956314087,1.4919399404789147e-07,0.7401490211486816,0.8517544865608215,-0.09822285175323486,0.8180705904960632,0.7354766130447388,-0.1390589326620102,0.8457770347595215,0.6094984412193298,-0.18036572635173798,0.772283673286438,0.5254150629043579,-0.20746660232543945,0.7885326743125916,0.6028203368186951,0.06797818839550018,0.7869777679443359,0.504908561706543,-0.012282906100153923,0.755803108215332,0.5826336741447449,-0.07696367055177689,0.7415845990180969,0.649999737739563,-0.0964130386710167,0.6965040564537048,0.6124207973480225,0.08961505442857742,0.6917322278022766,0.5163533687591553,-0.026781529188156128,0.6703713536262512,0.6306635141372681,-0.1167834997177124,0.6704694628715515,0.7009045481681824,-0.1386367827653885,0.6174865961074829,0.6081904172897339,0.08860012888908386,0.6004664301872253,0.5365027189254761,-0.01201804168522358,0.6065091490745544,0.6431389451026917,-0.07577313482761383,0.6165014505386353,0.7181046009063721,-0.07761585712432861,0.5529730916023254,0.6037676930427551,0.08063604682683945,0.5443128943443298,0.4988188147544861,0.06242894381284714,0.54575514793396,0.43699124455451965,0.045345865190029144,0.5540199875831604,0.3791852295398712,0.04631035402417183,naraka
0.5373303294181824,0.855901837348938,4.0435568848806724e-07,0.4758245348930359,0.8504336476325989,-0.20645779371261597,0.44565778970718384,0.807942807674408,-0.3578014075756073,0.44590234756469727,0.7974157333374023,-0.47801753878593445,0.4285169243812561,0.7926949262619019,-0.592472493648529,0.45093122124671936,0.6632291674613953,-0.38074973225593567,0.4121752679347992,0.6126071214675903,-0.5693024396896362,0.40622588992118835,0.618519127368927,-0.664046049118042,0.4196993410587311,0.6044523119926453,-0.7199647426605225,0.5265400409698486,0.6703870892524719,-0.3489101231098175,0.5135973691940308,0.6621794700622559,-0.5775463581085205,0.47594383358955383,0.7736830115318298,-0.648126482963562,0.452677458524704,0.8285671472549438,-0.6715772747993469,0.6059426069259644,0.691580057144165,-0.33061909675598145,0.5886983871459961,0.718995213508606,-0.5460690855979919,0.5241698622703552,0.8211469650268555,-0.5889110565185547,0.4824887812137604,0.8635486960411072,-0.5846477746963501,0.678055465221405,0.7108539342880249,-0.32387223839759827,0.7009850740432739,0.7376019954681396,-0.48686209321022034,0.6877748966217041,0.7985693216323853,-0.5490710735321045,0.6899007558822632,0.8256344795227051,-0.5766251087188721,naraka
0.5954450368881226,0.7706373333930969,6.066585456210305e-07,0.7043519020080566,0.8147883415222168,-0.04593091085553169,0.7546191215515137,0.82886803150177,-0.11079149693250656,0.7257936596870422,0.8222194910049438,-0.16946636140346527,0.6476718783378601,0.8185378313064575,-0.23139691352844238,0.6608476042747498,0.716826319694519,-0.1787194460630417,0.6461275815963745,0.740026593208313,-0.23641575872898102,0.6430946588516235,0.7621637582778931,-0.2625265419483185,0.6469478607177734,0.769336998462677,-0.28153908252716064,0.5523857474327087,0.6957836747169495,-0.19018034636974335,0.536071240901947,0.7934044599533081,-0.2428414523601532,0.5247081518173218,0.8531187772750854,-0.24789480865001678,0.5267777442932129,0.8873867392539978,-0.26042869687080383,0.4768213629722595,0.7006584405899048,-0.19719380140304565,0.4596145451068878,0.7908485531806946,-0.24704501032829285,0.4634603261947632,0.8501225113868713,-0.23942053318023682,0.47867006063461304,0.8836097717285156,-0.23785164952278137,0.41991597414016724,0.7168131470680237,-0.2067926973104477,0.39856988191604614,0.788252592086792,-0.23888328671455383,0.3993118107318878,0.8289494514465332,-0.22831520438194275,0.41336381435394287,0.8447179198265076,-0.22656261920928955,naraka
0.7034531235694885,0.7954042553901672,8.636914685666852e-07,0.7940797805786133,0.8456050157546997,-0.08983412384986877,0.8271588087081909,0.8329778909683228,-0.19810450077056885,0.8077017664909363,0.7949464321136475,-0.290297269821167,0.7394715547561646,0.7621577382087708,-0.3818966746330261,0.7372457385063171,0.7070747017860413,-0.3057795464992523,0.696906328201294,0.7410008907318115,-0.40158945322036743,0.6705725193023682,0.7842152714729309,-0.430543452501297,0.6575856804847717,0.8035677075386047,-0.44606661796569824,0.6317389011383057,0.6739630699157715,-0.30860424041748047,0.5983089208602905,0.7365095019340515,-0.4008217751979828,0.5775465369224548,0.8041577339172363,-0.3943895101547241,0.5685227513313293,0.8437893390655518,-0.3961234986782074,0.5600558519363403,0.6707955598831177,-0.3071030080318451,0.5249654054641724,0.7363830208778381,-0.3870915472507477,0.5208867788314819,0.8015714883804321,-0.3628450334072113,0.5260977149009705,0.8381944894790649,-0.34759193658828735,0.5060504078865051,0.6850346326828003,-0.31220534443855286,0.4656772017478943,0.7437628507614136,-0.3704697787761688,0.4632328152656555,0.7896939516067505,-0.36278411746025085,0.4756842255592346,0.8088358640670776,-0.36064717173576355,naraka
0.49053964018821716,0.930968701839447,-9.229592592419067e-07,0.6028608083724976,0.8616633415222168,-0.07024677097797394,0.6685194969177246,0.7429783344268799,-0.10746753215789795,0.620917797088623,0.6319360136985779,-0.14473822712898254,0.5217637419700623,0.5856980681419373,-0.16854558885097504,0.6183221340179443,0.5439665913581848,-0.03891631215810776,0.6035365462303162,0.4661511182785034,-0.11897162348031998,0.5792605876922607,0.5622908473014832,-0.15990449488162994,0.5781473517417908,0.631411075592041,-0.17291361093521118,0.5064823627471924,0.5501500368118286,-0.04118843004107475,0.47815513610839844,0.48564615845680237,-0.13938327133655548,0.4796297550201416,0.603775680065155,-0.17158633470535278,0.49959975481033325,0.663475513458252,-0.1713210940361023,0.4049013555049896,0.5721417665481567,-0.058055534958839417,0.37306731939315796,0.5053659677505493,-0.15528357028961182,0.4018576741218567,0.6230006814002991,-0.16741642355918884,0.43253302574157715,0.6992200613021851,-0.14909332990646362,0.3181399703025818,0.6035292148590088,-0.08039231598377228,0.2814803421497345,0.496553897857666,-0.12836705148220062,0.2644694745540619,0.42858392000198364,-0.1397731453180313,0.25703489780426025,0.3491770029067993,-0.13837525248527527,naraka
0.5097528100013733,0.9321423768997192,-9.290206435252912e-07,0.6097121834754944,0.8641804456710815,-0.13040786981582642,0.6409469842910767,0.7217210531234741,-0.1902693659067154,0.5613440871238708,0.6026345491409302,-0.24028721451759338,0.45318490266799927,0.5475106239318848,-0.26801231503486633,0.6712790131568909,0.4869476556777954,-0.07064778357744217,0.5992001295089722,0.38220709562301636,-0.1850007176399231,0.5540249943733215,0.5023069381713867,-0.2451547235250473,0.5627139806747437,0.5894939303398132,-0.2616311013698578,0.5487788915634155,0.4842020571231842,-0.04701930284500122,0.4669569134712219,0.4078121781349182,-0.17587974667549133,0.4449836015701294,0.5537705421447754,-0.21433556079864502,0.4746531844139099,0.6250823736190796,-0.20603817701339722,0.43502363562583923,0.5025066137313843,-0.04768393561244011,0.3607039451599121,0.4408918023109436,-0.17019960284233093,0.3716261386871338,0.5760197639465332,-0.1850159913301468,0.4161878824234009,0.6632581949234009,-0.1560763269662857,0.3382658362388611,0.5351056456565857,-0.05964013934135437,0.3019160032272339,0.4155898094177246,-0.11487312614917755,0.2714383602142334,0.345833420753479,-0.12493198364973068,0.2623176574707031,0.27653852105140686,-0.11474046111106873,naraka
0.5245878100395203,0.9474062323570251,-1.0295204901922261e-06,0.6402149796485901,0.8814327716827393,-0.07866274565458298,0.7111619710922241,0.7620378732681274,-0.12046997249126434,0.6442485451698303,0.6478365063667297,-0.1606372743844986,0.5359917879104614,0.6009837985038757,-0.18479803204536438,0.6517293453216553,0.5536129474639893,-0.05577107146382332,0.6384008526802063,0.465812087059021,-0.1462855041027069,0.616274356842041,0.5745368003845215,-0.1893060803413391,0.6163413524627686,0.6450586318969727,-0.2015029937028885,0.5357996821403503,0.55649733543396,-0.05472816526889801,0.508315920829773,0.4910576641559601,-0.1579931527376175,0.5108464956283569,0.6197938323020935,-0.18503279983997345,0.5301192402839661,0.6793813705444336,-0.18030008673667908,0.4332621395587921,0.5762112736701965,-0.06936406344175339,0.4006870985031128,0.5063431262969971,-0.17110879719257355,0.4303697347640991,0.6321896314620972,-0.17555628716945648,0.46200937032699585,0.7116972804069519,-0.1507081240415573,0.34449684619903564,0.6062334775924683,-0.09032150357961655,0.30806678533554077,0.49633699655532837,-0.14119724929332733,0.290095716714859,0.4311550557613373,-0.14933134615421295,0.2817226052284241,0.35502082109451294,-0.14386090636253357,naraka
0.501647412776947,0.9232826232910156,-5.891488399356604e-07,0.5998182892799377,0.8650102019309998,-0.05892493575811386,0.6564575433731079,0.7665712237358093,-0.09107046574354172,0.6153934001922607,0.6731048226356506,-0.12252885103225708,0.5343388319015503,0.6282548308372498,-0.14325770735740662,0.6181817054748535,0.5969288349151611,-0.03409235179424286,0.6067416071891785,0.5282899141311646,-0.09987788647413254,0.5882636904716492,0.6073850393295288,-0.13855226337909698,0.5872647166252136,0.6675205826759338,-0.15480436384677887,0.5266647338867188,0.6000148057937622,-0.036318473517894745,0.5078303813934326,0.536069393157959,-0.11653069406747818,0.5092548727989197,0.6288841366767883,-0.15098980069160461,0.5226023197174072,0.684269905090332,-0.15900984406471252,0.44141626358032227,0.615471363067627,-0.050325825810432434,0.418671190738678,0.5463089942932129,-0.12695974111557007,0.4420260190963745,0.644297182559967,-0.1431126743555069,0.467363178730011,0.7157045602798462,-0.13507860898971558,0.3687422275543213,0.642007052898407,-0.06927672773599625,0.3399311900138855,0.5521182417869568,-0.1073472797870636,0.32918113470077515,0.4948979914188385,-0.12131883949041367,0.3275609314441681,0.4301174283027649,-0.1258099526166916,naraka
0.5169873237609863,0.9649691581726074,-8.658107049086539e-07,0.6177248954772949,0.9037464261054993,-0.05734066665172577,0.6808517575263977,0.7996727228164673,-0.08657469600439072,0.6361493468284607,0.7004706263542175,-0.11664915829896927,0.5479121804237366,0.6585595011711121,-0.13532327115535736,0.6334682703018188,0.6307244896888733,-0.027580339461565018,0.6208229064941406,0.5544725656509399,-0.09563913941383362,0.5978659391403198,0.6381814479827881,-0.13092459738254547,0.5947318077087402,0.7010601758956909,-0.14152365922927856,0.5371947884559631,0.6319071054458618,-0.02963102236390114,0.5121646523475647,0.5693199634552002,-0.11033354699611664,0.5101824998855591,0.6704057455062866,-0.13634078204631805,0.5256679058074951,0.7231059074401855,-0.1349203884601593,0.4498748183250427,0.6482324600219727,-0.0440121665596962,0.4224376678466797,0.5816528797149658,-0.12328743189573288,0.4447633922100067,0.6841356158256531,-0.12954874336719513,0.471265971660614,0.7538098692893982,-0.11098817735910416,0.3729071617126465,0.6738881468772888,-0.06313492357730865,0.34551751613616943,0.5800014138221741,-0.10130390524864197,0.33149611949920654,0.5226995944976807,-0.10747958719730377,0.3268278241157532,0.4579983949661255,-0.10309157520532608,naraka
0.537429928779602,1.0049012899398804,-8.421039296990784e-07,0.6524823904037476,0.948915958404541,-0.05901850759983063,0.7308879494667053,0.8323351144790649,-0.08775275200605392,0.6985808610916138,0.7191332578659058,-0.11659391969442368,0.6068417429924011,0.6724255084991455,-0.134438157081604,0.6695152521133423,0.6464822292327881,-0.031084159389138222,0.6643491387367249,0.559555172920227,-0.09957274794578552,0.6495999097824097,0.6430134177207947,-0.13630437850952148,0.6474336981773376,0.7079486846923828,-0.14926587045192719,0.5678446888923645,0.6479593515396118,-0.035235870629549026,0.5476203560829163,0.5695091485977173,-0.11901648342609406,0.5586121082305908,0.6756303310394287,-0.1486620306968689,0.5751234292984009,0.7345340251922607,-0.1506781131029129,0.47394806146621704,0.6666080951690674,-0.05169348046183586,0.4509693682193756,0.5832161903381348,-0.13399730622768402,0.48214414715766907,0.6967443227767944,-0.14162974059581757,0.5082509517669678,0.7745647430419922,-0.1249876320362091,0.38997048139572144,0.6972396373748779,-0.07320283353328705,0.35851749777793884,0.5938833355903625,-0.11520900577306747,0.35262179374694824,0.52928626537323,-0.12564975023269653,0.35407257080078125,0.45222070813179016,-0.12593352794647217,naraka
0.520105242729187,1.0041931867599487,-9.258716318072402e-07,0.6503206491470337,0.9410309195518494,-0.061170004308223724,0.7372725009918213,0.8209946751594543,-0.09245947003364563,0.708655834197998,0.6996034383773804,-0.12432537972927094,0.611590564250946,0.644100546836853,-0.14528414607048035,0.6596903800964355,0.6093534827232361,-0.03915425017476082,0.6578699350357056,0.5094917416572571,-0.10904654115438461,0.651118278503418,0.6011122465133667,-0.14639997482299805,0.6509802937507629,0.6731326580047607,-0.15997299551963806,0.5521436333656311,0.6139860153198242,-0.044686365872621536,0.5348513722419739,0.5306565165519714,-0.1328495591878891,0.5569519996643066,0.6535860300064087,-0.16552318632602692,0.5751309990882874,0.7272608280181885,-0.170180544257164,0.4514485001564026,0.6346617341041565,-0.06228286027908325,0.434592068195343,0.5484910011291504,-0.14899253845214844,0.4758344888687134,0.6775793433189392,-0.15990088880062103,0.5036018490791321,0.7676287293434143,-0.1455567330121994,0.36030635237693787,0.6681985259056091,-0.08496963977813721,0.32485929131507874,0.5538651347160339,-0.1306660920381546,0.3210740387439728,0.48076343536376953,-0.145123690366745,0.322947233915329,0.3950618803501129,-0.14893442392349243,naraka
0.4574110507965088,1.006374716758728,-1.4826173355686478e-06,0.583491861820221,0.9461567401885986,-0.08562269806861877,0.6686598062515259,0.8038973808288574,-0.12929919362068176,0.6272720694541931,0.6843326091766357,-0.17253585159778595,0.5087184906005859,0.6418091654777527,-0.2013992816209793,0.5738853812217712,0.6041138768196106,-0.058533139526844025,0.5705685019493103,0.4949989914894104,-0.14598548412322998,0.5709308385848999,0.6034224033355713,-0.18460538983345032,0.5679938197135925,0.6728474497795105,-0.19382233917713165,0.4572916626930237,0.6081470847129822,-0.054654646664857864,0.4538751542568207,0.5223092436790466,-0.1593538373708725,0.4745064377784729,0.6505787968635559,-0.19121617078781128,0.48680761456489563,0.7153993844985962,-0.18712012469768524,0.35260435938835144,0.6344740390777588,-0.06479202210903168,0.33760932087898254,0.5380869507789612,-0.16289687156677246,0.38971078395843506,0.6700451374053955,-0.15915317833423615,0.4252028465270996,0.7589398622512817,-0.12583112716674805,0.2563478648662567,0.6708630323410034,-0.08217624574899673,0.22632500529289246,0.5351827144622803,-0.1277608871459961,0.21369577944278717,0.4554388225078583,-0.127299964427948,0.2006455659866333,0.3654119074344635,-0.11380910873413086,naraka
0.4985049068927765,0.9716781973838806,-9.801572105061496e-07,0.6201098561286926,0.9011359810829163,-0.06960301101207733,0.6925684213638306,0.7810884714126587,-0.10643167793750763,0.6340240836143494,0.6623720526695251,-0.1430937498807907,0.5340434908866882,0.6076914668083191,-0.16706262528896332,0.6255796551704407,0.5826870799064636,-0.04048207402229309,0.6110972166061401,0.4956238269805908,-0.11893363296985626,0.5920690894126892,0.5938039422035217,-0.16080087423324585,0.5894342064857483,0.6671121716499329,-0.174753800034523,0.5152299404144287,0.5892476439476013,-0.04213108494877815,0.4867560863494873,0.5180408954620361,-0.1348278522491455,0.49650901556015015,0.6354576945304871,-0.1681436002254486,0.5145332217216492,0.7000102996826172,-0.17131055891513824,0.41593223810195923,0.6109471917152405,-0.05774390697479248,0.3841286897659302,0.5362573862075806,-0.15030045807361603,0.4174119830131531,0.653779923915863,-0.16277484595775604,0.4451984167098999,0.7329778075218201,-0.1470036655664444,0.3280864357948303,0.6424312591552734,-0.0787229984998703,0.2862139940261841,0.531116783618927,-0.12445365637540817,0.27311766147613525,0.4635741412639618,-0.13544988632202148,0.26670217514038086,0.3837321400642395,-0.13495317101478577,naraka
0.5427797436714172,0.8909730315208435,-6.128455538600974e-07,0.6422107219696045,0.8307374715805054,-0.06860163062810898,0.6902816295623779,0.7213415503501892,-0.10447430610656738,0.6288684606552124,0.625410795211792,-0.13829968869686127,0.5367700457572937,0.5843134522438049,-0.15781034529209137,0.6482671499252319,0.5607512593269348,-0.04444891959428787,0.6347510814666748,0.48156431317329407,-0.11840405315160751,0.6166691780090332,0.571553647518158,-0.1534484624862671,0.6196944713592529,0.6272773146629333,-0.1646290421485901,0.555773138999939,0.5634858012199402,-0.04218479245901108,0.5315119028091431,0.50589519739151,-0.13113883137702942,0.5362106561660767,0.610368013381958,-0.15730927884578705,0.5561073422431946,0.6506496071815491,-0.15654081106185913,0.4706408977508545,0.5785701274871826,-0.05399243161082268,0.43789276480674744,0.5102193355560303,-0.14167720079421997,0.46627646684646606,0.6228619813919067,-0.1494167000055313,0.49789705872535706,0.690914511680603,-0.13183347880840302,0.39853766560554504,0.6011781096458435,-0.07139728218317032,0.3664761781692505,0.5101265907287598,-0.11541930586099625,0.3510543704032898,0.45546770095825195,-0.12704068422317505,0.34440648555755615,0.3855917751789093,-0.12740159034729004,naraka
0.5027934312820435,0.925123929977417,-9.021889582072617e-07,0.6114899516105652,0.8601514101028442,-0.06430717557668686,0.6758041381835938,0.7517921328544617,-0.09796199947595596,0.6220508813858032,0.645466685295105,-0.13122321665287018,0.5331539511680603,0.5957707166671753,-0.15237611532211304,0.6298679709434509,0.5712460875511169,-0.039002031087875366,0.6091564297676086,0.49538227915763855,-0.11082471162080765,0.586109459400177,0.5853756666183472,-0.14962252974510193,0.5862975120544434,0.6520127058029175,-0.1631401628255844,0.5262672901153564,0.5742226839065552,-0.04034656286239624,0.4940703809261322,0.5134169459342957,-0.12719574570655823,0.49610161781311035,0.6184678077697754,-0.16008897125720978,0.5157405734062195,0.6751177310943604,-0.16452185809612274,0.43291619420051575,0.5903580188751221,-0.05421517416834831,0.399148166179657,0.5267839431762695,-0.13992618024349213,0.42340660095214844,0.6333304047584534,-0.15431630611419678,0.4508481025695801,0.7064565420150757,-0.1416427493095398,0.3522452116012573,0.6158443689346313,-0.07296367734670639,0.3201371729373932,0.5127357840538025,-0.11385996639728546,0.30532124638557434,0.44985508918762207,-0.12389776110649109,0.29874521493911743,0.3787314295768738,-0.12350611388683319,naraka
0.48942801356315613,0.8853274583816528,-6.580885951734672e-07,0.5860822796821594,0.8275953531265259,-0.06965664774179459,0.6343837976455688,0.7216944694519043,-0.10548752546310425,0.581718385219574,0.6251042485237122,-0.13959521055221558,0.4949686527252197,0.57991623878479,-0.15993496775627136,0.6022612452507019,0.5583974123001099,-0.04359617829322815,0.5863853693008423,0.48044198751449585,-0.11696499586105347,0.5672916173934937,0.5682826042175293,-0.15235687792301178,0.572443962097168,0.6266658306121826,-0.16283364593982697,0.5093370079994202,0.558123767375946,-0.04033266380429268,0.4855707883834839,0.5007669925689697,-0.1283101588487625,0.48492538928985596,0.6023322939872742,-0.1547439992427826,0.5026989579200745,0.6475206613540649,-0.15294300019741058,0.42374187707901,0.5723719596862793,-0.05107392370700836,0.3921627104282379,0.507045328617096,-0.1363779753446579,0.4164507985115051,0.6133008599281311,-0.1446918547153473,0.4471394121646881,0.6826999187469482,-0.12680277228355408,0.3500429093837738,0.5952376127243042,-0.06764307618141174,0.31990575790405273,0.5019052624702454,-0.10940641909837723,0.3032442331314087,0.4453500509262085,-0.120123952627182,0.2965802550315857,0.3806822896003723,-0.1190328598022461,naraka
0.5488396883010864,0.8865237236022949,-5.307502419782395e-07,0.6418505907058716,0.8306272029876709,-0.07124477624893188,0.6913362741470337,0.7226924300193787,-0.10614702105522156,0.6408814787864685,0.6283105611801147,-0.13823433220386505,0.5531664490699768,0.5960675477981567,-0.1572675108909607,0.6492644548416138,0.5706985592842102,-0.042621251195669174,0.6324589848518372,0.4874415397644043,-0.1121598482131958,0.6119993925094604,0.5702111721038818,-0.14596164226531982,0.6141909956932068,0.6300581097602844,-0.15621979534626007,0.5606407523155212,0.5733016729354858,-0.03797438368201256,0.5318475961685181,0.5088290572166443,-0.12354424595832825,0.5319507122039795,0.6067613363265991,-0.1516876220703125,0.5506395101547241,0.6547900438308716,-0.15155279636383057,0.47943729162216187,0.5890594720840454,-0.04726023226976395,0.4436098337173462,0.5210075378417969,-0.1284114569425583,0.46861034631729126,0.6186872124671936,-0.14002355933189392,0.4994875490665436,0.6857635378837585,-0.12572750449180603,0.41061726212501526,0.6139546632766724,-0.06269387155771255,0.37600773572921753,0.5216572284698486,-0.10109159350395203,0.3599173426628113,0.46275049448013306,-0.11390858143568039,0.3531913757324219,0.39735859632492065,-0.11594319343566895,naraka
0.48928502202033997,0.9265650510787964,-9.802611202758271e-07,0.5970760583877563,0.8590721487998962,-0.0630730539560318,0.6628642678260803,0.7500680685043335,-0.09536039084196091,0.6061378121376038,0.6399129629135132,-0.128580704331398,0.511315643787384,0.5896328091621399,-0.14974401891231537,0.6185140609741211,0.5675674676895142,-0.029026174917817116,0.6046137809753418,0.4892653524875641,-0.10244663804769516,0.5784000158309937,0.5789265632629395,-0.14293600618839264,0.5745344758033752,0.6470092535018921,-0.15648457407951355,0.5163912177085876,0.5683190822601318,-0.030014803633093834,0.4865339696407318,0.5096955895423889,-0.11797583103179932,0.4857591986656189,0.6204332113265991,-0.15097978711128235,0.5031862854957581,0.6794990301132202,-0.1541774421930313,0.4244767427444458,0.583254337310791,-0.044459279626607895,0.3906891644001007,0.5227753520011902,-0.13234852254390717,0.4143984615802765,0.6341410279273987,-0.1471618264913559,0.4406832456588745,0.709526538848877,-0.13330210745334625,0.3444650173187256,0.6070653796195984,-0.0636291354894638,0.31031128764152527,0.5063842535018921,-0.10516246408224106,0.2917337715625763,0.445481538772583,-0.11531149595975876,0.2820225656032562,0.3762570917606354,-0.11408282816410065,naraka
0.4758719801902771,0.9826197624206543,-3.799678722771205e-07,0.6414477825164795,0.9156451225280762,-0.07631321251392365,0.7436789274215698,0.7765681743621826,-0.11760330200195312,0.701782763004303,0.6380268335342407,-0.15611746907234192,0.5775333642959595,0.596255362033844,-0.18538163602352142,0.6752023100852966,0.57027268409729,-0.06356683373451233,0.6523147821426392,0.4687354862689972,-0.15035749971866608,0.6407619118690491,0.5591773986816406,-0.20459580421447754,0.6427759528160095,0.6487259864807129,-0.231441468000412,0.5519285202026367,0.5791919231414795,-0.07114269584417343,0.523332953453064,0.4783797264099121,-0.18026548624038696,0.5438746809959412,0.5935328006744385,-0.23169441521167755,0.569744884967804,0.6863459944725037,-0.25103285908699036,0.4363909661769867,0.596356987953186,-0.09295748919248581,0.404924213886261,0.5030739307403564,-0.19814544916152954,0.444907546043396,0.6242779493331909,-0.2340547889471054,0.4838907718658447,0.7257540225982666,-0.23796653747558594,0.33703935146331787,0.6266682147979736,-0.12087825685739517,0.295036256313324,0.4980506896972656,-0.17896528542041779,0.2846917510032654,0.4166702628135681,-0.20836281776428223,0.28629887104034424,0.3325272500514984,-0.22678472101688385,naraka
0.5304697155952454,0.9623740315437317,-7.167661806306569e-07,0.6668712496757507,0.8982266783714294,-0.07512807846069336,0.7555022835731506,0.7816920280456543,-0.11629344522953033,0.7065463662147522,0.6558309197425842,-0.15540485084056854,0.5980042815208435,0.6038783192634583,-0.18321309983730316,0.6873045563697815,0.553189218044281,-0.0510384701192379,0.6726925373077393,0.4723006784915924,-0.12789443135261536,0.6554988622665405,0.5696514844894409,-0.1735089123249054,0.6558014154434204,0.6465617418289185,-0.19318178296089172,0.5756259560585022,0.5598090887069702,-0.05401052534580231,0.5510464310646057,0.4914839565753937,-0.14865820109844208,0.5556650757789612,0.612707257270813,-0.19102104008197784,0.5692631006240845,0.6903020143508911,-0.20290584862232208,0.472269207239151,0.5814580917358398,-0.07047316431999207,0.44088488817214966,0.5142937302589417,-0.1642175316810608,0.4701306223869324,0.6329981088638306,-0.18857748806476593,0.49833518266677856,0.719709575176239,-0.18302108347415924,0.38227584958076477,0.6157711744308472,-0.0926390141248703,0.34354424476623535,0.49993449449539185,-0.1402314454317093,0.33015143871307373,0.4294038414955139,-0.15751512348651886,0.3273659348487854,0.35057562589645386,-0.16376005113124847,naraka
0.44546204805374146,0.9607097506523132,-2.6218353355034196e-07,0.645779013633728,0.8901464939117432,-0.06668435037136078,0.7768334746360779,0.7269662618637085,-0.09622013568878174,0.7634747624397278,0.5799562335014343,-0.11851208657026291,0.6064262390136719,0.5536521673202515,-0.13046491146087646,0.6951732635498047,0.5367399454116821,-0.07395345717668533,0.6895891427993774,0.43562859296798706,-0.14338071644306183,0.6757816076278687,0.5472137331962585,-0.18451900780200958,0.6749987602233887,0.6450282335281372,-0.20844560861587524,0.5734001398086548,0.53550124168396,-0.08173182606697083,0.5658277869224548,0.4331479072570801,-0.17285041511058807,0.5697890520095825,0.5792371034622192,-0.20695242285728455,0.5865312218666077,0.6890409588813782,-0.21730737388134003,0.45001304149627686,0.544098973274231,-0.10131251066923141,0.4307822287082672,0.4581158459186554,-0.19275961816310883,0.4757038354873657,0.596149742603302,-0.22771461308002472,0.5164189338684082,0.7072551250457764,-0.2352290153503418,0.3392108082771301,0.5733920931816101,-0.12492940574884415,0.29739493131637573,0.43221378326416016,-0.18623870611190796,0.28679150342941284,0.33789971470832825,-0.22660185396671295,0.28201788663864136,0.24334564805030823,-0.25470295548439026,naraka
0.32465845346450806,0.9592869281768799,-8.210597570723621e-07,0.44552987813949585,0.8933176398277283,-0.11206433176994324,0.534991979598999,0.7389322519302368,-0.168134868144989,0.47951969504356384,0.6046456098556519,-0.21658818423748016,0.3553867042064667,0.5503585338592529,-0.24385783076286316,0.45826250314712524,0.5216629505157471,-0.07686217874288559,0.4371422827243805,0.413100928068161,-0.1832032948732376,0.42547500133514404,0.5237768292427063,-0.22528837621212006,0.4253343939781189,0.6075854301452637,-0.23025758564472198,0.3243281841278076,0.5221714377403259,-0.0628444030880928,0.30257612466812134,0.4399300813674927,-0.18627245724201202,0.3218749761581421,0.5884087681770325,-0.21249961853027344,0.34245169162750244,0.6425797343254089,-0.19777509570121765,0.20532670617103577,0.5431050062179565,-0.06949864327907562,0.16714322566986084,0.4434058666229248,-0.1882086843252182,0.21432550251483917,0.5907432436943054,-0.18662633001804352,0.2509472370147705,0.682493269443512,-0.14998403191566467,0.10118579864501953,0.577797532081604,-0.08545064926147461,0.05207917094230652,0.44754675030708313,-0.14526790380477905,0.012788504362106323,0.3765559792518616,-0.1530720591545105,-0.027599871158599854,0.29531943798065186,-0.14242222905158997,naraka
0.36007994413375854,0.9196858406066895,-9.22274693948566e-07,0.4823545217514038,0.8539947271347046,-0.08676324784755707,0.5644819736480713,0.7200944423675537,-0.13061541318893433,0.5115393400192261,0.5948299765586853,-0.1711481660604477,0.4093659818172455,0.5381617546081543,-0.1948508769273758,0.49968475103378296,0.5041285157203674,-0.05723026022315025,0.4741828143596649,0.4082212448120117,-0.151024729013443,0.4631600081920624,0.5189471244812012,-0.1961398720741272,0.47107771039009094,0.5955886840820312,-0.2085762619972229,0.3791409432888031,0.5079249739646912,-0.05332416668534279,0.3466293215751648,0.43478620052337646,-0.16265445947647095,0.3582397699356079,0.5656906366348267,-0.19478081166744232,0.38064098358154297,0.6266950964927673,-0.1917123943567276,0.26949945092201233,0.5316275954246521,-0.0663977563381195,0.22794800996780396,0.43986761569976807,-0.171808123588562,0.2646138668060303,0.5694467425346375,-0.17745032906532288,0.3023877441883087,0.6556265354156494,-0.1520901918411255,0.17131906747817993,0.5682830214500427,-0.0868077352643013,0.12934154272079468,0.445006787776947,-0.14244095981121063,0.10927420854568481,0.36588412523269653,-0.15602655708789825,0.09863245487213135,0.27514708042144775,-0.15362869203090668,naraka
0.3904039263725281,0.8616768717765808,-8.779410904935503e-07,0.49060696363449097,0.7919796705245972,-0.06974630057811737,0.5351627469062805,0.6829078793525696,-0.10636390745639801,0.46435782313346863,0.5830786228179932,-0.14148163795471191,0.3696896433830261,0.5423508286476135,-0.16344095766544342,0.49950769543647766,0.508579671382904,-0.047893449664115906,0.47462737560272217,0.4398552477359772,-0.12499349564313889,0.449574738740921,0.5305959582328796,-0.16293063759803772,0.44879257678985596,0.5936645865440369,-0.1742524653673172,0.4008623957633972,0.512283444404602,-0.04553699493408203,0.3625095784664154,0.4653532803058624,-0.13699865341186523,0.3636382222175598,0.575263500213623,-0.1648995727300644,0.3827502727508545,0.6293450593948364,-0.1644393801689148,0.3119088411331177,0.5298380851745605,-0.05702359601855278,0.2687513828277588,0.47684943675994873,-0.14732293784618378,0.2950809895992279,0.5865472555160522,-0.15941882133483887,0.32571661472320557,0.6573110818862915,-0.14365021884441376,0.23561009764671326,0.5562191009521484,-0.0738886222243309,0.19512519240379333,0.4590224027633667,-0.11927788704633713,0.17518079280853271,0.4007139503955841,-0.13160543143749237,0.16359364986419678,0.33281946182250977,-0.13156987726688385,naraka
0.3555390536785126,0.8960057497024536,-8.933825483836699e-07,0.4697980284690857,0.8238329887390137,-0.08477456122636795,0.5349462628364563,0.69978928565979,-0.12884479761123657,0.47876331210136414,0.5845624208450317,-0.17016668617725372,0.38172879815101624,0.5320128202438354,-0.19484944641590118,0.480665922164917,0.4948095679283142,-0.05621961131691933,0.44676458835601807,0.4184674620628357,-0.14288587868213654,0.4319157898426056,0.5283812284469604,-0.18110419809818268,0.4433797597885132,0.5956937670707703,-0.1909121721982956,0.3657935857772827,0.5022339820861816,-0.052549391984939575,0.32901227474212646,0.44234952330589294,-0.15660002827644348,0.33551472425460815,0.570693850517273,-0.18281805515289307,0.3580426275730133,0.6252741813659668,-0.17718634009361267,0.26290708780288696,0.5272716879844666,-0.0652737021446228,0.22195304930210114,0.4551776647567749,-0.16929787397384644,0.2553347051143646,0.578355610370636,-0.17401637136936188,0.29144158959388733,0.6532383561134338,-0.1491057276725769,0.17415305972099304,0.5619174242019653,-0.08489245176315308,0.1348719596862793,0.4511297643184662,-0.1397632360458374,0.1133522093296051,0.3820468783378601,-0.1511782854795456,0.10032647848129272,0.30009227991104126,-0.1476420909166336,naraka
0.49272966384887695,0.9175382852554321,-9.682300969870994e-07,0.6022303104400635,0.841552197933197,-0.07008949667215347,0.6569483280181885,0.7229781150817871,-0.10818874090909958,0.5780039429664612,0.613782525062561,-0.1462475061416626,0.4658829867839813,0.5772713422775269,-0.169794961810112,0.6032186150550842,0.5348984599113464,-0.045622337609529495,0.5816348195075989,0.45169180631637573,-0.12670022249221802,0.5608521699905396,0.5569965243339539,-0.16641275584697723,0.565004825592041,0.6269848346710205,-0.1783352643251419,0.4925890266895294,0.5394723415374756,-0.046630583703517914,0.4596557915210724,0.4813845455646515,-0.14168493449687958,0.4643477201461792,0.6037278175354004,-0.16933146119117737,0.485281765460968,0.6624156832695007,-0.16777931153774261,0.3953116536140442,0.5589919686317444,-0.06216986104846001,0.3561657965183258,0.49621689319610596,-0.15554772317409515,0.3886958360671997,0.6140291094779968,-0.1647927612066269,0.4221460223197937,0.6905187964439392,-0.14621379971504211,0.3133080303668976,0.5879625678062439,-0.08334720134735107,0.27291181683540344,0.48208579421043396,-0.1278945505619049,0.2509136497974396,0.4170726537704468,-0.13724537193775177,0.23717978596687317,0.3435910940170288,-0.13503451645374298,naraka
0.43044498562812805,0.8670976161956787,-8.940032216742111e-07,0.5320509672164917,0.7988377809524536,-0.07879055291414261,0.5801665782928467,0.6894749999046326,-0.12014404684305191,0.5178290009498596,0.5856153964996338,-0.1594443917274475,0.41916370391845703,0.5440922379493713,-0.18379946053028107,0.5392317771911621,0.5116084218025208,-0.0525718629360199,0.5154374837875366,0.4361836910247803,-0.13631853461265564,0.49607864022254944,0.5371671915054321,-0.17620985209941864,0.5007838010787964,0.6006069183349609,-0.18767789006233215,0.43744003772735596,0.5137168765068054,-0.04743991047143936,0.404299259185791,0.4579043686389923,-0.14363694190979004,0.4054333567619324,0.5763549208641052,-0.16833563148975372,0.42423221468925476,0.6281530261039734,-0.1640794277191162,0.34652793407440186,0.5310618281364441,-0.057934001088142395,0.30802053213119507,0.4720534086227417,-0.15196187794208527,0.3347627520561218,0.5833672285079956,-0.1582689881324768,0.3650060296058655,0.6519158482551575,-0.13724449276924133,0.26820915937423706,0.5567433834075928,-0.07498326152563095,0.2310286909341812,0.4575585424900055,-0.12113767862319946,0.21145197749137878,0.3986667990684509,-0.1306753009557724,0.20004767179489136,0.3317878544330597,-0.12768426537513733,naraka
0.5388057231903076,0.9218423962593079,-8.527180739292817e-07,0.6685643196105957,0.8523133993148804,-0.07950861006975174,0.733167827129364,0.725142776966095,-0.12349307537078857,0.6628717184066772,0.610264241695404,-0.16503939032554626,0.5497298836708069,0.5714767575263977,-0.19244982302188873,0.6723554134368896,0.5125000476837158,-0.06725277006626129,0.6529874801635742,0.42658060789108276,-0.1545468270778656,0.6317337155342102,0.5352388024330139,-0.20004603266716003,0.6344788670539856,0.6079481244087219,-0.21792568266391754,0.555302083492279,0.518509030342102,-0.06895177811384201,0.5241027474403381,0.451402485370636,-0.16931895911693573,0.5356709957122803,0.5782147645950317,-0.20092891156673431,0.5602177381515503,0.637424111366272,-0.20534969866275787,0.44795626401901245,0.5406962633132935,-0.08569388836622238,0.41050732135772705,0.4654466211795807,-0.18363596498966217,0.44453996419906616,0.5938721299171448,-0.19511893391609192,0.47890669107437134,0.6734910607337952,-0.18090631067752838,0.3583596646785736,0.5753894448280334,-0.10910234600305557,0.3069900870323181,0.4539732038974762,-0.15892142057418823,0.28788068890571594,0.38381028175354004,-0.17203617095947266,0.2775978744029999,0.2991461455821991,-0.17515791952610016,naraka
0.4605165421962738,0.9675623178482056,-4.182273585229268e-07,0.6521204113960266,0.9059920310974121,-0.08017934858798981,0.7626475095748901,0.7626546025276184,-0.12875956296920776,0.7050976753234863,0.6159294843673706,-0.17307348549365997,0.560554563999176,0.5620519518852234,-0.20671367645263672,0.7090310454368591,0.5461026430130005,-0.08743280917406082,0.6754193305969238,0.42764633893966675,-0.18847119808197021,0.6487259268760681,0.5377211570739746,-0.2456284463405609,0.6512338519096375,0.6334033012390137,-0.27306532859802246,0.5726690888404846,0.5534498691558838,-0.09719280153512955,0.5381378531455994,0.4460218548774719,-0.2176508903503418,0.5346366167068481,0.5880194902420044,-0.2623555362224579,0.5577021837234497,0.6840547323226929,-0.2752154767513275,0.4461183547973633,0.5686588883399963,-0.12207374721765518,0.39772266149520874,0.47494539618492126,-0.23499499261379242,0.4302615523338318,0.6104345917701721,-0.2646495997905731,0.4745834469795227,0.7052507996559143,-0.26336002349853516,0.3386317193508148,0.5988945960998535,-0.15279309451580048,0.2957453429698944,0.4617742598056793,-0.21526291966438293,0.2896714210510254,0.3937607407569885,-0.2411547303199768,0.29828423261642456,0.3159672021865845,-0.25562044978141785,naraka
0.5569943189620972,0.9613857865333557,-8.243839602073422e-07,0.7030282616615295,0.8947403430938721,-0.10061834007501602,0.7877939939498901,0.7472773194313049,-0.15137657523155212,0.7200007438659668,0.6107021570205688,-0.19578294456005096,0.5949299931526184,0.5706427693367004,-0.22206351161003113,0.715843141078949,0.5059822797775269,-0.07562197744846344,0.695422887802124,0.4250849485397339,-0.17441685497760773,0.6743425726890564,0.5507845282554626,-0.22264792025089264,0.6779929399490356,0.6261758208274841,-0.23985159397125244,0.5883510112762451,0.5098456144332886,-0.07137540727853775,0.5569333434104919,0.4467635452747345,-0.18840394914150238,0.5720726847648621,0.5936328172683716,-0.22202841937541962,0.5977528095245361,0.6568864583969116,-0.22134199738502502,0.47069960832595825,0.5365371108055115,-0.0857933908700943,0.43536919355392456,0.4612613320350647,-0.2001371830701828,0.47599250078201294,0.6090890765190125,-0.21230600774288177,0.5123550295829773,0.6981623768806458,-0.1921272724866867,0.37071478366851807,0.5785731077194214,-0.10857664048671722,0.3217456042766571,0.45814305543899536,-0.16901959478855133,0.3045702874660492,0.3817213177680969,-0.18766993284225464,0.2939838171005249,0.28502488136291504,-0.1912599354982376,naraka
0.4472542107105255,0.9538975358009338,-4.513033502462349e-07,0.635979175567627,0.8936735391616821,-0.06468886882066727,0.7504510283470154,0.7584816217422485,-0.10167697072029114,0.7009096741676331,0.6250938177108765,-0.1351366490125656,0.5596783757209778,0.5842399597167969,-0.15999537706375122,0.697435200214386,0.5280936360359192,-0.0736905187368393,0.6563016176223755,0.42376792430877686,-0.16090036928653717,0.6343309879302979,0.5232839584350586,-0.2146405428647995,0.6326549053192139,0.6178629994392395,-0.2412727028131485,0.5619484782218933,0.5337761640548706,-0.08531562983989716,0.5202697515487671,0.43660739064216614,-0.19089609384536743,0.5250369906425476,0.5681306719779968,-0.23499584197998047,0.5495579242706299,0.667864978313446,-0.24993200600147247,0.43715497851371765,0.550369381904602,-0.10889576375484467,0.38198089599609375,0.4695451259613037,-0.20800048112869263,0.4160063862800598,0.5958942770957947,-0.24046005308628082,0.4604682922363281,0.6952000260353088,-0.24381671845912933,0.33110857009887695,0.5837696194648743,-0.13692086935043335,0.2840239703655243,0.4508785903453827,-0.19226910173892975,0.27171459794044495,0.371431440114975,-0.21791279315948486,0.2757434844970703,0.2870289981365204,-0.23330646753311157,naraka
0.6838389039039612,0.8159210681915283,-1.9602052248046675e-07,0.7198014855384827,0.9315569400787354,-0.21292242407798767,0.715883731842041,0.909896731376648,-0.38809120655059814,0.689845860004425,0.7776197195053101,-0.5154396295547485,0.6243272423744202,0.6113552451133728,-0.6496493816375732,0.48114490509033203,0.8627272248268127,-0.5415967106819153,0.37816935777664185,0.7363876104354858,-0.7097107768058777,0.34484463930130005,0.6440942287445068,-0.7970877289772034,0.3498639166355133,0.5872526168823242,-0.8489834070205688,0.4605259597301483,0.7413953542709351,-0.4926711320877075,0.4095470607280731,0.5764400959014893,-0.6452620029449463,0.4201928377151489,0.5387346744537354,-0.6836787462234497,0.43977978825569153,0.5538979768753052,-0.7230323553085327,0.5005142688751221,0.6279612183570862,-0.4394764006137848,0.4977249205112457,0.5054159164428711,-0.5831741094589233,0.5302131175994873,0.5480903387069702,-0.6099272966384888,0.5580024719238281,0.607631504535675,-0.6246257424354553,0.5683166980743408,0.54119873046875,-0.39537301659584045,0.5812451243400574,0.4766547381877899,-0.4862339198589325,0.5938109159469604,0.5325044989585876,-0.499010294675827,0.600533127784729,0.5873068571090698,-0.515021026134491,naraka
0.49913033843040466,0.939139723777771,-2.2835907032003888e-07,0.6899096965789795,0.8798481225967407,-0.06597932428121567,0.8081490993499756,0.7344687581062317,-0.10305935144424438,0.7806113362312317,0.5993841290473938,-0.13512927293777466,0.6363402009010315,0.5669094920158386,-0.1584252417087555,0.7357358336448669,0.528243899345398,-0.07776601612567902,0.7030544281005859,0.4227183163166046,-0.15586213767528534,0.6908047795295715,0.5322703123092651,-0.20323796570301056,0.6958996653556824,0.6225648522377014,-0.22883065044879913,0.6080571413040161,0.536662220954895,-0.08923687040805817,0.5763705372810364,0.42995569109916687,-0.18076010048389435,0.5946421027183533,0.5704154372215271,-0.21485766768455505,0.6246001124382019,0.6676161289215088,-0.22697992622852325,0.48187875747680664,0.5529678463935852,-0.11257945746183395,0.44167962670326233,0.4666404724121094,-0.2035583257675171,0.4862900972366333,0.603861927986145,-0.23003076016902924,0.5332149267196655,0.7046359777450562,-0.23237739503383636,0.37168532609939575,0.58767169713974,-0.14032401144504547,0.32733193039894104,0.45623743534088135,-0.1920004040002823,0.3184434771537781,0.3785925805568695,-0.21515537798404694,0.3170241713523865,0.29156729578971863,-0.23111070692539215,naraka
0.528464138507843,0.9281500577926636,-6.116134727562894e-07,0.42897847294807434,0.8185197710990906,-0.08380810916423798,0.3844216465950012,0.6806570291519165,-0.11559534817934036,0.4486548602581024,0.5575354099273682,-0.14581693708896637,0.5456031560897827,0.4989978075027466,-0.1626625657081604,0.33213183283805847,0.5484327077865601,0.019528929144144058,0.3419620096683502,0.42515724897384644,-0.04051937535405159,0.369890958070755,0.5094335079193115,-0.09191965311765671,0.37794533371925354,0.5925586223602295,-0.11135194450616837,0.43738237023353577,0.5545182824134827,0.04082449525594711,0.4615550637245178,0.41778239607810974,-0.025544337928295135,0.4855077266693115,0.5205458998680115,-0.09157223254442215,0.48578914999961853,0.5960593223571777,-0.12040996551513672,0.5373634099960327,0.5658414959907532,0.047338660806417465,0.5662543177604675,0.45995619893074036,-0.012692083604633808,0.5669854879379272,0.5478110313415527,-0.058404672890901566,0.5452939867973328,0.6287221908569336,-0.0696713924407959,0.6218061447143555,0.5846956968307495,0.047618214040994644,0.6353954672813416,0.46867087483406067,0.03853720426559448,0.6515325307846069,0.39819133281707764,0.02428082376718521,0.6497791409492493,0.34390875697135925,0.01670527271926403,naraka
0.4636152982711792,0.9220505952835083,-5.611354367829335e-07,0.3543040156364441,0.8149939775466919,-0.07439370453357697,0.30942946672439575,0.6796320676803589,-0.10228126496076584,0.3755512535572052,0.5616811513900757,-0.13148947060108185,0.47394323348999023,0.5102607011795044,-0.14802639186382294,0.2741219401359558,0.5621656179428101,0.03433262184262276,0.27141469717025757,0.4363359808921814,-0.030843976885080338,0.3024386763572693,0.5166795253753662,-0.08484216779470444,0.31998419761657715,0.5982204675674438,-0.10425359010696411,0.37610194087028503,0.5669564604759216,0.04924274608492851,0.39299437403678894,0.4291076064109802,-0.02746572531759739,0.4225141108036041,0.5314302444458008,-0.09701775759458542,0.43138012290000916,0.6106808185577393,-0.12358325719833374,0.47047728300094604,0.5749446153640747,0.04866992309689522,0.4964604675769806,0.46716418862342834,-0.020204875618219376,0.5000137090682983,0.5539721250534058,-0.06862391531467438,0.485508531332016,0.6357846260070801,-0.07729049026966095,0.5546152591705322,0.5902668833732605,0.042578741908073425,0.5675849318504333,0.4781613349914551,0.029918622225522995,0.5834863781929016,0.40931370854377747,0.01388087123632431,0.5853369832038879,0.355499267578125,0.00715913949534297,naraka
0.43209928274154663,0.9658626317977905,-6.114723873906769e-07,0.3264882564544678,0.8494692444801331,-0.090333953499794,0.2917580306529999,0.6785828471183777,-0.12331801652908325,0.37149667739868164,0.5441995859146118,-0.15365613996982574,0.4883759617805481,0.513646125793457,-0.16795864701271057,0.266746461391449,0.5463209748268127,0.018147392198443413,0.24368073046207428,0.42037826776504517,-0.051127899438142776,0.26587408781051636,0.5180153250694275,-0.1026562973856926,0.28445863723754883,0.6025320887565613,-0.12110075354576111,0.3757120370864868,0.5562625527381897,0.03674488887190819,0.38061094284057617,0.41428160667419434,-0.05509738624095917,0.3975464701652527,0.5415048599243164,-0.12241683155298233,0.39956092834472656,0.6305007934570312,-0.1422143280506134,0.4771212935447693,0.5726794004440308,0.03862383961677551,0.5042994618415833,0.45584285259246826,-0.04335594177246094,0.5028802752494812,0.5559959411621094,-0.08923035115003586,0.4782794117927551,0.6433534622192383,-0.09222089499235153,0.5675522685050964,0.6025000214576721,0.03382112458348274,0.5772948265075684,0.4783240556716919,0.013831130228936672,0.5920206308364868,0.406978964805603,-0.0020052464678883553,0.5887336730957031,0.34592175483703613,-0.006244152784347534,naraka
0.47073543071746826,0.9462620615959167,-4.259251511484763e-07,0.3545178771018982,0.8296860456466675,-0.0995393618941307,0.31438106298446655,0.6735391616821289,-0.12990133464336395,0.39085593819618225,0.5325924158096313,-0.15804335474967957,0.4987778067588806,0.46971216797828674,-0.17073193192481995,0.25620394945144653,0.5375428795814514,0.050793666392564774,0.25760596990585327,0.40093475580215454,-0.02348840795457363,0.2924804389476776,0.4874688684940338,-0.08792470395565033,0.3145594596862793,0.5693444013595581,-0.10975955426692963,0.3720858693122864,0.5480271577835083,0.07814931124448776,0.3971262574195862,0.3908325731754303,-0.013382665812969208,0.4295657277107239,0.4988926947116852,-0.1025192067027092,0.4400599002838135,0.5814347863197327,-0.13502973318099976,0.48137980699539185,0.5596454739570618,0.08607036620378494,0.5178834795951843,0.4419657289981842,0.004010844510048628,0.5222541689872742,0.5291832685470581,-0.06245316565036774,0.5039012432098389,0.6116753220558167,-0.07591725140810013,0.5759652853012085,0.5765994787216187,0.08739376068115234,0.5906324982643127,0.4470069110393524,0.07637714594602585,0.6080296039581299,0.3661983013153076,0.05696398392319679,0.607844889163971,0.3082280158996582,0.05079367384314537,naraka
0.4570568799972534,0.9526050686836243,-6.365361855387164e-07,0.34668833017349243,0.8447332382202148,-0.08776180446147919,0.3074529767036438,0.6841832399368286,-0.11696134507656097,0.377423495054245,0.5486555695533752,-0.1433696746826172,0.4845340847969055,0.5017067790031433,-0.15488265454769135,0.2666415572166443,0.5509200692176819,0.023309485986828804,0.26099085807800293,0.42151543498039246,-0.04140566289424896,0.2906188368797302,0.5128109455108643,-0.09489389508962631,0.3074117600917816,0.595565140247345,-0.1145060807466507,0.37384092807769775,0.5564314723014832,0.045769255608320236,0.3897123336791992,0.4124322533607483,-0.029005808755755424,0.4156742990016937,0.5254899263381958,-0.0952378585934639,0.41987818479537964,0.6047018766403198,-0.119655080139637,0.47276467084884644,0.5686516165733337,0.05192708596587181,0.5043250918388367,0.4571859836578369,-0.014451312832534313,0.5077271461486816,0.5479212999343872,-0.061022792011499405,0.4864191710948944,0.6307412981987,-0.0692070722579956,0.5626686811447144,0.5922493934631348,0.0513635016977787,0.5753268003463745,0.4652720093727112,0.04067745432257652,0.5921892523765564,0.3906210958957672,0.025782477110624313,0.589988648891449,0.3343084156513214,0.019670063629746437,naraka
0.43427813053131104,0.9999252557754517,-5.693948992302467e-07,0.33684366941452026,0.943018913269043,-0.13706335425376892,0.2967803478240967,0.819647490978241,-0.21963347494602203,0.3584720492362976,0.719839334487915,-0.29126033186912537,0.47955816984176636,0.6777482032775879,-0.3454165458679199,0.3388529419898987,0.6190482974052429,-0.12653565406799316,0.3278266191482544,0.5465784072875977,-0.2170957773923874,0.347403347492218,0.6526742577552795,-0.2557286322116852,0.36300861835479736,0.7231865525245667,-0.269599586725235,0.44242632389068604,0.603436291217804,-0.10535915195941925,0.4493597149848938,0.5429490804672241,-0.22010467946529388,0.46832147240638733,0.6859715580940247,-0.26917198300361633,0.47001636028289795,0.7547887563705444,-0.2833716869354248,0.5340115427970886,0.608066976070404,-0.09991910308599472,0.5563688278198242,0.5304312109947205,-0.20926041901111603,0.5535714030265808,0.6587739586830139,-0.24082684516906738,0.5275774002075195,0.732842206954956,-0.23849481344223022,0.6098917126655579,0.6302216053009033,-0.10423111915588379,0.6425800919532776,0.5142382383346558,-0.16600075364112854,0.674238920211792,0.443063348531723,-0.19514331221580505,0.6875115633010864,0.35503965616226196,-0.20890957117080688,naraka
0.346889853477478,0.9849814176559448,-2.3422109052262385e-07,0.30438047647476196,0.8878628015518188,-0.08723334223031998,0.3027638792991638,0.7410475611686707,-0.139860600233078,0.3827399015426636,0.6357548832893372,-0.19683773815631866,0.5099944472312927,0.6268838047981262,-0.23828579485416412,0.4000483751296997,0.6008181571960449,0.04640217125415802,0.41646915674209595,0.5152456760406494,-0.011435317806899548,0.40947917103767395,0.5329955816268921,-0.053346700966358185,0.42231518030166626,0.5263752341270447,-0.07938843965530396,0.476675808429718,0.6285274028778076,0.041631486266851425,0.4993560314178467,0.4868447780609131,-0.05156038701534271,0.4736132323741913,0.5973629355430603,-0.0967293232679367,0.4604582190513611,0.6731927990913391,-0.10268113762140274,0.5375661253929138,0.6652334332466125,0.013797999359667301,0.5463159084320068,0.5209009051322937,-0.08984139561653137,0.5078597068786621,0.6318376660346985,-0.10459104180335999,0.48702794313430786,0.700391411781311,-0.08447709679603577,0.5893725752830505,0.709641695022583,-0.02264310047030449,0.5994438529014587,0.5738275051116943,-0.08020034432411194,0.595699667930603,0.5738582611083984,-0.08575073629617691,0.5980924367904663,0.5655295252799988,-0.07655049115419388,naraka
0.3789154887199402,1.0071425437927246,-4.861030333813687e-07,0.2697559893131256,0.9409058094024658,-0.14554792642593384,0.23403766751289368,0.8091596961021423,-0.23282761871814728,0.3116505742073059,0.7045537829399109,-0.30700206756591797,0.4531836211681366,0.6672803163528442,-0.36323148012161255,0.2757786214351654,0.5988772511482239,-0.14102235436439514,0.2671594023704529,0.5321353673934937,-0.2385316789150238,0.29157066345214844,0.6428545117378235,-0.28192776441574097,0.31366729736328125,0.7100156545639038,-0.2995601296424866,0.39103564620018005,0.5884099006652832,-0.11822941899299622,0.41136783361434937,0.5241110324859619,-0.24852797389030457,0.4332250952720642,0.6837753653526306,-0.30804604291915894,0.4322715401649475,0.7639989256858826,-0.32585853338241577,0.4948938190937042,0.6014719009399414,-0.11044769734144211,0.5288839936256409,0.5109432935714722,-0.2338816523551941,0.5277248024940491,0.6444792151451111,-0.2741607129573822,0.4970341622829437,0.7243881225585938,-0.2737158536911011,0.5811654925346375,0.6311607360839844,-0.11189328879117966,0.6153437495231628,0.5062238574028015,-0.18176114559173584,0.6437049508094788,0.4313673973083496,-0.21583378314971924,0.6470516324043274,0.33865901827812195,-0.23089107871055603,naraka
0.376190721988678,1.0178565979003906,-7.759798563711229e-07,0.27607041597366333,0.9248533844947815,-0.10794521123170853,0.24327924847602844,0.7767600417137146,-0.17079301178455353,0.3249889016151428,0.6734099984169006,-0.22828055918216705,0.4561774730682373,0.6490351557731628,-0.270618200302124,0.3092050552368164,0.5976805090904236,-0.055810779333114624,0.2941646873950958,0.5250361561775208,-0.1296367347240448,0.2964603304862976,0.6262427568435669,-0.1763225644826889,0.30513012409210205,0.6943615674972534,-0.20010906457901,0.41416096687316895,0.6072608232498169,-0.0466948039829731,0.43436548113822937,0.5084404945373535,-0.14675840735435486,0.44095876812934875,0.6492879986763,-0.20435041189193726,0.4352014660835266,0.7384997606277466,-0.2257658690214157,0.5054460763931274,0.6322037577629089,-0.052732303738594055,0.5358036160469055,0.5166935920715332,-0.14465174078941345,0.5239442586898804,0.6294571161270142,-0.17514929175376892,0.49248194694519043,0.7071367502212524,-0.17484241724014282,0.5790536999702454,0.6770761609077454,-0.06746132671833038,0.6058433055877686,0.5272294282913208,-0.11034031957387924,0.6345912218093872,0.4371263384819031,-0.12756659090518951,0.6477837562561035,0.3423566222190857,-0.1360393911600113,naraka
0.34696298837661743,0.9931825995445251,-8.248921972153767e-07,0.26415377855300903,0.9020032286643982,-0.1034679189324379,0.24274593591690063,0.7679063081741333,-0.16547895967960358,0.3258032202720642,0.6655488610267639,-0.22192470729351044,0.45215222239494324,0.6396143436431885,-0.26151180267333984,0.3145369291305542,0.5797616839408875,-0.05518091097474098,0.29594582319259644,0.5089330673217773,-0.12860603630542755,0.2766472101211548,0.6155980229377747,-0.16789484024047852,0.2719254791736603,0.6856864094734192,-0.18470174074172974,0.41853979229927063,0.5916902422904968,-0.04859839007258415,0.44295865297317505,0.4886499047279358,-0.14913296699523926,0.42865267395973206,0.6337655186653137,-0.19683019816875458,0.41508549451828003,0.7182737588882446,-0.20794782042503357,0.5087096691131592,0.620792806148529,-0.05709901824593544,0.530564546585083,0.5151339769363403,-0.15230204164981842,0.5051034688949585,0.631446897983551,-0.17478516697883606,0.4735095798969269,0.6946538686752319,-0.1664418876171112,0.5791445374488831,0.6649836301803589,-0.07336887717247009,0.6079878211021423,0.5163552165031433,-0.1233719140291214,0.6270833015441895,0.43690937757492065,-0.1367555558681488,0.6361045241355896,0.344788521528244,-0.13877594470977783,naraka
0.3727571368217468,0.9952565431594849,-3.6926380175827944e-07,0.2653810977935791,0.8968315124511719,-0.13698026537895203,0.23524066805839539,0.7466552257537842,-0.21113692224025726,0.33330124616622925,0.6356496810913086,-0.27377891540527344,0.47667479515075684,0.6045699715614319,-0.3197302520275116,0.2864155173301697,0.5478894114494324,-0.07731949537992477,0.28268104791641235,0.4771576523780823,-0.17114055156707764,0.30410659313201904,0.5854703783988953,-0.23197828233242035,0.3213147521018982,0.6574812531471252,-0.2607346773147583,0.3997180163860321,0.5527578592300415,-0.054654013365507126,0.4287613332271576,0.46489158272743225,-0.1714095175266266,0.4523255228996277,0.6089628338813782,-0.24167874455451965,0.4523252546787262,0.6984537839889526,-0.2666562795639038,0.4963209629058838,0.5778422951698303,-0.04994499683380127,0.5274959802627563,0.48346948623657227,-0.15746602416038513,0.5228111147880554,0.6023972034454346,-0.1991981416940689,0.49392110109329224,0.6813673973083496,-0.20017340779304504,0.5706813931465149,0.6201717257499695,-0.05555305629968643,0.5956347584724426,0.4855031967163086,-0.10398897528648376,0.6257562637329102,0.4020191729068756,-0.12566246092319489,0.6362175941467285,0.31377264857292175,-0.13353976607322693,naraka
0.370835542678833,1.0165743827819824,-1.0138238621948403e-06,0.2659868597984314,0.9281717538833618,-0.1180809810757637,0.22554314136505127,0.7763589024543762,-0.1826234757900238,0.3086850345134735,0.6624554395675659,-0.23948580026626587,0.4474174976348877,0.6373441219329834,-0.27583059668540955,0.24278220534324646,0.5652889013290405,-0.06609220057725906,0.25355106592178345,0.5029165744781494,-0.14947617053985596,0.268330454826355,0.6219015121459961,-0.18486447632312775,0.2789672613143921,0.680998682975769,-0.19356779754161835,0.3569311499595642,0.5591608285903931,-0.04741896316409111,0.38401854038238525,0.4972923994064331,-0.15160247683525085,0.3941922187805176,0.6403133273124695,-0.1935000866651535,0.38775962591171265,0.6938459873199463,-0.19962206482887268,0.46304750442504883,0.5766944885253906,-0.046069707721471786,0.5000805854797363,0.49871596693992615,-0.1523793637752533,0.49728065729141235,0.632580041885376,-0.17626115679740906,0.4725685715675354,0.7069589495658875,-0.1640070527791977,0.5559287071228027,0.6066985726356506,-0.052578870207071304,0.5832178592681885,0.48048514127731323,-0.10193607211112976,0.6066007018089294,0.4117429852485657,-0.11651965975761414,0.6125956177711487,0.3297797441482544,-0.11713973432779312,naraka
0.3558281362056732,1.010818600654602,-1.103610316022241e-06,0.23296818137168884,0.9476568698883057,-0.10894923657178879,0.1581134796142578,0.8071913719177246,-0.17510347068309784,0.2154998928308487,0.6867614388465881,-0.23721300065517426,0.3475542664527893,0.6377476453781128,-0.2816251516342163,0.17177386581897736,0.5970016121864319,-0.07020022720098495,0.19151513278484344,0.5199580788612366,-0.15099363029003143,0.2170679122209549,0.635429859161377,-0.18748150765895844,0.23695817589759827,0.6998321413993835,-0.20068418979644775,0.2874149978160858,0.5813801884651184,-0.0564114935696125,0.31811702251434326,0.5020151138305664,-0.16064126789569855,0.33914974331855774,0.6417129635810852,-0.20345059037208557,0.34253135323524475,0.7122045755386353,-0.21175099909305573,0.3958430588245392,0.5878236293792725,-0.0580521859228611,0.431914746761322,0.49023932218551636,-0.15814201533794403,0.4415643513202667,0.618925154209137,-0.18084855377674103,0.43289050459861755,0.7084397077560425,-0.17090804874897003,0.497031569480896,0.613270103931427,-0.06749188154935837,0.5249105095863342,0.491639107465744,-0.11373385041952133,0.542823076248169,0.4203920364379883,-0.13197770714759827,0.5456622242927551,0.34458285570144653,-0.13760268688201904,naraka
0.33289116621017456,1.0145595073699951,-1.1084913467129809e-06,0.2179420292377472,0.94786536693573,-0.11189408600330353,0.15804579854011536,0.8099831938743591,-0.1787448227405548,0.2194083333015442,0.704343855381012,-0.24055449664592743,0.35187575221061707,0.6633297204971313,-0.2851358950138092,0.19125506281852722,0.5940048098564148,-0.06810298562049866,0.19956937432289124,0.5353490114212036,-0.1415966898202896,0.21689817309379578,0.6527318358421326,-0.1779264658689499,0.23149380087852478,0.7172444462776184,-0.19426019489765167,0.30209317803382874,0.58269202709198,-0.05529926344752312,0.3244363069534302,0.5160409212112427,-0.1596824824810028,0.3352451026439667,0.6695333123207092,-0.20940636098384857,0.3287562429904938,0.7483981847763062,-0.22327572107315063,0.40556564927101135,0.593595027923584,-0.05742640793323517,0.43986842036247253,0.503180205821991,-0.1578967571258545,0.4341385066509247,0.6385443210601807,-0.18833692371845245,0.4074299931526184,0.7241180539131165,-0.18510150909423828,0.5009350776672363,0.624749481678009,-0.06741458922624588,0.5309664011001587,0.5111039280891418,-0.11991310119628906,0.5475224256515503,0.4434223175048828,-0.14382869005203247,0.546678900718689,0.35803401470184326,-0.15448398888111115,naraka
0.42071276903152466,0.9744560718536377,-7.161127655308519e-07,0.3294162154197693,0.8927698135375977,-0.11121124029159546,0.28899943828582764,0.7740988731384277,-0.17397528886795044,0.3490331470966339,0.6809128522872925,-0.23051127791404724,0.46235501766204834,0.6465650796890259,-0.27246424555778503,0.3371628224849701,0.6042605042457581,-0.05935933440923691,0.32933956384658813,0.533133327960968,-0.1347249150276184,0.3331301510334015,0.6303905248641968,-0.17877092957496643,0.3427605628967285,0.6954168677330017,-0.19928811490535736,0.4307596981525421,0.6032810211181641,-0.04362640902400017,0.44411635398864746,0.5182803869247437,-0.14401142299175262,0.44522494077682495,0.6438043117523193,-0.1991736888885498,0.43898239731788635,0.717739999294281,-0.21917963027954102,0.5117275714874268,0.6109890937805176,-0.04415425285696983,0.5358610153198242,0.5164381265640259,-0.13971994817256927,0.520616352558136,0.622556746006012,-0.17600522935390472,0.49265527725219727,0.6960229277610779,-0.17939645051956177,0.5796469449996948,0.6311574578285217,-0.053128767758607864,0.6005357503890991,0.5214700698852539,-0.1038280725479126,0.6190980672836304,0.451597660779953,-0.13251449167728424,0.6291975378990173,0.37419867515563965,-0.14862887561321259,naraka
0.3932216763496399,1.0039982795715332,-6.921767408130108e-07,0.29600295424461365,0.9417634010314941,-0.11110710352659225,0.24428808689117432,0.8130824565887451,-0.17736771702766418,0.29741793870925903,0.7046538591384888,-0.23803824186325073,0.4203219711780548,0.6644635200500488,-0.28311941027641296,0.26733148097991943,0.6220947504043579,-0.07122528553009033,0.25667089223861694,0.550596296787262,-0.147952139377594,0.28288257122039795,0.6518330574035645,-0.18785740435123444,0.3053686320781708,0.7148520946502686,-0.2066372185945511,0.3694315552711487,0.6038890480995178,-0.0586768314242363,0.3809141516685486,0.5333074927330017,-0.16277647018432617,0.4085613787174225,0.6710564494132996,-0.21603460609912872,0.4160209894180298,0.7429571151733398,-0.23450422286987305,0.46070224046707153,0.6066336631774902,-0.061193350702524185,0.48859745264053345,0.5196910500526428,-0.16323089599609375,0.49343401193618774,0.6411396265029907,-0.19907595217227936,0.4747657775878906,0.7176949381828308,-0.20105944573879242,0.5407830476760864,0.631235659122467,-0.07150010764598846,0.5681578516960144,0.5268533825874329,-0.12891799211502075,0.5899665355682373,0.46079951524734497,-0.15806132555007935,0.5950663089752197,0.378511518239975,-0.17318251729011536,naraka
0.4117829203605652,0.9974077939987183,-6.458483881033317e-07,0.3462202250957489,0.8963107466697693,-0.08688553422689438,0.3310840427875519,0.7669580578804016,-0.13211441040039062,0.41998541355133057,0.6734563112258911,-0.17283794283866882,0.5413839817047119,0.6481331586837769,-0.19895240664482117,0.4047210216522217,0.6206817626953125,-0.017088167369365692,0.39803415536880493,0.5444170236587524,-0.07708392292261124,0.38099634647369385,0.608211874961853,-0.10960239917039871,0.37685146927833557,0.6619927883148193,-0.12458857148885727,0.5032467842102051,0.6438103914260864,-0.008299685083329678,0.5467302799224854,0.5158637166023254,-0.09200295805931091,0.516289472579956,0.6111363768577576,-0.13051728904247284,0.49261248111724854,0.6896722316741943,-0.13581092655658722,0.5819047093391418,0.6793017983436584,-0.014762282371520996,0.6048852801322937,0.5512186288833618,-0.100459985435009,0.5613880157470703,0.630853533744812,-0.11849097907543182,0.5296858549118042,0.693135142326355,-0.10696182399988174,0.6416917443275452,0.7304807901382446,-0.027588846161961555,0.6524681448936462,0.6008994579315186,-0.07618184387683868,0.629308819770813,0.5822492837905884,-0.08531641960144043,0.6128838062286377,0.568385124206543,-0.081318199634552,naraka
0.38384899497032166,0.9513159990310669,-9.110925702771056e-07,0.32119008898735046,0.9331514239311218,-0.13007038831710815,0.32003161311149597,0.8336271047592163,-0.21602614223957062,0.40727782249450684,0.6974136233329773,-0.28223884105682373,0.5359972715377808,0.6424803137779236,-0.33247143030166626,0.4166420102119446,0.9029769897460938,-0.16494303941726685,0.36323994398117065,0.6705159544944763,-0.2550050914287567,0.33449631929397583,0.6472517251968384,-0.29100677371025085,0.3824627101421356,0.6623752117156982,-0.3113243877887726,0.485586941242218,0.8630294799804688,-0.14685140550136566,0.4962921738624573,0.5613328814506531,-0.261548787355423,0.4270018935203552,0.5929538607597351,-0.2829449474811554,0.40929824113845825,0.6756861209869385,-0.28210943937301636,0.5444730520248413,0.8010861873626709,-0.14111913740634918,0.5474585294723511,0.533968448638916,-0.25406476855278015,0.4794032573699951,0.5865179896354675,-0.243419349193573,0.4639463424682617,0.6735062599182129,-0.2157459408044815,0.5968944430351257,0.7314894199371338,-0.1445484459400177,0.6403059959411621,0.5274457335472107,-0.21972641348838806,0.646190345287323,0.4470851421356201,-0.22325696051120758,0.6678614020347595,0.4041578471660614,-0.2160068303346634,naraka
0.4387403130531311,0.9767733812332153,-4.2998721028197906e-07,0.3728111982345581,0.8828096985816956,-0.11715490370988846,0.34974390268325806,0.7629088163375854,-0.17444248497486115,0.41794663667678833,0.6770521998405457,-0.22403332591056824,0.5253900289535522,0.6510863900184631,-0.2577565014362335,0.4226067066192627,0.5995587110519409,-0.020701952278614044,0.43196535110473633,0.5399978160858154,-0.08091196417808533,0.41102856397628784,0.626349687576294,-0.12185950577259064,0.39455172419548035,0.6889719367027283,-0.13798333704471588,0.5049593448638916,0.6226751804351807,0.0046244096010923386,0.5474534034729004,0.5230035781860352,-0.08338559418916702,0.523571789264679,0.6334091424942017,-0.14578254520893097,0.5008617043495178,0.7063727378845215,-0.16623222827911377,0.5766023993492126,0.6484753489494324,0.012694302015006542,0.6023831367492676,0.5529879331588745,-0.0685134157538414,0.5748903155326843,0.6429523825645447,-0.10979967564344406,0.5359348654747009,0.7037651538848877,-0.11276690661907196,0.632860541343689,0.6851088404655457,0.01203895453363657,0.6644628047943115,0.5592597723007202,-0.015463337302207947,0.6828435659408569,0.48549604415893555,-0.031151365488767624,0.6847470998764038,0.41208967566490173,-0.0364016592502594,naraka
0.3357347249984741,1.0446380376815796,-1.1708445413205482e-07,0.24639099836349487,0.9378403425216675,-0.08601941913366318,0.23564481735229492,0.7638521790504456,-0.13728560507297516,0.3284326195716858,0.6522166728973389,-0.18779034912586212,0.4640898108482361,0.6247363686561584,-0.22709022462368011,0.3540731370449066,0.5920511484146118,-0.007118705660104752,0.41527798771858215,0.4948664903640747,-0.05642278864979744,0.4479289650917053,0.4753322899341583,-0.08767630159854889,0.48283445835113525,0.44563955068588257,-0.11368190497159958,0.42780041694641113,0.6178408265113831,-0.010595946572721004,0.47613590955734253,0.48054632544517517,-0.10296458750963211,0.4622041881084442,0.5996817946434021,-0.136489138007164,0.44299355149269104,0.6790539026260376,-0.13714784383773804,0.47864818572998047,0.6678998470306396,-0.030356349423527718,0.5022979974746704,0.5319202542304993,-0.12943793833255768,0.48119568824768066,0.6438007950782776,-0.13009072840213776,0.46132904291152954,0.706058144569397,-0.10677510499954224,0.5135385990142822,0.7348214387893677,-0.05742739513516426,0.5380063652992249,0.616641104221344,-0.12020625174045563,0.5422484278678894,0.6401948928833008,-0.12148597091436386,0.543577253818512,0.6478019952774048,-0.11187060922384262,naraka
0.3810703456401825,1.0067235231399536,-7.819328970981587e-07,0.2835462689399719,0.9095020294189453,-0.10234370827674866,0.26321014761924744,0.7619816064834595,-0.15673404932022095,0.35512733459472656,0.6571640372276306,-0.20508405566215515,0.48742881417274475,0.6328057646751404,-0.23783865571022034,0.3193289041519165,0.5834730863571167,-0.03680764511227608,0.314928263425827,0.5224500298500061,-0.10830273479223251,0.3122172951698303,0.6162490844726562,-0.15412816405296326,0.3137829899787903,0.6727014183998108,-0.17594511806964874,0.4229046702384949,0.5971488356590271,-0.025724466890096664,0.4536687731742859,0.49594271183013916,-0.12448034435510635,0.4496654272079468,0.6304971575737,-0.18138983845710754,0.4401372969150543,0.7136411666870117,-0.19840103387832642,0.5155954360961914,0.6267551183700562,-0.02968529239296913,0.5474997758865356,0.5159510374069214,-0.12386307120323181,0.5228335857391357,0.6159660220146179,-0.15537261962890625,0.48721185326576233,0.6800180673599243,-0.15167155861854553,0.5921462774276733,0.671497642993927,-0.040970880538225174,0.6193665266036987,0.5318096876144409,-0.08626312762498856,0.640015721321106,0.4494083523750305,-0.10165872424840927,0.6479767560958862,0.36275961995124817,-0.10508269816637039,naraka
0.20897580683231354,1.0475354194641113,-6.455215952883009e-07,0.05949641764163971,0.9830306768417358,-0.10844332724809647,-0.017929822206497192,0.8290125131607056,-0.18234489858150482,0.05575014650821686,0.7112581729888916,-0.24758152663707733,0.23982667922973633,0.6589202880859375,-0.29193153977394104,0.029555633664131165,0.6373026371002197,-0.11787733435630798,0.014416590332984924,0.5562065839767456,-0.22533279657363892,0.050509676337242126,0.6622432470321655,-0.2691899836063385,0.06537474691867828,0.7336584329605103,-0.28680041432380676,0.1495901346206665,0.612364649772644,-0.10942260175943375,0.1609889268875122,0.5243165493011475,-0.2354556769132614,0.16892483830451965,0.6498121619224548,-0.26626285910606384,0.15518926084041595,0.7084329724311829,-0.2662179172039032,0.27428245544433594,0.6280238628387451,-0.11630480736494064,0.29336294531822205,0.5033179521560669,-0.22479821741580963,0.2866801619529724,0.6392331123352051,-0.2003629058599472,0.2675652503967285,0.7344072461128235,-0.158321812748909,0.39807820320129395,0.6685261726379395,-0.13436585664749146,0.44800594449043274,0.5325482487678528,-0.20920352637767792,0.47522592544555664,0.4423680901527405,-0.22011685371398926,0.4877619445323944,0.34485626220703125,-0.21289679408073425,naraka
0.39371582865715027,1.0233020782470703,-9.439974633096426e-07,0.3004038333892822,0.9360753297805786,-0.10058965533971786,0.24769684672355652,0.7945632338523865,-0.1610681265592575,0.3010903000831604,0.6796442270278931,-0.22017322480678558,0.4225046932697296,0.6491011381149292,-0.2635219097137451,0.2734038829803467,0.6130002737045288,-0.03978901356458664,0.29036378860473633,0.5291007161140442,-0.11650844663381577,0.2945496737957001,0.6358562707901001,-0.1574167013168335,0.30060672760009766,0.701548159122467,-0.17307406663894653,0.37456509470939636,0.6128399968147278,-0.02926952950656414,0.4005901515483856,0.5187526941299438,-0.12241709232330322,0.401059627532959,0.6422068476676941,-0.16946658492088318,0.3950675427913666,0.7036121487617493,-0.18347546458244324,0.4683188796043396,0.6290392279624939,-0.035296663641929626,0.5051449537277222,0.5305614471435547,-0.12788479030132294,0.4867209196090698,0.6471697688102722,-0.15370802581310272,0.45605766773223877,0.7237130403518677,-0.1468779593706131,0.5525564551353455,0.6596014499664307,-0.04889899492263794,0.5890849232673645,0.5369709134101868,-0.08938716351985931,0.6183326244354248,0.4640747606754303,-0.10495495051145554,0.6340450048446655,0.3851945400238037,-0.1098560243844986,naraka
0.4175298810005188,1.037837266921997,-4.922246148453269e-07,0.5094262361526489,0.9796894788742065,-0.07064072787761688,0.5526472330093384,0.8813297748565674,-0.10964926332235336,0.5385013222694397,0.7757307887077332,-0.14839684963226318,0.494904488325119,0.6944705247879028,-0.17753122746944427,0.5564420819282532,0.7161862254142761,-0.029628023505210876,0.5684122443199158,0.6108999252319336,-0.10509286820888519,0.5473371148109436,0.6560770869255066,-0.15618178248405457,0.5326681733131409,0.7292153835296631,-0.17643336951732635,0.46468377113342285,0.7064506411552429,-0.027412049472332,0.4523807168006897,0.5963006019592285,-0.11524292826652527,0.45055848360061646,0.6621776819229126,-0.16783040761947632,0.46357303857803345,0.7204960584640503,-0.18681985139846802,0.37790200114250183,0.7127014398574829,-0.039659395813941956,0.3587057292461395,0.6345318555831909,-0.1227446123957634,0.3879122734069824,0.7274866700172424,-0.15941953659057617,0.41497111320495605,0.816718578338623,-0.1643793135881424,0.30076801776885986,0.7355903387069702,-0.05760744959115982,0.2716338336467743,0.6348726749420166,-0.10007429122924805,0.25554370880126953,0.5605154037475586,-0.12612619996070862,0.24919816851615906,0.4929862916469574,-0.14022400975227356,naraka
0.459348201751709,1.0281481742858887,-5.1300968806344827e-08,0.5668619871139526,0.9766570329666138,-0.09795516729354858,0.6142135858535767,0.8757956624031067,-0.15444964170455933,0.5935425758361816,0.7709195613861084,-0.21039697527885437,0.5415627360343933,0.6860451698303223,-0.255269318819046,0.6188917756080627,0.6980971693992615,-0.036227867007255554,0.6242029666900635,0.6085192561149597,-0.14019323885440826,0.6053425669670105,0.6490313410758972,-0.20911648869514465,0.5913245677947998,0.7205473184585571,-0.23759806156158447,0.5154816508293152,0.6945474743843079,-0.034028127789497375,0.5060266256332397,0.5931330323219299,-0.16299888491630554,0.502891480922699,0.6622161269187927,-0.24077679216861725,0.5181774497032166,0.7149547338485718,-0.26732948422431946,0.4193326234817505,0.7014002799987793,-0.05227334052324295,0.39708369970321655,0.6367099285125732,-0.1778467744588852,0.42865827679634094,0.7345521450042725,-0.2385970652103424,0.45810139179229736,0.82439786195755,-0.24792425334453583,0.33650895953178406,0.7211996912956238,-0.07763279229402542,0.3101597726345062,0.6222946643829346,-0.14603042602539062,0.2972002923488617,0.5464600324630737,-0.18805930018424988,0.29474499821662903,0.47846338152885437,-0.2086000144481659,naraka
0.37400999665260315,1.049576759338379,-1.1353433393423984e-07,0.5100133419036865,1.0112462043762207,-0.09914063662290573,0.5774530172348022,0.9124462008476257,-0.15836293995380402,0.5630400776863098,0.8066258430480957,-0.21463942527770996,0.5007263422012329,0.728936493396759,-0.2607913017272949,0.5858690738677979,0.7371859550476074,-0.06895410269498825,0.5890342593193054,0.6235895156860352,-0.18087249994277954,0.5663378238677979,0.6821334958076477,-0.2549571096897125,0.5481650829315186,0.7588062286376953,-0.2877161502838135,0.47567272186279297,0.7295560836791992,-0.06883180141448975,0.4643872082233429,0.6260559558868408,-0.20859050750732422,0.46382007002830505,0.7039105296134949,-0.2899467349052429,0.47313761711120605,0.7705087661743164,-0.3215997815132141,0.37448862195014954,0.7311945557594299,-0.08750369399785995,0.3504050374031067,0.6633489727973938,-0.22383292019367218,0.38013315200805664,0.7633074522018433,-0.2928420305252075,0.4067498743534088,0.8560505509376526,-0.30892959237098694,0.289087176322937,0.7425540685653687,-0.1122283935546875,0.2614806890487671,0.639435887336731,-0.19236604869365692,0.25117701292037964,0.561799168586731,-0.24068468809127808,0.24771958589553833,0.4920594096183777,-0.265872985124588,naraka
0.4732987880706787,1.0423574447631836,-6.83406256030139e-07,0.5637467503547668,1.0067505836486816,-0.08995430916547775,0.611140787601471,0.9105759263038635,-0.1330815851688385,0.579154372215271,0.7932906746864319,-0.1717899888753891,0.5147588849067688,0.7222349643707275,-0.1961246132850647,0.6368297338485718,0.7534470558166504,-0.03398745879530907,0.6239294409751892,0.6706346869468689,-0.11395923793315887,0.5897279977798462,0.7483500242233276,-0.1565607488155365,0.5820683240890503,0.8223129510879517,-0.1668127328157425,0.5383205413818359,0.74286949634552,-0.01962846890091896,0.5061883926391602,0.6666795015335083,-0.12110541015863419,0.4893021881580353,0.7727105021476746,-0.1611299365758896,0.49574989080429077,0.8352404832839966,-0.1593356877565384,0.45046669244766235,0.7463913559913635,-0.022533200681209564,0.4141247272491455,0.6888017654418945,-0.11867616325616837,0.4270077347755432,0.795773446559906,-0.14026251435279846,0.4448278546333313,0.8780934810638428,-0.1230681762099266,0.377850741147995,0.7618681788444519,-0.03219689056277275,0.3558739125728607,0.668445885181427,-0.07632295787334442,0.3395465016365051,0.607856035232544,-0.09081580489873886,0.3298102021217346,0.5493850708007812,-0.08817055821418762,naraka
0.5051965117454529,1.0494182109832764,-9.223186907547642e-07,0.5935197472572327,1.0177438259124756,-0.06555120646953583,0.6389724016189575,0.9357415437698364,-0.10195308923721313,0.600973904132843,0.8332063555717468,-0.13702206313610077,0.5420675277709961,0.7664417028427124,-0.16024881601333618,0.6567490100860596,0.7954514026641846,-0.04723195731639862,0.6478782892227173,0.706329882144928,-0.1186007708311081,0.6192994117736816,0.781550407409668,-0.15076760947704315,0.6120432615280151,0.853035032749176,-0.15595142543315887,0.5633642077445984,0.7830772399902344,-0.04263376444578171,0.5392313003540039,0.7071471810340881,-0.13205495476722717,0.521698534488678,0.8149369955062866,-0.1599791795015335,0.5244260430335999,0.883259117603302,-0.1542457938194275,0.48153653740882874,0.7836476564407349,-0.049759481102228165,0.4523773789405823,0.7216979265213013,-0.1326112300157547,0.45677196979522705,0.8254850506782532,-0.14009851217269897,0.469865083694458,0.9048233032226562,-0.11835452914237976,0.41066819429397583,0.7946067452430725,-0.06141382455825806,0.3936215043067932,0.7047446966171265,-0.09822435677051544,0.3823821544647217,0.6481486558914185,-0.10300986468791962,0.37895292043685913,0.5938727259635925,-0.09536751359701157,naraka
0.410780131816864,1.012800931930542,-1.0856566490247133e-07,0.4837186336517334,0.9761353135108948,-0.136945441365242,0.5134089589118958,0.8742989301681519,-0.19958825409412384,0.4853156507015228,0.7712534070014954,-0.25031396746635437,0.43662935495376587,0.6830826997756958,-0.2863963842391968,0.5795742273330688,0.7319201231002808,-0.029604732990264893,0.5543791651725769,0.6490182280540466,-0.10731740295886993,0.5237365365028381,0.7174426317214966,-0.15867750346660614,0.509587287902832,0.7852117419242859,-0.1718868464231491,0.4856812059879303,0.7270408272743225,0.009448863565921783,0.44840145111083984,0.637117862701416,-0.09675610065460205,0.42310476303100586,0.7474793791770935,-0.16147692501544952,0.42372798919677734,0.8155443668365479,-0.16932232677936554,0.40647292137145996,0.7234796285629272,0.02635442465543747,0.36626386642456055,0.6726377606391907,-0.07148020714521408,0.36741840839385986,0.7669575810432434,-0.12601597607135773,0.37884193658828735,0.8328781723976135,-0.1262967586517334,0.346402108669281,0.722342848777771,0.03404814377427101,0.32507580518722534,0.6358006000518799,0.00022687784803565592,0.30654793977737427,0.5839800834655762,-0.02299794740974903,0.2974856495857239,0.5356289148330688,-0.02651740424335003,naraka
0.45042869448661804,1.0425856113433838,-5.65881862257811e-07,0.5403333902359009,1.0015192031860352,-0.09116183966398239,0.5870155692100525,0.9039842486381531,-0.13754494488239288,0.5531406402587891,0.7901698350906372,-0.17908012866973877,0.49165114760398865,0.710356593132019,-0.20878024399280548,0.6259845495223999,0.7422242164611816,-0.044979967176914215,0.6072445511817932,0.6599328517913818,-0.11998104304075241,0.5770772695541382,0.7325069308280945,-0.16810084879398346,0.5678266286849976,0.8004798889160156,-0.1879468709230423,0.5293351411819458,0.7308433651924133,-0.03439301997423172,0.49314823746681213,0.6511754989624023,-0.13257861137390137,0.4768483340740204,0.7549988627433777,-0.18578165769577026,0.4810117781162262,0.8212143182754517,-0.1999342441558838,0.4414694309234619,0.7343629598617554,-0.03949447348713875,0.3981809914112091,0.6716979742050171,-0.13521285355091095,0.4076663851737976,0.7722579836845398,-0.1754382997751236,0.42167314887046814,0.8489315509796143,-0.17690841853618622,0.3683399558067322,0.7511506676673889,-0.050717856734991074,0.3417547643184662,0.6555959582328796,-0.09927035868167877,0.3238022029399872,0.5940841436386108,-0.12439630925655365,0.3139013946056366,0.5323967337608337,-0.1338888704776764,naraka
0.48858290910720825,1.0474379062652588,-8.496062946505845e-07,0.5856838226318359,0.9763307571411133,-0.08145667612552643,0.6222924590110779,0.854066014289856,-0.11657878011465073,0.5832290649414062,0.7219856381416321,-0.148773193359375,0.5167478919029236,0.6491514444351196,-0.16466741263866425,0.6409057974815369,0.699021577835083,-0.011206812225282192,0.6301234364509583,0.5968430638313293,-0.0780588686466217,0.5991103649139404,0.6855481863021851,-0.11558256298303604,0.5968496799468994,0.7572177052497864,-0.1251310259103775,0.5388409495353699,0.689289927482605,0.002087728353217244,0.5136895179748535,0.5983021855354309,-0.07824655622243881,0.49875739216804504,0.7242042422294617,-0.11222010105848312,0.5102497935295105,0.7763276100158691,-0.11162509769201279,0.4470587968826294,0.6965992450714111,-0.0015042207669466734,0.4138007164001465,0.6160348653793335,-0.07941039651632309,0.4294908046722412,0.7379970550537109,-0.09765693545341492,0.4473382234573364,0.8265424370765686,-0.08371444791555405,0.3683916926383972,0.719264030456543,-0.011795591562986374,0.33857646584510803,0.6123099327087402,-0.042364999651908875,0.3120836317539215,0.5466511249542236,-0.053193897008895874,0.29077789187431335,0.48549801111221313,-0.0517226979136467,naraka
0.48120537400245667,1.0387930870056152,-4.832531885767821e-07,0.5801545977592468,0.9956909418106079,-0.09205559641122818,0.6332440376281738,0.891532838344574,-0.14346295595169067,0.596788763999939,0.7721152305603027,-0.19199831783771515,0.5290940403938293,0.6957975625991821,-0.22911053895950317,0.6390014290809631,0.7063936591148376,-0.04830823093652725,0.6331911087036133,0.624000072479248,-0.13689009845256805,0.6107248067855835,0.6933547854423523,-0.1894688755273819,0.6003614068031311,0.7712231278419495,-0.20835977792739868,0.5317856073379517,0.699996829032898,-0.042343635112047195,0.5071017742156982,0.6237059831619263,-0.15509818494319916,0.5023883581161499,0.7173206210136414,-0.21136602759361267,0.507560133934021,0.7794970273971558,-0.22338181734085083,0.43529778718948364,0.7104212641716003,-0.05309048667550087,0.402765691280365,0.6490059494972229,-0.16235128045082092,0.42437219619750977,0.7646782398223877,-0.1960841715335846,0.4436146914958954,0.8594702482223511,-0.18810948729515076,0.35378897190093994,0.7360693216323853,-0.07046885788440704,0.3210258185863495,0.63974928855896,-0.12752403318881989,0.3010583519935608,0.5745309591293335,-0.150436669588089,0.2892812490463257,0.5077143907546997,-0.15529869496822357,naraka
0.5108642578125,1.048206090927124,-5.89797082284349e-07,0.6118752956390381,1.0012568235397339,-0.07750535011291504,0.6657604575157166,0.8978981375694275,-0.1239120215177536,0.6408000588417053,0.7851226925849915,-0.17042768001556396,0.590296745300293,0.6982684135437012,-0.20783904194831848,0.6763150691986084,0.7120841145515442,-0.05083981901407242,0.6644549369812012,0.6233294606208801,-0.14340892434120178,0.634704053401947,0.6897324323654175,-0.2033020704984665,0.6189996004104614,0.7743224501609802,-0.228392094373703,0.5668362975120544,0.704371452331543,-0.05354940518736839,0.533407986164093,0.6232557892799377,-0.1660209745168686,0.5306506156921387,0.7171627879142761,-0.22664842009544373,0.5417895317077637,0.7907875776290894,-0.24632374942302704,0.46568310260772705,0.7160872220993042,-0.07113374769687653,0.43130970001220703,0.6500720977783203,-0.18011876940727234,0.4534408450126648,0.7675029635429382,-0.21822142601013184,0.4780959486961365,0.8683470487594604,-0.21757222712039948,0.3793739974498749,0.745710015296936,-0.09392514824867249,0.3418547511100769,0.6445574164390564,-0.15461596846580505,0.31962209939956665,0.5774267911911011,-0.1811228096485138,0.31029239296913147,0.5117707252502441,-0.1908843219280243,naraka
0.49108263850212097,1.0512408018112183,-4.1429964880990156e-07,0.6036958694458008,1.0017199516296387,-0.09816499054431915,0.6628956198692322,0.8938357830047607,-0.15514901280403137,0.6435442566871643,0.7740088105201721,-0.21006466448307037,0.5886627435684204,0.6851419806480408,-0.2545106112957001,0.6851487159729004,0.7014005780220032,-0.050038471817970276,0.6630335450172424,0.6152562499046326,-0.1513402760028839,0.6342210173606873,0.6854767799377441,-0.2169649600982666,0.618541955947876,0.7702786326408386,-0.2443772703409195,0.5723837614059448,0.6954602599143982,-0.04662557691335678,0.5285073518753052,0.6224296689033508,-0.17823682725429535,0.5224971771240234,0.7381793260574341,-0.24992045760154724,0.532676100730896,0.8239187002182007,-0.270917683839798,0.46518370509147644,0.7068936824798584,-0.06175536289811134,0.4237021505832672,0.6524118185043335,-0.1917395442724228,0.446495920419693,0.7719772458076477,-0.24411800503730774,0.4689183831214905,0.8713521361351013,-0.24646715819835663,0.37453484535217285,0.7370755672454834,-0.08299396187067032,0.3411423861980438,0.6374136805534363,-0.1604377031326294,0.31959548592567444,0.5652302503585815,-0.19832919538021088,0.3057956397533417,0.49546724557876587,-0.21192653477191925,naraka
0.5265560746192932,1.0410168170928955,-4.0836945913724776e-07,0.6662756204605103,0.9798850417137146,-0.0632997378706932,0.732416033744812,0.87332683801651,-0.10287495702505112,0.7255690693855286,0.7626528739929199,-0.14481505751609802,0.6925126314163208,0.6773506999015808,-0.17927229404449463,0.7372069358825684,0.7215663194656372,-0.036977749317884445,0.7199139595031738,0.601779580116272,-0.12717390060424805,0.6928746700286865,0.6552194356918335,-0.18855910003185272,0.6744892001152039,0.7360097169876099,-0.21644844114780426,0.6319998502731323,0.7161192297935486,-0.046367160975933075,0.5954083800315857,0.610826849937439,-0.16160553693771362,0.5923798680305481,0.7028125524520874,-0.22503335773944855,0.6017765402793884,0.7932577133178711,-0.24813312292099,0.5308880805969238,0.7233619093894958,-0.07045549154281616,0.49941813945770264,0.6420719623565674,-0.18625037372112274,0.5211150646209717,0.7536941766738892,-0.23250466585159302,0.5444158911705017,0.8597561120986938,-0.23801030218601227,0.4401775598526001,0.7472794651985168,-0.09807173162698746,0.4025064706802368,0.639979362487793,-0.17257918417453766,0.38697609305381775,0.5654501914978027,-0.20887333154678345,0.38259270787239075,0.5018684267997742,-0.22499389946460724,naraka
0.4178844690322876,0.966700553894043,2.79403536751488e-07,0.35689273476600647,0.8456050157546997,-0.1871693879365921,0.3269405961036682,0.7324897646903992,-0.34304773807525635,0.29973894357681274,0.6332650780677795,-0.4633036255836487,0.2719807028770447,0.5502704381942749,-0.5825110673904419,0.5256541967391968,0.7790000438690186,-0.4381732642650604,0.5373935103416443,0.6991111040115356,-0.6088646650314331,0.49909117817878723,0.7050380706787109,-0.6882394552230835,0.4809282422065735,0.7169268727302551,-0.730283796787262,0.587648332118988,0.8565762639045715,-0.400677353143692,0.6379059553146362,0.758421778678894,-0.6017646193504333,0.5600451827049255,0.7682192325592041,-0.6663379073143005,0.5111081004142761,0.7932743430137634,-0.6928070783615112,0.6303421854972839,0.9256517887115479,-0.3618927001953125,0.6432501673698425,0.8476046323776245,-0.5243240594863892,0.5715840458869934,0.8496763706207275,-0.5557032227516174,0.5247551798820496,0.8601946830749512,-0.5592614412307739,0.6604621410369873,0.9745375514030457,-0.3315451443195343,0.6823069453239441,0.9139055013656616,-0.44755637645721436,0.6293427348136902,0.903743326663971,-0.4821905493736267,0.5939446687698364,0.9145216345787048,-0.4969792366027832,naraka
0.4629451036453247,1.0183448791503906,2.9798224332466816e-08,0.567828893661499,1.010786533355713,-0.1516888439655304,0.6214577555656433,0.9262236952781677,-0.24407513439655304,0.5747610330581665,0.8193430304527283,-0.3222961723804474,0.4860195219516754,0.7482379674911499,-0.38981372117996216,0.6483239531517029,0.7428602576255798,-0.15036769211292267,0.6352207064628601,0.6731252074241638,-0.28773394227027893,0.6156850457191467,0.7412045001983643,-0.3652334213256836,0.6062325835227966,0.8100900650024414,-0.3980429768562317,0.53374183177948,0.7294889688491821,-0.12791627645492554,0.5033278465270996,0.6633403301239014,-0.29887184500694275,0.48226234316825867,0.7859727740287781,-0.37514591217041016,0.4788474142551422,0.8602734804153442,-0.39272359013557434,0.4312959313392639,0.7285391092300415,-0.12655331194400787,0.39221876859664917,0.6900668740272522,-0.28884634375572205,0.40093663334846497,0.8150722980499268,-0.3435221016407013,0.411866158246994,0.9034589529037476,-0.340545117855072,0.3465745449066162,0.738670289516449,-0.134431853890419,0.3177429437637329,0.6552196741104126,-0.2314092218875885,0.2965463399887085,0.6017337441444397,-0.27841177582740784,0.28307202458381653,0.5357374548912048,-0.2969205975532532,naraka
0.4504125714302063,1.0270793437957764,-3.335956648697902e-07,0.5343723297119141,1.0001088380813599,-0.13946139812469482,0.5726256370544434,0.9026991128921509,-0.21045494079589844,0.5314111113548279,0.787753701210022,-0.26994484663009644,0.47105228900909424,0.6940447092056274,-0.3146899938583374,0.638865053653717,0.7194989919662476,-0.07221082597970963,0.6011430025100708,0.6454564929008484,-0.16845905780792236,0.5632942318916321,0.7186784744262695,-0.2276645451784134,0.5534284114837646,0.7891885042190552,-0.25007787346839905,0.5350925922393799,0.707073986530304,-0.0443110316991806,0.4881000220775604,0.6300849318504333,-0.16430293023586273,0.45805293321609497,0.744573175907135,-0.2295261174440384,0.4604584574699402,0.8083899021148682,-0.24409925937652588,0.4405064284801483,0.7089585661888123,-0.03826476261019707,0.39231374859809875,0.6572290062904358,-0.15760351717472076,0.3883664011955261,0.7615436911582947,-0.21130786836147308,0.393978476524353,0.8353342413902283,-0.21361060440540314,0.3656511902809143,0.7245146036148071,-0.04162299260497093,0.3355140686035156,0.6310877203941345,-0.10484693944454193,0.31079715490341187,0.5753128528594971,-0.1398332118988037,0.2942996621131897,0.5171412229537964,-0.15160901844501495,naraka
0.5354747772216797,1.0606050491333008,-4.184535953299928e-07,0.6304528117179871,1.041313886642456,-0.12333735078573227,0.6805567741394043,0.9447963833808899,-0.19431033730506897,0.6383841633796692,0.830290675163269,-0.256339430809021,0.5745176076889038,0.7401770353317261,-0.3064010441303253,0.7154570817947388,0.7534588575363159,-0.1001710519194603,0.6923262476921082,0.6877095699310303,-0.21544383466243744,0.6623645424842834,0.7638744115829468,-0.2817622721195221,0.6435739994049072,0.8425899744033813,-0.30687186121940613,0.6051533818244934,0.739891529083252,-0.08401218056678772,0.564337968826294,0.6811858415603638,-0.22424101829528809,0.5492752194404602,0.8045857548713684,-0.29069510102272034,0.5501104593276978,0.8831061124801636,-0.3055395781993866,0.503311276435852,0.745619535446167,-0.08672486245632172,0.4601588845252991,0.7088096141815186,-0.22147496044635773,0.4718174636363983,0.8281850218772888,-0.2651993930339813,0.4843637943267822,0.9156179428100586,-0.25978168845176697,0.41532179713249207,0.7690413594245911,-0.09702889621257782,0.3846592307090759,0.6810688972473145,-0.1731424480676651,0.363532155752182,0.6260853409767151,-0.2050449103116989,0.34816643595695496,0.5616468191146851,-0.21348562836647034,naraka
0.5252055525779724,1.0558162927627563,-8.170771366167173e-07,0.6285468339920044,0.9879785776138306,-0.07607179880142212,0.6731746792793274,0.8669365048408508,-0.11118679493665695,0.6428414583206177,0.7345430254936218,-0.14549054205417633,0.5891994833946228,0.6475009918212891,-0.16570647060871124,0.6861404776573181,0.7092165946960449,-0.011315450072288513,0.6848353743553162,0.6041508913040161,-0.08234184980392456,0.652560293674469,0.6847717761993408,-0.1244325339794159,0.6425648927688599,0.7657839059829712,-0.13708724081516266,0.5849368572235107,0.7015497088432312,-0.003452562727034092,0.5585951209068298,0.6047161817550659,-0.09456837177276611,0.5464310646057129,0.7187240719795227,-0.13722637295722961,0.5543644428253174,0.7916550636291504,-0.14102289080619812,0.49118342995643616,0.7104409337043762,-0.01166494656354189,0.46218568086624146,0.6271921396255493,-0.1010800302028656,0.47879505157470703,0.7417463660240173,-0.12475210428237915,0.4966093599796295,0.8338165283203125,-0.11212565749883652,0.41101956367492676,0.7333984971046448,-0.0255307424813509,0.37990614771842957,0.6284323930740356,-0.06726697087287903,0.35440903902053833,0.5604645013809204,-0.08221986144781113,0.3362533152103424,0.49544045329093933,-0.08188576996326447,naraka
0.5362619757652283,1.050539255142212,-8.376215419048094e-07,0.6357747316360474,1.000312089920044,-0.08139781653881073,0.6846177577972412,0.8914012908935547,-0.12034070491790771,0.6503945589065552,0.7666323781013489,-0.15698589384555817,0.5865609049797058,0.6910012364387512,-0.18012452125549316,0.6990570425987244,0.7250523567199707,-0.028565634042024612,0.6797856092453003,0.6318830847740173,-0.10529965162277222,0.6424683928489685,0.7198383808135986,-0.15004204213619232,0.636346697807312,0.8000612258911133,-0.16469469666481018,0.5953946113586426,0.7181057929992676,-0.02005176432430744,0.5590127110481262,0.6299757361412048,-0.11927428841590881,0.5441706776618958,0.7459609508514404,-0.16269394755363464,0.5546415448188782,0.8194775581359863,-0.16622276604175568,0.5015071630477905,0.7265236377716064,-0.027473095804452896,0.46581894159317017,0.6542980670928955,-0.12217153608798981,0.47927427291870117,0.767553985118866,-0.14590167999267578,0.4987526834011078,0.8566916584968567,-0.13294588029384613,0.42368757724761963,0.7496042847633362,-0.041019268333911896,0.39347565174102783,0.6493246555328369,-0.08777774125337601,0.3675491213798523,0.5836760401725769,-0.10464519262313843,0.3494972586631775,0.5205187797546387,-0.10510662198066711,naraka
0.5767594575881958,1.0426453351974487,-8.096476449281909e-07,0.6835644245147705,0.9727210998535156,-0.07124558091163635,0.7338491082191467,0.8489474058151245,-0.10608279705047607,0.7086858749389648,0.7188671827316284,-0.14186683297157288,0.6578609943389893,0.6320362091064453,-0.1648845225572586,0.7388402223587036,0.6773498058319092,-0.01652004010975361,0.7276749610900879,0.5758703947067261,-0.09387530386447906,0.6912708878517151,0.6673232913017273,-0.1414773166179657,0.6835651993751526,0.7503557801246643,-0.15890677273273468,0.6321761012077332,0.6710509061813354,-0.015227500349283218,0.5996379256248474,0.5755646228790283,-0.11609532684087753,0.5874345898628235,0.6976801753044128,-0.16465407609939575,0.5990522503852844,0.7746805548667908,-0.17308363318443298,0.5307645797729492,0.6828510761260986,-0.02972828596830368,0.4986431300640106,0.5981945991516113,-0.1262245625257492,0.5165740251541138,0.7231524586677551,-0.15291684865951538,0.5368664264678955,0.8232799768447876,-0.14299637079238892,0.44443535804748535,0.7148159146308899,-0.04974203556776047,0.40811097621917725,0.6050176620483398,-0.0999733954668045,0.38526836037635803,0.529813289642334,-0.12151116877794266,0.37147265672683716,0.45634937286376953,-0.12649893760681152,naraka
0.5523107647895813,1.0469015836715698,-7.430811024278228e-07,0.6548063158988953,0.9816631078720093,-0.08146549016237259,0.6978998184204102,0.8578483462333679,-0.1207117885351181,0.6737626791000366,0.7282037138938904,-0.16047634184360504,0.6338352560997009,0.6330792307853699,-0.18724460899829865,0.7140872478485107,0.6877060532569885,-0.013235916383564472,0.7083524465560913,0.5826188325881958,-0.09114935249090195,0.6759707927703857,0.6598359942436218,-0.1411985456943512,0.6628829836845398,0.747357964515686,-0.15886738896369934,0.6070795059204102,0.6819238066673279,-0.007063717115670443,0.5771588087081909,0.5811951160430908,-0.10642895102500916,0.5663999319076538,0.6943727135658264,-0.15945084393024445,0.5760381817817688,0.7737569808959961,-0.1703738570213318,0.5082659125328064,0.6929399967193604,-0.01809117943048477,0.48020458221435547,0.607349157333374,-0.11357183754444122,0.4963776469230652,0.7226348519325256,-0.14426325261592865,0.5137760639190674,0.8212012052536011,-0.13676400482654572,0.42527711391448975,0.7209025025367737,-0.03560192883014679,0.39227554202079773,0.6125748157501221,-0.08260855078697205,0.36805498600006104,0.538216769695282,-0.1029871255159378,0.3534362018108368,0.4692402184009552,-0.10723921656608582,naraka
0.5845946073532104,1.0251643657684326,-6.397924607881578e-07,0.6825543642044067,0.9505951404571533,-0.06968864798545837,0.7300514578819275,0.824002206325531,-0.09883013367652893,0.7058274149894714,0.7046261429786682,-0.12853555381298065,0.6535283923149109,0.6233388185501099,-0.14546515047550201,0.7224680781364441,0.6796895861625671,-0.004411172587424517,0.7281599044799805,0.5767785906791687,-0.07654572278261185,0.6933358907699585,0.64536452293396,-0.12171223014593124,0.6799518465995789,0.7174065113067627,-0.1371496170759201,0.6249296069145203,0.6748744249343872,-0.00038310204399749637,0.6090400218963623,0.5733605623245239,-0.09668944776058197,0.5960229635238647,0.6671226024627686,-0.14834272861480713,0.603865921497345,0.7341442108154297,-0.1590457707643509,0.5332553386688232,0.6848812699317932,-0.012153830379247665,0.5127291679382324,0.5945380926132202,-0.10397858172655106,0.5333585739135742,0.7045834064483643,-0.134672611951828,0.5576509833335876,0.801500678062439,-0.12743166089057922,0.4568571448326111,0.7098864912986755,-0.02952124923467636,0.4302431046962738,0.6078383922576904,-0.07371477037668228,0.40631675720214844,0.5366891026496887,-0.09612268954515457,0.3935757577419281,0.4683283269405365,-0.10286805778741837,naraka
0.5658905506134033,1.0337415933609009,-7.09285416178318e-07,0.6648979187011719,0.9569203853607178,-0.06708525866270065,0.7101936340332031,0.8202722072601318,-0.09546234458684921,0.6846303343772888,0.6913069486618042,-0.12405208498239517,0.6214485764503479,0.6152889132499695,-0.1379065215587616,0.7070806622505188,0.6735336780548096,-0.0010589453158900142,0.704748809337616,0.5702717304229736,-0.06639020144939423,0.6723216772079468,0.6546979546546936,-0.10236117988824844,0.6674473285675049,0.7224043607711792,-0.11310587078332901,0.609641432762146,0.6700075268745422,0.0019958498887717724,0.5872687101364136,0.5764310359954834,-0.0876786932349205,0.5755936503410339,0.6871923804283142,-0.12595611810684204,0.5850058197975159,0.7521471381187439,-0.12755101919174194,0.5158684849739075,0.6829326152801514,-0.010695217177271843,0.4908355474472046,0.590541660785675,-0.09814435988664627,0.5114246606826782,0.7063962817192078,-0.11753476411104202,0.5325971841812134,0.7959209084510803,-0.1034608781337738,0.4381824731826782,0.7110938429832458,-0.02887081727385521,0.40560242533683777,0.6086227893829346,-0.07040409743785858,0.3841840624809265,0.5395227670669556,-0.08632879704236984,0.3715617060661316,0.4694090485572815,-0.08793839067220688,naraka
0.5993567705154419,1.042189121246338,-6.132642056400073e-07,0.7033768892288208,0.9720032215118408,-0.08141537010669708,0.750751793384552,0.8453857898712158,-0.11555283516645432,0.729843258857727,0.7154483795166016,-0.15002861618995667,0.6766422390937805,0.6260709762573242,-0.17037953436374664,0.7480729818344116,0.6796471476554871,-0.0006502367905341089,0.7410430908203125,0.5774885416030884,-0.07826273143291473,0.7093602418899536,0.656883716583252,-0.12692305445671082,0.6989841461181641,0.7371062636375427,-0.14258897304534912,0.6424063444137573,0.6741349697113037,0.007782589178532362,0.6150434017181396,0.5795496106147766,-0.09662146121263504,0.6069255471229553,0.6911261081695557,-0.15293945372104645,0.6171689033508301,0.766670823097229,-0.1633729785680771,0.5435293912887573,0.6833768486976624,-0.002050354378297925,0.5185362100601196,0.5925272107124329,-0.10187163203954697,0.5396723747253418,0.7076131105422974,-0.13763432204723358,0.5612709522247314,0.8100800514221191,-0.13037101924419403,0.4618513882160187,0.7083706855773926,-0.018279068171977997,0.43224644660949707,0.6009729504585266,-0.06721170246601105,0.40794289112091064,0.5284397602081299,-0.09303024411201477,0.3944736123085022,0.4638848304748535,-0.09956633299589157,naraka
0.5264756679534912,1.0560030937194824,-8.189771847355587e-07,0.6297114491462708,0.9784514904022217,-0.07197029143571854,0.6743343472480774,0.8478056192398071,-0.10495482385158539,0.6488734483718872,0.7081191539764404,-0.1398554891347885,0.5976881384849548,0.6128014326095581,-0.1612817496061325,0.6876470446586609,0.6854937076568604,0.0075470260344445705,0.6882531046867371,0.5723678469657898,-0.06359997391700745,0.6565287113189697,0.6454870700836182,-0.10762395709753036,0.6411991715431213,0.7289855480194092,-0.12024960666894913,0.5800304412841797,0.6793704628944397,0.011740094050765038,0.5507799386978149,0.572934627532959,-0.08192890137434006,0.5368396043777466,0.6880742311477661,-0.13028302788734436,0.5439560413360596,0.7656794190406799,-0.13607656955718994,0.4821816086769104,0.6908093690872192,-0.0009474874823354185,0.45683056116104126,0.5971567034721375,-0.09230683743953705,0.47565728425979614,0.7146822214126587,-0.11883793026208878,0.49381330609321594,0.8157370686531067,-0.10696686804294586,0.3990371823310852,0.7185872197151184,-0.019283587113022804,0.3663051426410675,0.6070607900619507,-0.061923492699861526,0.34198427200317383,0.5314521789550781,-0.07850001752376556,0.32696670293807983,0.4618542194366455,-0.07882846891880035,naraka
0.5047686100006104,1.0506153106689453,-8.359702974303218e-07,0.6113086938858032,0.9725931882858276,-0.07387949526309967,0.6562132239341736,0.8375343084335327,-0.10465499758720398,0.6221572160720825,0.6968974471092224,-0.13583368062973022,0.5625248551368713,0.6088967323303223,-0.15196096897125244,0.6687386631965637,0.6850757598876953,0.006664320360869169,0.6664240956306458,0.5709851384162903,-0.06210597604513168,0.631549060344696,0.6548765897750854,-0.10315819084644318,0.6218475699424744,0.7357184290885925,-0.11450657248497009,0.5630089044570923,0.6797671914100647,0.013247411698102951,0.534264087677002,0.576339066028595,-0.07923746854066849,0.5193525552749634,0.6946545243263245,-0.12483680993318558,0.5277575850486755,0.7697650194168091,-0.12866249680519104,0.4655441641807556,0.6906898617744446,0.002703741891309619,0.43602895736694336,0.6015709042549133,-0.08895280957221985,0.4544840455055237,0.715733528137207,-0.11724365502595901,0.47337478399276733,0.809321403503418,-0.10590963065624237,0.3828587532043457,0.7162230014801025,-0.013310499489307404,0.3514971137046814,0.6070273518562317,-0.05598042532801628,0.32530638575553894,0.5333489179611206,-0.07407015562057495,0.30576205253601074,0.46513837575912476,-0.07533197104930878,naraka
0.5156590938568115,1.038218379020691,-8.067748922258033e-07,0.616241991519928,0.9618824124336243,-0.0711231380701065,0.6611083149909973,0.8293338418006897,-0.10070069879293442,0.6356161236763,0.6955381035804749,-0.13060469925403595,0.5880641937255859,0.6041710376739502,-0.14638784527778625,0.6667176485061646,0.6744201183319092,0.004013243597000837,0.6650059223175049,0.5656431317329407,-0.060552533715963364,0.6315394639968872,0.6479133367538452,-0.10132993757724762,0.6217076182365417,0.7252492308616638,-0.11468516290187836,0.5660257935523987,0.6715611815452576,0.009008586406707764,0.5397970080375671,0.5677307844161987,-0.07948615401983261,0.5279293060302734,0.6787976622581482,-0.12742939591407776,0.5350710153579712,0.7530176043510437,-0.13562774658203125,0.471796452999115,0.6841009855270386,-0.0018089937511831522,0.44339725375175476,0.5963539481163025,-0.08826340734958649,0.46418631076812744,0.7068226337432861,-0.11740346997976303,0.48391303420066833,0.7981765270233154,-0.10977324843406677,0.39333489537239075,0.7109630107879639,-0.01800692453980446,0.3603299856185913,0.6024463176727295,-0.05707914009690285,0.336873859167099,0.5312214493751526,-0.07424793392419815,0.32178667187690735,0.4631333351135254,-0.07704859972000122,naraka
0.47611692547798157,1.0466160774230957,-8.51648394473159e-07,0.5829277038574219,0.9742777347564697,-0.07678711414337158,0.62847501039505,0.8453192114830017,-0.10988934338092804,0.5885640382766724,0.7073028087615967,-0.14194563031196594,0.5265058875083923,0.6259816288948059,-0.15858033299446106,0.6426405310630798,0.6925106048583984,-0.0043737273663282394,0.6379113793373108,0.583258867263794,-0.07640541344881058,0.6039584875106812,0.6702262163162231,-0.11767420172691345,0.5953958034515381,0.7515068054199219,-0.12877416610717773,0.5387290120124817,0.6844539046287537,0.0038889970164746046,0.5084275007247925,0.5848271250724792,-0.09072847664356232,0.49351248145103455,0.707794189453125,-0.13331817090511322,0.5011422634124756,0.7844552993774414,-0.1348840445280075,0.4431363642215729,0.6927987933158875,-0.005031127482652664,0.4128313660621643,0.603070855140686,-0.09804796427488327,0.4268004894256592,0.7216212153434753,-0.12297497689723969,0.44296783208847046,0.8160320520401001,-0.10922174900770187,0.3616653382778168,0.7170245051383972,-0.019717061892151833,0.33168700337409973,0.6071484088897705,-0.06468483060598373,0.3061681389808655,0.5342414379119873,-0.08285505324602127,0.2867542505264282,0.46628260612487793,-0.08358372747898102,naraka
0.47239553928375244,1.0410850048065186,-8.228506658269907e-07,0.5745869874954224,0.9766494035720825,-0.07793436199426651,0.6296859979629517,0.849509596824646,-0.11005251854658127,0.5900403261184692,0.71005779504776,-0.13951967656612396,0.52947998046875,0.627612292766571,-0.15293386578559875,0.6464250087738037,0.6932979226112366,-0.010367143899202347,0.6414602994918823,0.5855343341827393,-0.0786387175321579,0.6043215394020081,0.6697831153869629,-0.11479849368333817,0.5976016521453857,0.7411278486251831,-0.12423496693372726,0.543414294719696,0.6808134913444519,-0.0013659419491887093,0.5156490206718445,0.5816138982772827,-0.09305904060602188,0.49503567814826965,0.7014186978340149,-0.13070493936538696,0.5003355145454407,0.7698804140090942,-0.12966644763946533,0.44988855719566345,0.6886164546012878,-0.008894681930541992,0.4176378846168518,0.600556492805481,-0.10282846540212631,0.42623263597488403,0.7188116908073425,-0.12457887083292007,0.44015783071517944,0.805260181427002,-0.10874323546886444,0.3706226348876953,0.7132787108421326,-0.021728498861193657,0.3421442210674286,0.607514500617981,-0.06839326024055481,0.31806886196136475,0.5408409833908081,-0.08472965657711029,0.30109497904777527,0.47198885679244995,-0.08372712135314941,naraka
0.45944535732269287,1.0504209995269775,-6.278094133449486e-07,0.5577905178070068,1.0105301141738892,-0.08671040087938309,0.605410635471344,0.9068212509155273,-0.1308995485305786,0.5635046362876892,0.777927577495575,-0.1720346063375473,0.49997350573539734,0.6916811466217041,-0.2012345790863037,0.645222008228302,0.7306615710258484,-0.03898327797651291,0.6287189722061157,0.6526289582252502,-0.1211167648434639,0.5966501235961914,0.7243539094924927,-0.16661188006401062,0.5867481231689453,0.7999246120452881,-0.17997770011425018,0.5376954674720764,0.712632417678833,-0.030048709362745285,0.49988940358161926,0.6386235356330872,-0.1352589726448059,0.4740101993083954,0.7480692267417908,-0.17709362506866455,0.47421491146087646,0.8246472477912903,-0.1762014478445053,0.43810534477233887,0.7176513671875,-0.037860553711652756,0.3962920010089874,0.6591209769248962,-0.14357095956802368,0.39376968145370483,0.7754316329956055,-0.16707026958465576,0.4043349623680115,0.8640463352203369,-0.14885133504867554,0.3535776734352112,0.7408192157745361,-0.051297303289175034,0.32476168870925903,0.6419878005981445,-0.10547482967376709,0.3057072162628174,0.5782289505004883,-0.12088179588317871,0.2993004024028778,0.5130631923675537,-0.11678476631641388,naraka
0.46716567873954773,1.050270676612854,-7.97111113115534e-07,0.5699806809425354,0.9989624619483948,-0.08750417083501816,0.6239248514175415,0.8791718482971191,-0.12693069875240326,0.5820443034172058,0.740211009979248,-0.16289691627025604,0.519953191280365,0.6528723239898682,-0.18338803946971893,0.6474342942237854,0.7122359871864319,-0.0244506374001503,0.6339817047119141,0.6090254187583923,-0.10162345319986343,0.5967627763748169,0.6999031901359558,-0.1420111507177353,0.589737057685852,0.78122478723526,-0.15060405433177948,0.5390286445617676,0.6979100704193115,-0.011831684038043022,0.5098258256912231,0.6080002784729004,-0.11101394146680832,0.48906761407852173,0.7333180904388428,-0.1507481038570404,0.4917928874492645,0.8062133193016052,-0.14802323281764984,0.441609263420105,0.701189398765564,-0.016562772914767265,0.40860164165496826,0.620343029499054,-0.11416057497262955,0.4138506352901459,0.746329665184021,-0.1350705325603485,0.4238276481628418,0.8411985039710999,-0.11614536494016647,0.3587266206741333,0.7205702066421509,-0.027386970818042755,0.3274458944797516,0.6102501153945923,-0.07265008985996246,0.30546271800994873,0.545157253742218,-0.08587218821048737,0.290204256772995,0.481456458568573,-0.08124762028455734,naraka
0.4542074501514435,1.047440767288208,-6.514741812679858e-07,0.5473710894584656,1.012142539024353,-0.09422789514064789,0.6010417342185974,0.9164481163024902,-0.14189910888671875,0.560660183429718,0.7848996520042419,-0.18565602600574493,0.5028944611549377,0.6901058554649353,-0.2166374921798706,0.6406193971633911,0.7350152134895325,-0.03818916156888008,0.6262214779853821,0.6483137607574463,-0.12173999100923538,0.5951120257377625,0.7241646647453308,-0.172518789768219,0.585085928440094,0.8008829355239868,-0.19045326113700867,0.5341157913208008,0.7159398794174194,-0.02687087282538414,0.49940067529678345,0.6291914582252502,-0.1323457658290863,0.4757571816444397,0.7411315441131592,-0.18274711072444916,0.47758549451828003,0.8157245516777039,-0.18991898000240326,0.4393617808818817,0.7173038721084595,-0.03311816230416298,0.3988656997680664,0.6470625996589661,-0.13654635846614838,0.39721715450286865,0.7587684988975525,-0.16864734888076782,0.4066540002822876,0.8444793820381165,-0.15919062495231628,0.3586094379425049,0.7363823652267456,-0.04583421349525452,0.33289244771003723,0.6351878643035889,-0.09656741470098495,0.31503671407699585,0.5705337524414062,-0.11611377447843552,0.308294415473938,0.5054094791412354,-0.11783790588378906,naraka
0.5422295331954956,1.0555483102798462,-8.20624052266794e-07,0.6439638137817383,1.0226033926010132,-0.10649247467517853,0.698748767375946,0.9228910803794861,-0.1662704050540924,0.6526240706443787,0.7947863936424255,-0.22043751180171967,0.5737177729606628,0.7024903893470764,-0.26057928800582886,0.72557532787323,0.7246415019035339,-0.07671178877353668,0.7099688649177551,0.6508486270904541,-0.17587700486183167,0.6818344593048096,0.7329630255699158,-0.22320054471492767,0.6717540621757507,0.8106340169906616,-0.23561306297779083,0.6076517701148987,0.7112740874290466,-0.06168890744447708,0.5646865963935852,0.6541194915771484,-0.1869315505027771,0.540960967540741,0.7926859855651855,-0.22623135149478912,0.5398082733154297,0.8798465728759766,-0.2208518236875534,0.5023458003997803,0.7184298634529114,-0.06440126150846481,0.46334367990493774,0.6611779928207397,-0.18275518715381622,0.4644804000854492,0.7869694232940674,-0.19500140845775604,0.4757472574710846,0.8798518180847168,-0.16782650351524353,0.412135511636734,0.7402549982070923,-0.07477516680955887,0.3842584490776062,0.6432974934577942,-0.13711939752101898,0.3698329031467438,0.5817114114761353,-0.1516903042793274,0.3655794560909271,0.5166019201278687,-0.1459776759147644,naraka
0.44117432832717896,1.0576598644256592,-3.4114302138732455e-07,0.5333205461502075,1.0156681537628174,-0.11798297613859177,0.5822544693946838,0.9011149406433105,-0.1717679351568222,0.5436408519744873,0.7617064714431763,-0.2171473503112793,0.4764171242713928,0.6709434390068054,-0.24648743867874146,0.6482855081558228,0.7285892367362976,-0.03183647617697716,0.6313554644584656,0.6414974927902222,-0.11431633681058884,0.5926212072372437,0.7213524580001831,-0.16457073390483856,0.5804141759872437,0.7944062352180481,-0.18088321387767792,0.5434801578521729,0.7088320255279541,-0.009292730130255222,0.5075121521949768,0.6251035332679749,-0.11671645939350128,0.4817935824394226,0.7394457459449768,-0.1713082194328308,0.49202942848205566,0.8034534454345703,-0.17814648151397705,0.44484204053878784,0.7073097825050354,-0.008591246791183949,0.3979111909866333,0.6465767025947571,-0.12150995433330536,0.3950483202934265,0.762700080871582,-0.16742153465747833,0.4062017798423767,0.8440728187561035,-0.16213883459568024,0.3612387180328369,0.7200525403022766,-0.015520325861871243,0.33739638328552246,0.6151658296585083,-0.0727749764919281,0.3160136342048645,0.5492315292358398,-0.09955385327339172,0.3037174344062805,0.484903484582901,-0.10381758213043213,naraka
0.442543089389801,1.0270543098449707,-7.368563501586323e-07,0.5435078740119934,0.9872353672981262,-0.08589624613523483,0.5837427377700806,0.8834110498428345,-0.12605591118335724,0.5296822190284729,0.7560889720916748,-0.1625813990831375,0.4607934355735779,0.6784580945968628,-0.18542985618114471,0.6337366104125977,0.7280250191688538,-0.02767966315150261,0.618738055229187,0.6415798664093018,-0.1045868918299675,0.5815271139144897,0.7158692479133606,-0.14506827294826508,0.5714533925056458,0.7876406908035278,-0.1549876481294632,0.5309807658195496,0.705207109451294,-0.01624990813434124,0.49361658096313477,0.6227188110351562,-0.11715836077928543,0.46107470989227295,0.7340785264968872,-0.15784817934036255,0.4594627618789673,0.8027180433273315,-0.15526752173900604,0.43567556142807007,0.702589750289917,-0.021949507296085358,0.3930334448814392,0.640209436416626,-0.12378135323524475,0.38649094104766846,0.7562388181686401,-0.15091735124588013,0.39234659075737,0.8434392809867859,-0.13450218737125397,0.35511234402656555,0.7186458110809326,-0.033028602600097656,0.33006027340888977,0.6166843175888062,-0.08392569422721863,0.3095892071723938,0.5542691946029663,-0.10266852378845215,0.2994420826435089,0.4917029142379761,-0.10113628953695297,naraka
0.48843467235565186,1.0587626695632935,-5.674957606061071e-07,0.5904167890548706,1.032039761543274,-0.11326637119054794,0.6476147770881653,0.9248853921890259,-0.16952776908874512,0.6140673160552979,0.7898419499397278,-0.21910470724105835,0.5392869114875793,0.6984055042266846,-0.2539537847042084,0.679746687412262,0.7387836575508118,-0.06332290917634964,0.670263409614563,0.6494476199150085,-0.1614280492067337,0.6328496932983398,0.7309191823005676,-0.2127862572669983,0.6209143400192261,0.8118139505386353,-0.22740226984024048,0.5702754259109497,0.7180684208869934,-0.045407578349113464,0.528900682926178,0.6356663703918457,-0.1729600876569748,0.4994812607765198,0.7601274251937866,-0.22390885651111603,0.49964573979377747,0.8431104421615601,-0.2245238870382309,0.4695843458175659,0.7155864238739014,-0.04719416797161102,0.42671701312065125,0.6519576907157898,-0.16921228170394897,0.42471301555633545,0.7739782929420471,-0.1995764970779419,0.43241044878959656,0.8679301738739014,-0.1822083294391632,0.3866809606552124,0.7298729419708252,-0.056837186217308044,0.36010441184043884,0.6275726556777954,-0.11876050382852554,0.34328386187553406,0.5636852979660034,-0.14141997694969177,0.3356969952583313,0.49924415349960327,-0.14145037531852722,naraka
0.5763468742370605,1.0630115270614624,-6.788505402255396e-07,0.6837248206138611,1.0110175609588623,-0.07774920016527176,0.7339898347854614,0.8948548436164856,-0.1228027269244194,0.6943084001541138,0.7674579620361328,-0.1674221009016037,0.622099757194519,0.6907564401626587,-0.2006256878376007,0.7497228384017944,0.7109401226043701,-0.03663821518421173,0.7311262488365173,0.6367810964584351,-0.1175958663225174,0.6985117793083191,0.7230829000473022,-0.16543179750442505,0.6872771382331848,0.8030692934989929,-0.18345597386360168,0.6357001662254333,0.7011456489562988,-0.036098893731832504,0.5995142459869385,0.6390045285224915,-0.1428453028202057,0.5906882882118225,0.7652679085731506,-0.18804824352264404,0.595359206199646,0.8470995426177979,-0.19287404417991638,0.5290051102638245,0.7128456830978394,-0.05086401104927063,0.49526724219322205,0.6452863216400146,-0.15327802300453186,0.5137548446655273,0.7769985795021057,-0.17309369146823883,0.5307651162147522,0.8778644800186157,-0.15679797530174255,0.4391622245311737,0.7447987794876099,-0.07145892083644867,0.408614844083786,0.6426550149917603,-0.12472184002399445,0.3952202796936035,0.5763801336288452,-0.139792799949646,0.38906344771385193,0.5051836967468262,-0.13870087265968323,naraka
0.5765584707260132,1.050048589706421,-6.503337317553815e-07,0.6819702982902527,0.9852546453475952,-0.06722657382488251,0.7358483076095581,0.8706048727035522,-0.09999172389507294,0.7173863649368286,0.7409611940383911,-0.13514024019241333,0.6695029139518738,0.6537161469459534,-0.1593133509159088,0.7364149689674377,0.7124086022377014,-5.559516284847632e-05,0.7341395020484924,0.6136252284049988,-0.0722566768527031,0.6976255774497986,0.6883715391159058,-0.11963175982236862,0.6811301708221436,0.7731176018714905,-0.13662943243980408,0.6337904930114746,0.7041676044464111,0.0013333039823919535,0.6085327863693237,0.6056072115898132,-0.09319505095481873,0.5950891375541687,0.7088728547096252,-0.1449517160654068,0.6001569628715515,0.7865715026855469,-0.15616297721862793,0.5364875197410583,0.7121343612670898,-0.013056723400950432,0.5138479471206665,0.6261633634567261,-0.10569387674331665,0.5271190404891968,0.7423561811447144,-0.13552448153495789,0.5400232076644897,0.8438764810562134,-0.1276022493839264,0.4538549482822418,0.7379592657089233,-0.032574769109487534,0.42386433482170105,0.6320879459381104,-0.0794825553894043,0.4088176488876343,0.5578469038009644,-0.10063599050045013,0.4034181237220764,0.4883020520210266,-0.10551273822784424,naraka
0.5727981925010681,1.0451666116714478,-8.201202490454307e-07,0.6799502372741699,0.986735999584198,-0.06776373088359833,0.7328811287879944,0.8791643381118774,-0.10666251182556152,0.7135460376739502,0.7581346035003662,-0.14788129925727844,0.6668723225593567,0.6726468801498413,-0.17776623368263245,0.7461079955101013,0.7114692330360413,-0.02910565957427025,0.7317072153091431,0.6157923936843872,-0.11153891682624817,0.6901953816413879,0.7057092189788818,-0.1607722043991089,0.6791507601737976,0.788926362991333,-0.1790771186351776,0.6351123452186584,0.7017148733139038,-0.032013989984989166,0.6005092859268188,0.613049328327179,-0.13883905112743378,0.5810170769691467,0.7393984198570251,-0.18624401092529297,0.5890184640884399,0.822571337223053,-0.19389773905277252,0.5325192809104919,0.710700273513794,-0.04961931332945824,0.5019947290420532,0.6312280297279358,-0.14882636070251465,0.5101453065872192,0.7581157684326172,-0.16999299824237823,0.5255637168884277,0.8582261800765991,-0.15677736699581146,0.44614893198013306,0.740667998790741,-0.07245421409606934,0.4159480631351471,0.636325478553772,-0.12235856056213379,0.3993527293205261,0.564789891242981,-0.13915188610553741,0.3925533890724182,0.4935396909713745,-0.14103776216506958,naraka
0.5584965348243713,1.0340155363082886,-7.527857519562531e-07,0.6576687693595886,0.9614795446395874,-0.06801573932170868,0.7060589790344238,0.8376078605651855,-0.0950285792350769,0.6887854337692261,0.7101047039031982,-0.12238011509180069,0.6447104811668396,0.6239354610443115,-0.13602550327777863,0.7132237553596497,0.6954309344291687,0.006308180745691061,0.7175137400627136,0.5872153043746948,-0.055224787443876266,0.6798597574234009,0.6629801988601685,-0.09372013062238693,0.6678593754768372,0.7312480211257935,-0.10629457980394363,0.6177403330802917,0.6882888078689575,0.012872517108917236,0.5988883376121521,0.5886523127555847,-0.07151053845882416,0.5765805244445801,0.6936309933662415,-0.11610792577266693,0.5795294642448425,0.7615870833396912,-0.12319886684417725,0.527778685092926,0.6944167017936707,0.0041511510498821735,0.5040203332901001,0.6046491861343384,-0.0781562402844429,0.511505663394928,0.7107641696929932,-0.10393720865249634,0.5244560241699219,0.7992913722991943,-0.09474211931228638,0.4518190622329712,0.7144766449928284,-0.009886105544865131,0.4299226403236389,0.6136671304702759,-0.047198958694934845,0.41167548298835754,0.544202983379364,-0.06374435126781464,0.40300753712654114,0.47894516587257385,-0.06600749492645264,naraka
0.9328269362449646,0.7239402532577515,6.493385171779664e-07,0.8862830400466919,0.6631788015365601,-0.17779947817325592,0.7870746850967407,0.6518060564994812,-0.25808364152908325,0.6956840753555298,0.7014049887657166,-0.3155079782009125,0.6055763363838196,0.7533389329910278,-0.3631485104560852,0.5644851922988892,0.5913717150688171,-0.1229829341173172,0.40621405839920044,0.594153881072998,-0.19754745066165924,0.2979108691215515,0.6004738211631775,-0.2414586842060089,0.20614057779312134,0.6052529811859131,-0.2692882716655731,0.5858510136604309,0.6772965788841248,-0.07350189238786697,0.5089787840843201,0.7660290002822876,-0.17324332892894745,0.6113185286521912,0.7759263515472412,-0.20205603539943695,0.6580966114997864,0.7413108348846436,-0.19772650301456451,0.6192713975906372,0.7568768858909607,-0.045922353863716125,0.5847995281219482,0.8537070751190186,-0.1598559021949768,0.6881382465362549,0.8345696926116943,-0.17107683420181274,0.7202035784721375,0.7771069407463074,-0.1502211093902588,0.6519484519958496,0.8212230801582336,-0.033654265105724335,0.6299053430557251,0.8945029377937317,-0.12271858751773834,0.7067490816116333,0.8819040656089783,-0.13613352179527283,0.7438993453979492,0.8349999189376831,-0.12553197145462036,oba
0.9529175758361816,0.9127095341682434,1.102979751976818e-08,0.9209741950035095,0.8286177515983582,-0.09833838790655136,0.7774199843406677,0.7815900444984436,-0.11733219772577286,0.6313040852546692,0.8373753428459167,-0.12167774885892868,0.5838109254837036,0.892227053642273,-0.11248353868722916,0.6833330392837524,0.6954329609870911,-0.020203933119773865,0.5411819219589233,0.7095879912376404,-0.060182590037584305,0.5067332983016968,0.7452785968780518,-0.07738399505615234,0.4636285603046417,0.7291820049285889,-0.08455322682857513,0.6804947853088379,0.7539044618606567,-0.00036323105450719595,0.5440168976783752,0.7685034275054932,-0.044071655720472336,0.5262794494628906,0.7884480357170105,-0.05715366452932358,0.47582095861434937,0.745781421661377,-0.05278277397155762,0.6899433135986328,0.8209290504455566,0.0008487986051477492,0.5872626900672913,0.8892725110054016,-0.0805274173617363,0.6854233741760254,0.9232096076011658,-0.10007508844137192,0.7345324158668518,0.8777933120727539,-0.08604426681995392,0.7124285101890564,0.8876508474349976,-0.004867931827902794,0.6276516914367676,0.9407013654708862,-0.06290994584560394,0.7012021541595459,0.953506350517273,-0.06907329708337784,0.7540457844734192,0.9280068874359131,-0.057596053928136826,oba
0.7352060079574585,0.5906535387039185,9.080245888526406e-08,0.8033232688903809,0.6022481918334961,-0.18159419298171997,0.799892246723175,0.6682667136192322,-0.3434751331806183,0.721562922000885,0.7795858383178711,-0.466261088848114,0.6357890963554382,0.8902724385261536,-0.5982599854469299,0.7926914691925049,0.6504691243171692,-0.4860551357269287,0.7785900235176086,0.7978318929672241,-0.6602140665054321,0.7436676621437073,0.8874567747116089,-0.7672780752182007,0.7060615420341492,0.9639580249786377,-0.8288312554359436,0.6999123096466064,0.7050688862800598,-0.4416792094707489,0.6641785502433777,0.8673174381256104,-0.6040830016136169,0.682662308216095,0.9511123895645142,-0.6605377197265625,0.702694296836853,1.0046122074127197,-0.7013436555862427,0.6198905110359192,0.7479095458984375,-0.3886934220790863,0.5860735177993774,0.8884811401367188,-0.5054383277893066,0.62427818775177,0.9333774447441101,-0.5079382061958313,0.6634560227394104,0.9505025148391724,-0.5047841668128967,0.5553638339042664,0.7659703493118286,-0.3461368978023529,0.5046507716178894,0.8522906303405762,-0.42086732387542725,0.4693774878978729,0.8961966037750244,-0.41613999009132385,0.4532656967639923,0.9183937311172485,-0.41167157888412476,oba
0.7673574090003967,0.5757406949996948,-3.1411912004841724e-07,0.8559971451759338,0.620076060295105,-0.12243101745843887,0.8665547966957092,0.7164362072944641,-0.2489510029554367,0.7934869527816772,0.8376877307891846,-0.35097959637641907,0.727544367313385,0.9367399215698242,-0.4638415575027466,0.8496580719947815,0.6660045981407166,-0.37671250104904175,0.8289619088172913,0.8323923945426941,-0.5222116708755493,0.7889384031295776,0.9359725713729858,-0.6240434050559998,0.7500123977661133,1.0255024433135986,-0.685303807258606,0.7416128516197205,0.6790684461593628,-0.35485604405403137,0.7247345447540283,0.871598482131958,-0.49824753403663635,0.7307892441749573,1.0023566484451294,-0.559064507484436,0.7384570837020874,1.0931187868118286,-0.5999875664710999,0.6491363048553467,0.6938186287879944,-0.3210183382034302,0.6309521198272705,0.8655374646186829,-0.4148770868778229,0.6579262018203735,0.9488576650619507,-0.41313230991363525,0.6870262622833252,0.9975488185882568,-0.4077688753604889,0.5732474327087402,0.7014641761779785,-0.29367703199386597,0.5383024215698242,0.8167403340339661,-0.34445351362228394,0.5201810598373413,0.8832187652587891,-0.32509276270866394,0.5155224204063416,0.919468343257904,-0.31072530150413513,oba
0.7737193703651428,0.5584221482276917,-8.91307934125507e-07,0.8477627038955688,0.5662515759468079,-0.180349662899971,0.8457881212234497,0.6205717921257019,-0.3296504318714142,0.7658552527427673,0.7080838680267334,-0.4366828203201294,0.6785911917686462,0.7959572076797485,-0.5496801733970642,0.8687461018562317,0.620596170425415,-0.4918888509273529,0.831417441368103,0.8111584782600403,-0.6571856141090393,0.7636797428131104,0.9288721084594727,-0.7495332956314087,0.7027701735496521,1.0200636386871338,-0.7982844710350037,0.7922545671463013,0.6695393919944763,-0.44124022126197815,0.7569596171379089,0.8839654326438904,-0.5780203938484192,0.7660521268844604,0.9749181270599365,-0.600557267665863,0.7765859365463257,1.0417957305908203,-0.6184536218643188,0.7052204012870789,0.7083309888839722,-0.3834249675273895,0.6556835770606995,0.890384316444397,-0.48136624693870544,0.6765497326850891,0.9357892870903015,-0.45918333530426025,0.7065511345863342,0.9593433737754822,-0.44116440415382385,0.6216610074043274,0.7304079532623291,-0.3373750150203705,0.5558754205703735,0.8488575220108032,-0.4100739657878876,0.5152913331985474,0.894069492816925,-0.4011046290397644,0.4905226230621338,0.9255057573318481,-0.39027640223503113,oba
0.7489230036735535,0.6491338014602661,-1.0294452579273639e-07,0.6544482707977295,0.6396051645278931,-0.19065220654010773,0.6298730373382568,0.7334807515144348,-0.2981899380683899,0.6691919565200806,0.8626895546913147,-0.3626611828804016,0.7404663562774658,0.9586390852928162,-0.41757503151893616,0.5601534247398376,0.8529897928237915,-0.33280837535858154,0.5518463850021362,1.0264208316802979,-0.4704422354698181,0.5897529721260071,1.0457446575164795,-0.532529890537262,0.6239063143730164,1.0472019910812378,-0.5618093609809875,0.6582399606704712,0.92580646276474,-0.2703433632850647,0.6801360845565796,1.0672008991241455,-0.4068962633609772,0.7188727259635925,0.972083568572998,-0.41888427734375,0.723096489906311,0.888721227645874,-0.4063498377799988,0.7600769996643066,0.9704596400260925,-0.21790088713169098,0.7770189642906189,1.0678051710128784,-0.3354443907737732,0.7785059809684753,0.9643891453742981,-0.314471572637558,0.7608978748321533,0.8853141069412231,-0.27918148040771484,0.8540472984313965,0.990153968334198,-0.17782293260097504,0.8466923236846924,1.032945990562439,-0.2645021378993988,0.8400719165802002,0.951891303062439,-0.26282182335853577,0.8195925354957581,0.8927203416824341,-0.2455625981092453,oba
0.5545468330383301,0.626129150390625,-7.335552254517097e-07,0.4968991279602051,0.5305388569831848,-0.09626544266939163,0.487761914730072,0.4691750705242157,-0.1708967536687851,0.5387833118438721,0.5335720777511597,-0.2373746633529663,0.5998325943946838,0.6750253438949585,-0.29823920130729675,0.5792274475097656,0.45656731724739075,-0.14402873814105988,0.5875691175460815,0.5314427614212036,-0.2281837910413742,0.5593439340591431,0.591589093208313,-0.27228251099586487,0.5574597120285034,0.6046521663665771,-0.29995712637901306,0.646135687828064,0.52098548412323,-0.13763418793678284,0.6745798587799072,0.6005030870437622,-0.22747354209423065,0.6321166753768921,0.6579241752624512,-0.25284820795059204,0.620564341545105,0.653599739074707,-0.26351961493492126,0.6993563771247864,0.5864831209182739,-0.13910076022148132,0.7328996062278748,0.6527056694030762,-0.23075884580612183,0.6828382015228271,0.6990195512771606,-0.2340240776538849,0.6506938338279724,0.6869403719902039,-0.22058230638504028,0.7332028746604919,0.6439427137374878,-0.14760422706604004,0.7584927678108215,0.7032153606414795,-0.20272818207740784,0.7265708446502686,0.7266750335693359,-0.20040367543697357,0.6958776712417603,0.7111756801605225,-0.19126787781715393,oba
0.6012827157974243,0.5873362421989441,3.8264542467914e-07,0.6211897134780884,0.5124934911727905,-0.20159614086151123,0.600841760635376,0.5028155446052551,-0.3321911096572876,0.5845198631286621,0.5775098204612732,-0.4239966571331024,0.5594679117202759,0.6444119811058044,-0.5073381066322327,0.43759027123451233,0.44120466709136963,-0.3509252965450287,0.5070159435272217,0.5335307121276855,-0.47293853759765625,0.5833408236503601,0.602291464805603,-0.5287432670593262,0.6024277210235596,0.6321943402290344,-0.5633146166801453,0.431505024433136,0.5491216778755188,-0.29720354080200195,0.5338988304138184,0.6432462930679321,-0.41867101192474365,0.6238294243812561,0.6613302826881409,-0.4393905699253082,0.6496739983558655,0.6436808109283447,-0.45211300253868103,0.44873175024986267,0.6468398571014404,-0.2527196407318115,0.5602394938468933,0.7179008722305298,-0.35711145401000977,0.6284878253936768,0.7085644006729126,-0.3488542437553406,0.6391682028770447,0.665944516658783,-0.33809801936149597,0.4722919166088104,0.7217400074005127,-0.22439149022102356,0.5736429691314697,0.7636266350746155,-0.30123236775398254,0.6247880458831787,0.7430823445320129,-0.30876848101615906,0.6311222314834595,0.7015365362167358,-0.31099534034729004,oba
0.5054047703742981,0.4358704090118408,-5.564901925936283e-07,0.619649350643158,0.430768221616745,-0.22155699133872986,0.6878859400749207,0.481662780046463,-0.3610302805900574,0.6943899393081665,0.58284592628479,-0.44837963581085205,0.6698452830314636,0.7002506256103516,-0.5190374851226807,0.4434778094291687,0.5035863518714905,-0.41271910071372986,0.4750157296657562,0.5942781567573547,-0.5495536923408508,0.5377110242843628,0.608905017375946,-0.585356593132019,0.5772532224655151,0.6134272217750549,-0.599234402179718,0.3991948962211609,0.5932532548904419,-0.3374529778957367,0.5396828651428223,0.7101202011108398,-0.47484055161476135,0.6207228899002075,0.6445862650871277,-0.4525758624076843,0.6033303737640381,0.5924192070960999,-0.42387646436691284,0.4017171263694763,0.6684111952781677,-0.2725234031677246,0.5514349937438965,0.7532882690429688,-0.39919140934944153,0.6204378604888916,0.6692745089530945,-0.3526183068752289,0.5945125222206116,0.6149780750274658,-0.305924654006958,0.42851850390434265,0.7285650968551636,-0.2227366715669632,0.5537865161895752,0.7535407543182373,-0.33104681968688965,0.6057477593421936,0.6976771354675293,-0.33682751655578613,0.5852552652359009,0.6561675667762756,-0.32595083117485046,oba
0.5953879356384277,0.5803217887878418,6.46325645448087e-07,0.5669892430305481,0.4960719645023346,-0.24254931509494781,0.49786674976348877,0.4903488755226135,-0.36281928420066833,0.4441256523132324,0.5883739590644836,-0.44006216526031494,0.39255115389823914,0.6976892352104187,-0.5019401907920837,0.29893478751182556,0.49304863810539246,-0.2765258848667145,0.21514461934566498,0.5252640843391418,-0.43094220757484436,0.16189847886562347,0.5460723638534546,-0.5165526270866394,0.08123606443405151,0.5611470937728882,-0.5632393956184387,0.3249260485172272,0.5857594609260559,-0.21041260659694672,0.31622815132141113,0.6682796478271484,-0.36538165807724,0.427804172039032,0.6597853302955627,-0.388835072517395,0.4476635158061981,0.6180753111839294,-0.37838590145111084,0.35747426748275757,0.666711688041687,-0.17355214059352875,0.38409411907196045,0.7362699508666992,-0.32535621523857117,0.4827063977718353,0.7041249871253967,-0.3210899829864502,0.4582669138908386,0.637122631072998,-0.2874290347099304,0.39020317792892456,0.7217718362808228,-0.15796399116516113,0.4300742745399475,0.7731558084487915,-0.2511625587940216,0.4919537901878357,0.741858959197998,-0.2559703290462494,0.4803571105003357,0.6952816247940063,-0.24389226734638214,oba
0.560120165348053,0.624897837638855,5.373688622967165e-07,0.5304939150810242,0.5565270185470581,-0.22257643938064575,0.4669923782348633,0.5680001378059387,-0.3295249938964844,0.42251482605934143,0.6556602716445923,-0.39677155017852783,0.3717404901981354,0.7528112530708313,-0.4519931674003601,0.30059438943862915,0.5571821928024292,-0.24224922060966492,0.2187633514404297,0.5986983180046082,-0.36847519874572754,0.1613641083240509,0.6263598799705505,-0.44654834270477295,0.09023994207382202,0.6515594720840454,-0.4936889111995697,0.32810768485069275,0.6395626664161682,-0.18102750182151794,0.2895134389400482,0.7145495414733887,-0.3230491578578949,0.3852485716342926,0.7084778547286987,-0.3608737885951996,0.4275079071521759,0.6753560304641724,-0.3622191250324249,0.3541070818901062,0.715004563331604,-0.14470995962619781,0.35112664103507996,0.7791526317596436,-0.28162437677383423,0.4390384554862976,0.7522567510604858,-0.29464423656463623,0.43862804770469666,0.6968916058540344,-0.27529680728912354,0.37944746017456055,0.7659604549407959,-0.12750698626041412,0.39940059185028076,0.8158954381942749,-0.21625834703445435,0.454133003950119,0.7867517471313477,-0.23199929296970367,0.4557977318763733,0.7436308860778809,-0.2296159267425537,oba
0.5950835943222046,0.6602122783660889,3.60545243438537e-07,0.5784847140312195,0.5915570259094238,-0.2106754332780838,0.5242020487785339,0.5973259210586548,-0.3062523603439331,0.4914766550064087,0.7014273405075073,-0.3635261356830597,0.45024076104164124,0.7995728850364685,-0.4068671464920044,0.3358350992202759,0.5928133726119995,-0.21659545600414276,0.2815685272216797,0.6373792290687561,-0.3408050239086151,0.2527908980846405,0.6701123118400574,-0.41075658798217773,0.2011396288871765,0.6959619522094727,-0.44709619879722595,0.35249072313308716,0.6717320680618286,-0.15493576228618622,0.36428335309028625,0.7623873949050903,-0.28698769211769104,0.4679664075374603,0.757856011390686,-0.3153657019138336,0.497902512550354,0.7192016243934631,-0.3091440796852112,0.380607008934021,0.7436090111732483,-0.11939062923192978,0.4127381145954132,0.8150808811187744,-0.25525039434432983,0.5035616755485535,0.7855224609375,-0.2663065493106842,0.49683666229248047,0.7227590084075928,-0.242713063955307,0.4089001417160034,0.7964985966682434,-0.10112135112285614,0.44840675592422485,0.8439491391181946,-0.19635242223739624,0.5084995031356812,0.8153809309005737,-0.21369917690753937,0.5118609666824341,0.7709387540817261,-0.20664264261722565,oba
0.5311986207962036,0.6215996742248535,2.531950826778484e-07,0.47482842206954956,0.5836061835289001,-0.17093390226364136,0.4531382918357849,0.5826972723007202,-0.31725531816482544,0.5220953822135925,0.6753974556922913,-0.42688366770744324,0.603478193283081,0.766474723815918,-0.5306377410888672,0.4293733239173889,0.5023099184036255,-0.4336870014667511,0.48262476921081543,0.5665069818496704,-0.5879942178726196,0.5448583364486694,0.6228623390197754,-0.6644105911254883,0.5753589868545532,0.6637051105499268,-0.7107982039451599,0.5006603002548218,0.571363627910614,-0.405122309923172,0.5731164216995239,0.6407449245452881,-0.5642412900924683,0.615450382232666,0.6828024387359619,-0.6030480265617371,0.6264667510986328,0.698127269744873,-0.6303356289863586,0.5664941072463989,0.640492856502533,-0.3737494647502899,0.6320270299911499,0.70469069480896,-0.491683691740036,0.6422584056854248,0.7303732633590698,-0.477469801902771,0.6270845532417297,0.726004421710968,-0.46658751368522644,0.6193038821220398,0.7021039724349976,-0.35542914271354675,0.658161461353302,0.7465521097183228,-0.44672906398773193,0.65702885389328,0.7528873682022095,-0.4537373185157776,0.6413635015487671,0.7399080991744995,-0.4580738842487335,oba
0.5498480796813965,0.5080984234809875,5.772558893113455e-07,0.6456740498542786,0.4621209502220154,-0.10590267181396484,0.7262164950370789,0.5015004277229309,-0.21825967729091644,0.8007099032402039,0.6252574920654297,-0.31372150778770447,0.8182222247123718,0.7549766302108765,-0.4125388264656067,0.5546764731407166,0.5327944159507751,-0.32002565264701843,0.6814125776290894,0.624436616897583,-0.4446676969528198,0.7582489252090454,0.6704055666923523,-0.5226556062698364,0.7963458299636841,0.6958099603652954,-0.5701524615287781,0.5037657022476196,0.6325330138206482,-0.3161666691303253,0.6267366409301758,0.715501070022583,-0.4031430780887604,0.7006484270095825,0.7197347283363342,-0.4178573787212372,0.7322613596916199,0.7139016389846802,-0.4450843632221222,0.4884454011917114,0.7093612551689148,-0.30803778767585754,0.6262927651405334,0.7770137786865234,-0.3789944648742676,0.6933093070983887,0.7808607220649719,-0.3551270067691803,0.7169052362442017,0.7733840942382812,-0.3458675444126129,0.4971337914466858,0.7606245279312134,-0.31048068404197693,0.6088857650756836,0.8252363204956055,-0.35486501455307007,0.668258011341095,0.8256319165229797,-0.3319935202598572,0.6950010061264038,0.8165489435195923,-0.3233375549316406,oba
0.6655397415161133,0.5698107481002808,8.880933819455095e-07,0.6833371520042419,0.5089012384414673,-0.21726365387439728,0.6548376083374023,0.5203162431716919,-0.3522806763648987,0.625150203704834,0.6091136932373047,-0.4388049840927124,0.6041719913482666,0.7069222331047058,-0.5110573172569275,0.46904435753822327,0.4884093105792999,-0.37928271293640137,0.5253292322158813,0.5509722828865051,-0.49386316537857056,0.5669909119606018,0.5622956156730652,-0.5218482613563538,0.5438562035560608,0.5547305345535278,-0.5365515351295471,0.4419255554676056,0.5607921481132507,-0.3145751655101776,0.5161413550376892,0.6289595365524292,-0.4183928370475769,0.6148425340652466,0.62154620885849,-0.39529934525489807,0.603405773639679,0.5856128931045532,-0.37206101417541504,0.4409092366695404,0.6306973099708557,-0.2619952857494354,0.5457151532173157,0.6959332823753357,-0.3485562205314636,0.6259052753448486,0.6689744591712952,-0.30540731549263,0.5984033346176147,0.6185106039047241,-0.2717912495136261,0.4552822709083557,0.6832253336906433,-0.22872626781463623,0.555280864238739,0.7332742810249329,-0.29142454266548157,0.619268536567688,0.706629753112793,-0.28693652153015137,0.6125295162200928,0.6719012260437012,-0.2804518938064575,oba
0.685126006603241,0.6196609139442444,4.6045491330914956e-07,0.6542935371398926,0.5181257724761963,-0.10177680850028992,0.6251001954078674,0.5093950629234314,-0.19836226105690002,0.648953378200531,0.642227828502655,-0.27560800313949585,0.6986220479011536,0.7826569676399231,-0.3539118766784668,0.5306386351585388,0.5719024538993835,-0.2637946903705597,0.5725879669189453,0.623063862323761,-0.3784801661968231,0.6372928619384766,0.6634238362312317,-0.4538171887397766,0.6969119310379028,0.7118095755577087,-0.5007901191711426,0.5458129048347473,0.6912616491317749,-0.25067052245140076,0.5791130065917969,0.7217544913291931,-0.34491875767707825,0.6407749056816101,0.739042341709137,-0.36327773332595825,0.7073748707771301,0.7573192119598389,-0.3824175298213959,0.5741318464279175,0.7757457494735718,-0.2386375218629837,0.6109460592269897,0.8058825731277466,-0.3222346901893616,0.6644109487533569,0.8031769394874573,-0.3092362880706787,0.7158218622207642,0.8069220781326294,-0.2973220944404602,0.6069188117980957,0.8352546691894531,-0.23542308807373047,0.6345275640487671,0.8566544055938721,-0.29971015453338623,0.6716721057891846,0.840854287147522,-0.2956356704235077,0.7079913020133972,0.8250699043273926,-0.291964054107666,oba
0.6249747276306152,0.6196513772010803,-4.760025547057012e-07,0.569067656993866,0.5168914794921875,-0.11927050352096558,0.5524095296859741,0.5042682886123657,-0.21909533441066742,0.5813767910003662,0.6445567607879639,-0.296964168548584,0.633877694606781,0.7958889007568359,-0.3685603141784668,0.5665050745010376,0.5585281848907471,-0.2675115764141083,0.6067193150520325,0.6595460772514343,-0.37729978561401367,0.5930978655815125,0.6914647221565247,-0.4351184070110321,0.6003273725509644,0.6776497960090637,-0.471123069524765,0.5998833179473877,0.6717227101325989,-0.24868252873420715,0.6481161117553711,0.7645052671432495,-0.342348575592041,0.6282894611358643,0.7651318907737732,-0.35260212421417236,0.6384482979774475,0.7101448774337769,-0.36581841111183167,0.6321995258331299,0.7518130540847778,-0.2329224944114685,0.7011897563934326,0.8189935684204102,-0.31704235076904297,0.6761922240257263,0.8053423166275024,-0.2924209237098694,0.6611616015434265,0.7475895881652832,-0.2731347978115082,0.6538988351821899,0.801272451877594,-0.22696666419506073,0.691694438457489,0.8547873497009277,-0.29295864701271057,0.6856234669685364,0.8311903476715088,-0.2879955768585205,0.671574592590332,0.7761026620864868,-0.28374025225639343,oba
0.5031564831733704,0.5553383231163025,2.847703512998123e-07,0.6196186542510986,0.525687575340271,-0.13578146696090698,0.7129368185997009,0.5643753409385681,-0.25612398982048035,0.7967371940612793,0.6823181509971619,-0.3530539572238922,0.8271853923797607,0.8105436563491821,-0.4501030147075653,0.5305270552635193,0.550971269607544,-0.34897127747535706,0.6873986721038818,0.6570738554000854,-0.4710327982902527,0.777397871017456,0.733254075050354,-0.5394666194915771,0.8187462687492371,0.7881027460098267,-0.5809592604637146,0.4643861651420593,0.6454086303710938,-0.3320344388484955,0.6253345012664795,0.7488788366317749,-0.42673182487487793,0.7072123289108276,0.7745576500892639,-0.4449305832386017,0.7408926486968994,0.7845429182052612,-0.472790002822876,0.44564127922058105,0.723598837852478,-0.31197166442871094,0.6296042203903198,0.8160420656204224,-0.39121031761169434,0.7113358378410339,0.834384560585022,-0.3739989697933197,0.7411326169967651,0.8329162001609802,-0.3686491847038269,0.45349180698394775,0.7781808376312256,-0.30413538217544556,0.6124051213264465,0.8612736463546753,-0.36155474185943604,0.6852647662162781,0.873420238494873,-0.35004422068595886,0.7202985286712646,0.8657049536705017,-0.34714171290397644,oba
0.6383670568466187,0.5985284447669983,4.321697133491398e-07,0.6637352108955383,0.5717862248420715,-0.27503326535224915,0.6381986141204834,0.5993332862854004,-0.4131146967411041,0.6070700287818909,0.6897963285446167,-0.49583590030670166,0.5764710903167725,0.7914035320281982,-0.5604978799819946,0.4235911965370178,0.5415127277374268,-0.34987425804138184,0.4228602349758148,0.6405090689659119,-0.5178722143173218,0.44823601841926575,0.680865466594696,-0.595862090587616,0.42567941546440125,0.7063447833061218,-0.6315015554428101,0.4030853807926178,0.6090969443321228,-0.26019176840782166,0.42519673705101013,0.7502013444900513,-0.41283029317855835,0.5462051630020142,0.7275232672691345,-0.4136735200881958,0.5560879707336426,0.6706227660179138,-0.3905579149723053,0.4038735032081604,0.6855189800262451,-0.20072835683822632,0.439998984336853,0.7978447079658508,-0.34848350286483765,0.5507593750953674,0.7652816772460938,-0.3238043487071991,0.5426568984985352,0.7093675136566162,-0.27952587604522705,0.4122803509235382,0.7490668296813965,-0.16454780101776123,0.4660237729549408,0.8106383085250854,-0.26294204592704773,0.5360018610954285,0.7857567071914673,-0.2667585015296936,0.5439163446426392,0.7562524676322937,-0.25242093205451965,oba
0.6568272113800049,0.6159321665763855,7.149768066483375e-08,0.6823030114173889,0.5824652910232544,-0.23989155888557434,0.6570264101028442,0.6237286925315857,-0.3788437247276306,0.6152797341346741,0.7384637594223022,-0.4651753604412079,0.5688942670822144,0.8272087574005127,-0.5379136204719543,0.46035248041152954,0.578709065914154,-0.40933337807655334,0.4663621187210083,0.6616641283035278,-0.5672463774681091,0.488735169172287,0.7162846326828003,-0.6333505511283875,0.47753188014030457,0.746059238910675,-0.6687155961990356,0.4183289408683777,0.6133934855461121,-0.33897438645362854,0.45589756965637207,0.7290862798690796,-0.4962989091873169,0.5501221418380737,0.7584156394004822,-0.5081849098205566,0.5947840809822083,0.7463224530220032,-0.5029587745666504,0.4013079106807709,0.6623697280883789,-0.2860543727874756,0.4523668587207794,0.7560988068580627,-0.4321143329143524,0.5396392941474915,0.7661142349243164,-0.42557862401008606,0.5648382902145386,0.7381237149238586,-0.4030712842941284,0.40681192278862,0.7018214464187622,-0.25119447708129883,0.46996429562568665,0.7533655166625977,-0.36959752440452576,0.5308015942573547,0.7485058903694153,-0.3983335494995117,0.5481897592544556,0.7322571873664856,-0.40473195910453796,oba
0.6392978429794312,0.594096302986145,2.4452123170704e-07,0.6250976324081421,0.5511775016784668,-0.25523555278778076,0.5669777393341064,0.58447265625,-0.3658631145954132,0.5240811705589294,0.6994354724884033,-0.4272887110710144,0.4878668189048767,0.793219804763794,-0.4699338972568512,0.35829564929008484,0.5432355403900146,-0.26175588369369507,0.32809361815452576,0.6530572175979614,-0.40503159165382385,0.326415479183197,0.7025848031044006,-0.47712603211402893,0.2857047915458679,0.7273736000061035,-0.5116351246833801,0.36299216747283936,0.6158004999160767,-0.17938366532325745,0.38070306181907654,0.7670204639434814,-0.320900022983551,0.5069528222084045,0.7549470663070679,-0.3349585235118866,0.5369076132774353,0.6921418905258179,-0.3164391815662384,0.3812142610549927,0.691484272480011,-0.1297682225704193,0.4143972396850586,0.8101252317428589,-0.28415074944496155,0.5261185169219971,0.7781562209129333,-0.28765594959259033,0.527035117149353,0.7036207914352417,-0.2533634603023529,0.4061490595340729,0.7524667382240295,-0.10147367417812347,0.4536990523338318,0.8172686696052551,-0.21623872220516205,0.5258514285087585,0.7915325164794922,-0.23890924453735352,0.5399228930473328,0.7533719539642334,-0.23040935397148132,oba
0.6359096169471741,0.6164897680282593,1.6622674081645528e-07,0.5708532929420471,0.5698947906494141,-0.16550488770008087,0.48096561431884766,0.6150380373001099,-0.2379951924085617,0.42711004614830017,0.7295684218406677,-0.28517499566078186,0.3781467378139496,0.8166316747665405,-0.32181164622306824,0.3021172881126404,0.6118534803390503,-0.11194916814565659,0.2321082055568695,0.6868966221809387,-0.2102706879377365,0.18490710854530334,0.7439913153648376,-0.28811272978782654,0.1443076878786087,0.8048325181007385,-0.33745360374450684,0.3375653326511383,0.6795737743377686,-0.06869778782129288,0.29262876510620117,0.7696467638015747,-0.1789606511592865,0.3794672191143036,0.7319349050521851,-0.22885623574256897,0.4208347201347351,0.6867747902870178,-0.2423544079065323,0.38265568017959595,0.7414162158966064,-0.04921173304319382,0.3704409599304199,0.824748158454895,-0.16211150586605072,0.44824671745300293,0.7726413011550903,-0.18512511253356934,0.4543567895889282,0.7135679721832275,-0.17419303953647614,0.43253305554389954,0.7895352244377136,-0.044754695147275925,0.4407128095626831,0.8513340950012207,-0.12327313423156738,0.49230825901031494,0.8105559945106506,-0.1401526927947998,0.49713754653930664,0.7625858187675476,-0.13747595250606537,oba
0.6823387145996094,0.6148492097854614,6.903316318584984e-08,0.642349898815155,0.5586411952972412,-0.2123897522687912,0.5623595118522644,0.5921801924705505,-0.29598018527030945,0.5169509053230286,0.7273649573326111,-0.33523261547088623,0.4714398980140686,0.8299693465232849,-0.3577578067779541,0.3594484031200409,0.5927254557609558,-0.19844281673431396,0.2996100187301636,0.6907422542572021,-0.31452080607414246,0.26576071977615356,0.7506358027458191,-0.38741081953048706,0.2229425311088562,0.8023679256439209,-0.42722025513648987,0.37619876861572266,0.6621395349502563,-0.12582477927207947,0.3607577681541443,0.7857407927513123,-0.22781716287136078,0.4672732949256897,0.7411929965019226,-0.24827973544597626,0.4998348355293274,0.6791563034057617,-0.24288055300712585,0.40499651432037354,0.7282732129096985,-0.0802442729473114,0.41933488845825195,0.8327575325965881,-0.1918945014476776,0.5164063572883606,0.776799738407135,-0.19799257814884186,0.5062650442123413,0.7050147652626038,-0.1752108633518219,0.4420926570892334,0.7814673185348511,-0.0533057264983654,0.4666009545326233,0.8479121923446655,-0.13233493268489838,0.5307523608207703,0.8009004592895508,-0.14223279058933258,0.5366169214248657,0.7548756003379822,-0.13221900165081024,oba
0.6025880575180054,0.6500245928764343,1.4385010160822276e-07,0.5404337048530579,0.6036450266838074,-0.14557544887065887,0.44600820541381836,0.6317310333251953,-0.20959922671318054,0.38991472125053406,0.7303768992424011,-0.2508091628551483,0.33667173981666565,0.8083592057228088,-0.2837304174900055,0.2947750985622406,0.6233640313148499,-0.11486374586820602,0.22737979888916016,0.6835795044898987,-0.20230087637901306,0.17702315747737885,0.7282891273498535,-0.270541250705719,0.12044203281402588,0.7707317471504211,-0.3177753984928131,0.32606393098831177,0.6958300471305847,-0.08079349994659424,0.2827444076538086,0.7760455012321472,-0.18085676431655884,0.3493576645851135,0.74937504529953,-0.2277185469865799,0.3727737367153168,0.7160198092460632,-0.24554720520973206,0.3680923283100128,0.7594690322875977,-0.0657922700047493,0.3489866256713867,0.8324406743049622,-0.16706262528896332,0.4183320999145508,0.7889230251312256,-0.18845851719379425,0.42485761642456055,0.7397738695144653,-0.18337033689022064,0.41868579387664795,0.8056771755218506,-0.06411312520503998,0.42534399032592773,0.8604772090911865,-0.13609357178211212,0.47090017795562744,0.8263577222824097,-0.1536283791065216,0.47469988465309143,0.7862796783447266,-0.1557934284210205,oba
0.584108829498291,0.6798321008682251,1.1380858921938852e-07,0.5334869623184204,0.6309000253677368,-0.17638422548770905,0.44626373052597046,0.6568674445152283,-0.24939380586147308,0.39377886056900024,0.7477965354919434,-0.2914448082447052,0.33654314279556274,0.8306035995483398,-0.3210713565349579,0.28131651878356934,0.6443721652030945,-0.144693523645401,0.21690011024475098,0.703859269618988,-0.2489289790391922,0.17290955781936646,0.7525067925453186,-0.3246406018733978,0.1208401620388031,0.7976732850074768,-0.3718847930431366,0.3115406334400177,0.7141039967536926,-0.09581518918275833,0.27604782581329346,0.8006410598754883,-0.2133025974035263,0.36125195026397705,0.7756494879722595,-0.26177138090133667,0.39485207200050354,0.7385182976722717,-0.27458474040031433,0.34644198417663574,0.7795209288597107,-0.07003115862607956,0.3363342881202698,0.8549909591674805,-0.18637000024318695,0.4186471700668335,0.8131297826766968,-0.2074618935585022,0.42182156443595886,0.760421872138977,-0.1963815689086914,0.3857690393924713,0.8289322257041931,-0.05996240675449371,0.39826977252960205,0.8813634514808655,-0.13798154890537262,0.4514124393463135,0.8489434719085693,-0.15557242929935455,0.4543563723564148,0.8111510276794434,-0.15462465584278107,oba
0.6347241401672363,0.6362361907958984,9.615699525511445e-08,0.5678654909133911,0.5916518568992615,-0.138935849070549,0.4735817313194275,0.625146210193634,-0.19740347564220428,0.4162684679031372,0.7214006185531616,-0.23511944711208344,0.36411920189857483,0.7997207641601562,-0.2653172016143799,0.3198603689670563,0.6209985613822937,-0.09322232007980347,0.2503705322742462,0.6834279298782349,-0.1707635372877121,0.2008027732372284,0.7348712682723999,-0.23549973964691162,0.15623246133327484,0.7860536575317383,-0.2802160680294037,0.34845003485679626,0.6879117488861084,-0.05939396470785141,0.3008885383605957,0.7771121859550476,-0.1536622941493988,0.3697175085544586,0.7519977688789368,-0.20408599078655243,0.408336877822876,0.7144821882247925,-0.22382137179374695,0.3907777667045593,0.748233437538147,-0.04412337765097618,0.3731287121772766,0.8248496055603027,-0.14165666699409485,0.4391765594482422,0.7852198481559753,-0.169926255941391,0.4546940326690674,0.7360525131225586,-0.16858722269535065,0.44348472356796265,0.7925111651420593,-0.04131001606583595,0.4487469792366028,0.8493654131889343,-0.11281751096248627,0.49312716722488403,0.8177785277366638,-0.13493207097053528,0.5020563006401062,0.7780378460884094,-0.1394776850938797,oba
0.6822512745857239,0.6810131669044495,3.776604273753037e-07,0.6523171663284302,0.6327751874923706,-0.2301376610994339,0.5795259475708008,0.664333164691925,-0.3295767903327942,0.5296192169189453,0.7764883041381836,-0.38466572761535645,0.4862508475780487,0.8752332925796509,-0.4222216308116913,0.39827075600624084,0.6431875824928284,-0.21645154058933258,0.36548322439193726,0.7447695136070251,-0.3454228341579437,0.36187514662742615,0.780875563621521,-0.4166983664035797,0.33267688751220703,0.8040400147438049,-0.4504386782646179,0.4215521514415741,0.7150850892066956,-0.13957495987415314,0.4099050760269165,0.8347148895263672,-0.2604689300060272,0.5103684663772583,0.8016930818557739,-0.2783607542514801,0.5279562473297119,0.7472579479217529,-0.2661808729171753,0.44809138774871826,0.7801550030708313,-0.09307635575532913,0.4600195288658142,0.8758112192153931,-0.21937726438045502,0.5502510070800781,0.8358011841773987,-0.22192998230457306,0.5354511737823486,0.7745127081871033,-0.19369129836559296,0.47478336095809937,0.8318035006523132,-0.06692670285701752,0.5062292814254761,0.8865017294883728,-0.15336519479751587,0.5627570748329163,0.8532306551933289,-0.16819743812084198,0.5613685250282288,0.8151073455810547,-0.1605837643146515,oba
0.7347756028175354,0.6527020335197449,5.055476322013419e-07,0.7458288073539734,0.5598872303962708,-0.20133906602859497,0.7125385999679565,0.5486232042312622,-0.3252251148223877,0.6801217198371887,0.6636698246002197,-0.40259239077568054,0.6674663424491882,0.7756933569908142,-0.46631449460983276,0.5207961201667786,0.5480690002441406,-0.37836891412734985,0.551547646522522,0.6162676811218262,-0.5235387682914734,0.6054583191871643,0.6710442304611206,-0.5805098414421082,0.6129752993583679,0.7108404040336609,-0.6065529584884644,0.5006823539733887,0.6392249464988708,-0.32193443179130554,0.5691390037536621,0.7316227555274963,-0.4525272250175476,0.6586610674858093,0.7249245643615723,-0.45438724756240845,0.6898333430290222,0.7019608020782471,-0.4467518627643585,0.5080680251121521,0.720393717288971,-0.2775828540325165,0.5890091061592102,0.7840803861618042,-0.38839229941368103,0.6702381372451782,0.7622535824775696,-0.36175280809402466,0.6830599308013916,0.7121302485466003,-0.3325517177581787,0.5310961604118347,0.7783584594726562,-0.2502347230911255,0.6123086214065552,0.8087666630744934,-0.3318285346031189,0.6702799797058105,0.7853552103042603,-0.33597642183303833,0.6796780824661255,0.7524540424346924,-0.3300922214984894,oba
0.6846027374267578,0.635371208190918,2.1258415472402703e-08,0.6646721363067627,0.593889594078064,-0.19134178757667542,0.6112668514251709,0.6351512670516968,-0.28602153062820435,0.5779064893722534,0.7532345056533813,-0.34473225474357605,0.5710943937301636,0.8206944465637207,-0.3887535631656647,0.43374940752983093,0.5723292231559753,-0.22595296800136566,0.4427940249443054,0.6646400690078735,-0.352300763130188,0.46560677886009216,0.7190743684768677,-0.41174232959747314,0.4489475190639496,0.7455214262008667,-0.440348356962204,0.42697590589523315,0.6294584274291992,-0.17309165000915527,0.4700090289115906,0.7633024454116821,-0.29506680369377136,0.580068826675415,0.7671511173248291,-0.30221793055534363,0.611628532409668,0.7216983437538147,-0.2875362038612366,0.4383283257484436,0.6934559345245361,-0.14545734226703644,0.48459914326667786,0.8007895946502686,-0.27472996711730957,0.5840254426002502,0.7829029560089111,-0.271017849445343,0.5945858955383301,0.7249754667282104,-0.2420644909143448,0.45822495222091675,0.7463815212249756,-0.13424751162528992,0.5204309821128845,0.8124685287475586,-0.2342488020658493,0.5852159261703491,0.7943297028541565,-0.25428682565689087,0.5922361016273499,0.7629373073577881,-0.24989186227321625,oba
0.5840398073196411,0.5825286507606506,-3.055757247238944e-07,0.5399643778800964,0.5596981644630432,-0.11969681084156036,0.5271398425102234,0.6024540662765503,-0.22175271809101105,0.5753358006477356,0.7290507555007935,-0.30252060294151306,0.6421855092048645,0.8169445991516113,-0.3798591196537018,0.537742018699646,0.5198849439620972,-0.279573917388916,0.5927894115447998,0.6444191932678223,-0.39298582077026367,0.6230530738830566,0.7333741188049316,-0.4632391035556793,0.6417471766471863,0.7828708291053772,-0.5086228847503662,0.5667758584022522,0.584961473941803,-0.26405689120292664,0.6206080913543701,0.7097584009170532,-0.368642121553421,0.6365540623664856,0.779175341129303,-0.40372157096862793,0.642784595489502,0.8006800413131714,-0.4329677224159241,0.589177131652832,0.6460312604904175,-0.24819079041481018,0.6362852454185486,0.7587487101554871,-0.3354356586933136,0.6478869318962097,0.8039817810058594,-0.3313324749469757,0.6430044770240784,0.8087059855461121,-0.326676607131958,0.6025899052619934,0.6986175179481506,-0.24188336730003357,0.624272882938385,0.8015047311782837,-0.31065112352371216,0.6327372789382935,0.8225904703140259,-0.3135250210762024,0.6259114742279053,0.8093175888061523,-0.3140242397785187,oba
0.5110638737678528,0.5264536738395691,3.221097415462282e-07,0.5807110071182251,0.48027926683425903,-0.1790667176246643,0.6165193319320679,0.512923002243042,-0.31781384348869324,0.6632153987884521,0.6394968032836914,-0.4216834604740143,0.6885898113250732,0.7785531282424927,-0.5236466526985168,0.5056578516960144,0.5104008913040161,-0.42088085412979126,0.5731992125511169,0.6194957494735718,-0.5572117567062378,0.6370781660079956,0.6780290007591248,-0.6216210722923279,0.6629374027252197,0.7138774991035461,-0.6616383194923401,0.47252151370048523,0.6122629642486572,-0.38564568758010864,0.5748417973518372,0.7312221527099609,-0.5152704119682312,0.6409560441970825,0.750401496887207,-0.5408435463905334,0.6688351631164551,0.7361812591552734,-0.5664724707603455,0.46531954407691956,0.6942553520202637,-0.3497135639190674,0.5803806185722351,0.8003979921340942,-0.4607340395450592,0.6426047086715698,0.8030961155891418,-0.45882585644721985,0.6704777479171753,0.7688692212104797,-0.45762771368026733,0.4775746166706085,0.7496955394744873,-0.3279201090335846,0.5801292061805725,0.8277708292007446,-0.41868653893470764,0.6442444324493408,0.8245759010314941,-0.4349086582660675,0.6833560466766357,0.7946394085884094,-0.4483334720134735,oba
0.5585919618606567,0.602245032787323,-5.163801688468084e-07,0.5080999732017517,0.5474537014961243,-0.09685292094945908,0.49517884850502014,0.5678306221961975,-0.18737435340881348,0.5342922806739807,0.6965678334236145,-0.2614781856536865,0.5958951711654663,0.7988504767417908,-0.3320048153400421,0.4772465229034424,0.5381878614425659,-0.2585958242416382,0.5492836236953735,0.669018030166626,-0.36206334829330444,0.5769457817077637,0.7601367235183716,-0.41723108291625977,0.5880985260009766,0.7938730716705322,-0.4517759084701538,0.5254430174827576,0.6265450119972229,-0.25243067741394043,0.5824239253997803,0.7588521242141724,-0.33962953090667725,0.5959799289703369,0.8219573497772217,-0.3513237535953522,0.5976063013076782,0.822930097579956,-0.3662629723548889,0.5662255883216858,0.702404260635376,-0.24533714354038239,0.6160639524459839,0.8082693815231323,-0.32150718569755554,0.6223849654197693,0.8499064445495605,-0.3019960820674896,0.609551191329956,0.8347090482711792,-0.28850436210632324,0.5941929817199707,0.7624193429946899,-0.24591171741485596,0.6290958523750305,0.8658571243286133,-0.30343589186668396,0.6308549642562866,0.8793305158615112,-0.2941509485244751,0.6140135526657104,0.8493872880935669,-0.2873121201992035,oba
0.535078763961792,0.5444139242172241,4.4547564925778715e-07,0.5990215539932251,0.4825590252876282,-0.19730770587921143,0.6355370283126831,0.4946928918361664,-0.3433137834072113,0.6845639944076538,0.5950990319252014,-0.452375203371048,0.722506046295166,0.7158423662185669,-0.5600595474243164,0.5067689418792725,0.4757589101791382,-0.4154668152332306,0.6063874959945679,0.5639159083366394,-0.5720264911651611,0.6778145432472229,0.6031339168548584,-0.6532572507858276,0.700766921043396,0.6188632249832153,-0.7032356858253479,0.48896175622940063,0.5790443420410156,-0.37595632672309875,0.6065672039985657,0.6543331146240234,-0.5327255129814148,0.6833356618881226,0.6807599067687988,-0.5785737633705139,0.6988516449928284,0.673948347568512,-0.6109766960144043,0.48975709080696106,0.6646118760108948,-0.3400431275367737,0.6116664409637451,0.7344644069671631,-0.4763842225074768,0.6799725294113159,0.7430131435394287,-0.4906071126461029,0.691525936126709,0.7115659117698669,-0.49367883801460266,0.5011667013168335,0.7245477437973022,-0.318222314119339,0.6032614707946777,0.7760924100875854,-0.41545411944389343,0.6635810136795044,0.768963098526001,-0.4381946921348572,0.6866076588630676,0.7365423440933228,-0.4551525115966797,oba
0.6719194650650024,0.6102244257926941,5.640696372211096e-07,0.6898744106292725,0.5265902280807495,-0.19731292128562927,0.6630831956863403,0.5079900026321411,-0.31713205575942993,0.64430171251297,0.5988072156906128,-0.3913165330886841,0.6367490887641907,0.7074004411697388,-0.4555075764656067,0.47808846831321716,0.48666009306907654,-0.37434113025665283,0.5356307029724121,0.5593497157096863,-0.5034328699111938,0.5732498168945312,0.5960153341293335,-0.5556086897850037,0.5532243847846985,0.6156160831451416,-0.5844261646270752,0.45249053835868835,0.5742794275283813,-0.3163362145423889,0.5468687415122986,0.6649110317230225,-0.43023714423179626,0.626663863658905,0.6526657938957214,-0.43414393067359924,0.6365571022033691,0.6218869090080261,-0.4329219162464142,0.45574092864990234,0.6531262397766113,-0.26656457781791687,0.5685019493103027,0.7320961952209473,-0.359077513217926,0.6417001485824585,0.7079207897186279,-0.33549442887306213,0.6376029253005981,0.6533939838409424,-0.3144401013851166,0.47640934586524963,0.7105425000190735,-0.23393811285495758,0.5706331729888916,0.7615013122558594,-0.30313757061958313,0.6314355134963989,0.741412878036499,-0.3053637444972992,0.6406588554382324,0.7032994627952576,-0.301779180765152,oba
0.648932158946991,0.5833783149719238,7.361165899055777e-07,0.6832112073898315,0.5610478520393372,-0.26039189100265503,0.6675972938537598,0.5919283628463745,-0.40790891647338867,0.6362292766571045,0.6618238091468811,-0.5027608871459961,0.6067527532577515,0.7329753637313843,-0.5771125555038452,0.4571176767349243,0.5285316705703735,-0.36453816294670105,0.4870339334011078,0.6312227845191956,-0.49231550097465515,0.5366475582122803,0.6213138699531555,-0.5199434161186218,0.5125936269760132,0.59016352891922,-0.5283318161964417,0.43607279658317566,0.5841043591499329,-0.28119197487831116,0.47334396839141846,0.6940497159957886,-0.40631744265556335,0.5919851660728455,0.663608193397522,-0.3771718442440033,0.5662835836410522,0.6109060049057007,-0.3366042375564575,0.4348001778125763,0.651718258857727,-0.22043655812740326,0.499612420797348,0.7471305131912231,-0.3314765691757202,0.6038365960121155,0.7089251279830933,-0.28154727816581726,0.5724591612815857,0.658978283405304,-0.23198428750038147,0.44044581055641174,0.7109370231628418,-0.18253087997436523,0.5337861776351929,0.7725944519042969,-0.2557370960712433,0.6018344759941101,0.7414678931236267,-0.2489662915468216,0.5864750146865845,0.7056748270988464,-0.23434366285800934,oba
0.5820847749710083,0.6162301301956177,1.0016826763603603e-06,0.6520542502403259,0.5407811999320984,-0.22075995802879333,0.6585005521774292,0.5347427129745483,-0.3600684702396393,0.6596090197563171,0.6307429075241089,-0.451323926448822,0.6458470225334167,0.7411842346191406,-0.5310996770858765,0.4985511898994446,0.47960108518600464,-0.4107399880886078,0.5454227924346924,0.5753095746040344,-0.543610692024231,0.5891285538673401,0.6300044655799866,-0.591891348361969,0.5778387784957886,0.6559140086174011,-0.6145007610321045,0.4595261216163635,0.5703362226486206,-0.34630030393600464,0.5172274112701416,0.65813148021698,-0.46625471115112305,0.5878665447235107,0.6591018438339233,-0.4670964777469635,0.5974641442298889,0.6279850006103516,-0.46144357323646545,0.454388827085495,0.6490575671195984,-0.2908702492713928,0.548861026763916,0.7271533012390137,-0.3915643095970154,0.6175225377082825,0.7174343466758728,-0.3645697832107544,0.6219379901885986,0.666196882724762,-0.33638453483581543,0.46469995379447937,0.7026332020759583,-0.25454676151275635,0.55601567029953,0.7547107934951782,-0.3287558853626251,0.6131007075309753,0.7424299120903015,-0.3318285346031189,0.6297416687011719,0.7032684683799744,-0.32765382528305054,oba
0.66851407289505,0.6243245005607605,2.2645217256922479e-07,0.6666877269744873,0.5686344504356384,-0.27613720297813416,0.6340348720550537,0.5999396443367004,-0.4228628873825073,0.6095060110092163,0.7164928913116455,-0.5132392644882202,0.5864132046699524,0.845253586769104,-0.5897471308708191,0.44022342562675476,0.555382490158081,-0.38360729813575745,0.4238596558570862,0.6566576361656189,-0.5478363633155823,0.4155746400356293,0.7260107398033142,-0.6282864212989807,0.38663095235824585,0.778697669506073,-0.6685410737991333,0.44431808590888977,0.6444157958030701,-0.30134713649749756,0.4508987069129944,0.8030179738998413,-0.468084454536438,0.5604838728904724,0.8133548498153687,-0.49011069536209106,0.6102690696716309,0.7724807262420654,-0.4793180525302887,0.4613721966743469,0.7313339710235596,-0.24418069422245026,0.47743797302246094,0.8457233905792236,-0.4052930474281311,0.566703200340271,0.8157642483711243,-0.40436115860939026,0.5723305344581604,0.7460291385650635,-0.3716452419757843,0.48753613233566284,0.7986558079719543,-0.2085627168416977,0.5187544822692871,0.8627146482467651,-0.32834213972091675,0.575225830078125,0.8306288719177246,-0.346463680267334,0.5887891054153442,0.7893337607383728,-0.3379424512386322,oba
0.6892070770263672,0.6004570722579956,1.0765186431171969e-07,0.6712733507156372,0.5314545035362244,-0.21683736145496368,0.60772305727005,0.5468049645423889,-0.30361276865005493,0.5539293885231018,0.6690910458564758,-0.3474252223968506,0.5114101767539978,0.7716599702835083,-0.3718408942222595,0.392658531665802,0.5123574733734131,-0.2053210288286209,0.35658878087997437,0.6109153032302856,-0.3180626928806305,0.36059707403182983,0.6547079682350159,-0.37319216132164,0.3207489252090454,0.6684955954551697,-0.40097448229789734,0.39878350496292114,0.5954282283782959,-0.13901379704475403,0.4080784022808075,0.7372877597808838,-0.25302639603614807,0.53227698802948,0.7264533638954163,-0.26658952236175537,0.560728907585144,0.6645973920822144,-0.2544580101966858,0.4211861193180084,0.682043731212616,-0.10133444517850876,0.4515121281147003,0.7965366244316101,-0.23437435925006866,0.5610281229019165,0.7652881145477295,-0.24271036684513092,0.55912184715271,0.6879048943519592,-0.21739491820335388,0.4525794982910156,0.7512632012367249,-0.0815555602312088,0.4977870285511017,0.8214173316955566,-0.17931656539440155,0.5665703415870667,0.7900844812393188,-0.19957910478115082,0.573793888092041,0.7487630844116211,-0.1940903663635254,oba
0.7050868272781372,0.6293388605117798,3.2121175763677456e-07,0.7110611200332642,0.5859559178352356,-0.2785583436489105,0.6802597641944885,0.610332727432251,-0.42708179354667664,0.6543884873390198,0.716149091720581,-0.5218813419342041,0.6312410831451416,0.8357270359992981,-0.6010430455207825,0.47742852568626404,0.5282877683639526,-0.36289182305336,0.44847798347473145,0.5937729477882385,-0.5475937128067017,0.42894208431243896,0.6524446606636047,-0.6411253213882446,0.3874914050102234,0.7022342681884766,-0.6864635348320007,0.4664270281791687,0.6160936951637268,-0.28246739506721497,0.4708663523197174,0.76775723695755,-0.4637107849121094,0.6080604791641235,0.7906973361968994,-0.4792752265930176,0.6587517857551575,0.7475048303604126,-0.4580736756324768,0.47228026390075684,0.7057115435600281,-0.23346556723117828,0.5004045367240906,0.8229361772537231,-0.41126859188079834,0.6159311532974243,0.8058977723121643,-0.4033554196357727,0.6231032609939575,0.7357268929481506,-0.3615194857120514,0.48820701241493225,0.773722767829895,-0.20709651708602905,0.5395231246948242,0.8492676019668579,-0.3327462077140808,0.6184860467910767,0.8294274806976318,-0.34848764538764954,0.6310229897499084,0.7870221138000488,-0.33750012516975403,oba
0.6814723014831543,0.6453326344490051,5.853846118952788e-07,0.6888744831085205,0.6090050935745239,-0.31702589988708496,0.6529257297515869,0.6462367177009583,-0.4681093692779541,0.6270477771759033,0.7617740035057068,-0.553176760673523,0.5970900058746338,0.8904677033424377,-0.61890709400177,0.4104171097278595,0.5841673016548157,-0.40122050046920776,0.37492966651916504,0.7170210480690002,-0.5778247117996216,0.3594529628753662,0.7766298055648804,-0.6613696813583374,0.3103102445602417,0.8088616728782654,-0.700796365737915,0.4173639714717865,0.6676686406135559,-0.2910473048686981,0.4194815456867218,0.84494948387146,-0.45284420251846313,0.5570361018180847,0.8353062272071838,-0.45507681369781494,0.5946446061134338,0.764212965965271,-0.42988184094429016,0.4298374652862549,0.7545907497406006,-0.21438199281692505,0.4552452564239502,0.8943426012992859,-0.3802201747894287,0.5739830732345581,0.8542430400848389,-0.3712286055088043,0.5719539523124695,0.7653185725212097,-0.33138614892959595,0.4430638253688812,0.8215256929397583,-0.16319042444229126,0.48952382802963257,0.9029332399368286,-0.2874390780925751,0.5678593516349792,0.8739199042320251,-0.3085533082485199,0.5820789933204651,0.8288635611534119,-0.3010992705821991,oba
0.6263179183006287,0.6440670490264893,1.905255260226113e-07,0.6043789386749268,0.5784340500831604,-0.2603488862514496,0.5526571869850159,0.6040551066398621,-0.36731210350990295,0.5293317437171936,0.7311604022979736,-0.4214550256729126,0.5089978575706482,0.8437719345092773,-0.45895907282829285,0.33061593770980835,0.572664737701416,-0.28565430641174316,0.25190895795822144,0.6577618718147278,-0.4423314332962036,0.19894234836101532,0.7230997681617737,-0.5382453799247742,0.12973913550376892,0.7680339217185974,-0.589287281036377,0.3545694947242737,0.6501905918121338,-0.19721636176109314,0.355690062046051,0.7849106788635254,-0.34583422541618347,0.47618502378463745,0.7923067808151245,-0.3789753019809723,0.5272931456565857,0.7391796112060547,-0.3739725947380066,0.3815465569496155,0.7287561893463135,-0.13971830904483795,0.39976656436920166,0.8443702459335327,-0.29835838079452515,0.5121043920516968,0.8163320422172546,-0.321152925491333,0.5286962985992432,0.7296192049980164,-0.29849380254745483,0.41099220514297485,0.7844563126564026,-0.1026369109749794,0.4418216347694397,0.8731269836425781,-0.22811517119407654,0.5187345147132874,0.8456282615661621,-0.2601986527442932,0.545647919178009,0.7880423665046692,-0.2557460069656372,oba
0.5481942892074585,0.6612467169761658,6.609642468902166e-07,0.6364326477050781,0.5901020169258118,-0.19050273299217224,0.6759583353996277,0.5961908102035522,-0.3299991488456726,0.7117400765419006,0.6931617856025696,-0.4355209171772003,0.7173635959625244,0.8163039684295654,-0.5358458757400513,0.5020956993103027,0.5359266400337219,-0.37534230947494507,0.5617898106575012,0.6496886610984802,-0.5047455430030823,0.6173093318939209,0.690880537033081,-0.5665361881256104,0.6293379068374634,0.7098658084869385,-0.6025003790855408,0.44993457198143005,0.6336175799369812,-0.32758229970932007,0.5818650722503662,0.7632417678833008,-0.4484407901763916,0.6524006724357605,0.7579598426818848,-0.46374377608299255,0.6676080226898193,0.7254283428192139,-0.47585922479629517,0.43513816595077515,0.7205438613891602,-0.2852281928062439,0.5815895795822144,0.8273355960845947,-0.3755705654621124,0.639097273349762,0.8124740123748779,-0.3535645604133606,0.6512672901153564,0.765579104423523,-0.33678752183914185,0.4401133358478546,0.7831634283065796,-0.26125869154930115,0.5684875249862671,0.8546938896179199,-0.3217870593070984,0.6193116307258606,0.8403921723365784,-0.31931036710739136,0.6369967460632324,0.7981002330780029,-0.31698688864707947,oba
0.5295225977897644,0.5676758289337158,5.722947662434308e-07,0.5937957763671875,0.5271328091621399,-0.13815811276435852,0.6580164432525635,0.5698062777519226,-0.27013519406318665,0.7447261810302734,0.719886302947998,-0.37913236021995544,0.8093580007553101,0.8695142865180969,-0.48923981189727783,0.504627525806427,0.5555350184440613,-0.35981741547584534,0.6591683626174927,0.6733271479606628,-0.5052418112754822,0.7455354332923889,0.7279962301254272,-0.5929227471351624,0.777729332447052,0.7615903615951538,-0.6458382606506348,0.4813920557498932,0.6605995893478394,-0.3482356071472168,0.6520028710365295,0.7645491361618042,-0.4663703441619873,0.7248740792274475,0.7822024822235107,-0.4954551160335541,0.739530622959137,0.7786829471588135,-0.5280364155769348,0.48898568749427795,0.7464540600776672,-0.3355829417705536,0.6636441946029663,0.8330644965171814,-0.4308048188686371,0.7251421213150024,0.8443698883056641,-0.41835516691207886,0.7337626218795776,0.8268389701843262,-0.41343751549720764,0.5116296410560608,0.808758020401001,-0.33563724160194397,0.6500099301338196,0.8791772127151489,-0.3988224267959595,0.7082523107528687,0.8833345174789429,-0.38960567116737366,0.7317856550216675,0.8661798238754272,-0.38873231410980225,oba
0.5892688035964966,0.6329538226127625,8.159677236108109e-07,0.6155108213424683,0.5569104552268982,-0.2157975137233734,0.6205015182495117,0.5511594414710999,-0.36950790882110596,0.6365517973899841,0.6354785561561584,-0.4770982563495636,0.6446312665939331,0.7544158697128296,-0.577965497970581,0.45936453342437744,0.5134657025337219,-0.4305652678012848,0.5163155794143677,0.5876969695091248,-0.5822194218635559,0.5438344478607178,0.6237972974777222,-0.6498680710792542,0.5383506417274475,0.6623896360397339,-0.6847332715988159,0.4288841485977173,0.606971025466919,-0.3670099079608917,0.5160766839981079,0.6862434148788452,-0.5001047253608704,0.5795599222183228,0.6780929565429688,-0.5042777061462402,0.5936701893806458,0.6584659814834595,-0.5022971034049988,0.42450663447380066,0.685782253742218,-0.3114853799343109,0.5362099409103394,0.7521418333053589,-0.4106122553348541,0.5973331928253174,0.7310535907745361,-0.38044506311416626,0.601442813873291,0.684785008430481,-0.3551560044288635,0.43164339661598206,0.7405677437782288,-0.2754860818386078,0.5308535099029541,0.7879211902618408,-0.3430096209049225,0.5815580487251282,0.7709934711456299,-0.3441309630870819,0.592615008354187,0.7308704257011414,-0.34240177273750305,oba
0.6034190058708191,0.6101207733154297,4.188373168290127e-07,0.6100157499313354,0.5681106448173523,-0.19374969601631165,0.5882875919342041,0.5851005911827087,-0.29863640666007996,0.5678937435150146,0.6623731255531311,-0.36758318543434143,0.5402378439903259,0.7517409920692444,-0.4245520532131195,0.43107870221138,0.5459946990013123,-0.24390830099582672,0.4277523458003998,0.5933850407600403,-0.3755708932876587,0.43262070417404175,0.6171253323554993,-0.4415034353733063,0.40497398376464844,0.6372396945953369,-0.47361162304878235,0.43022221326828003,0.6124340891838074,-0.19154812395572662,0.4432937800884247,0.7137501835823059,-0.3204885721206665,0.5371817946434021,0.705370306968689,-0.3322920799255371,0.5511970520019531,0.661773681640625,-0.31876319646835327,0.4410184621810913,0.6801394820213318,-0.16256733238697052,0.4680657386779785,0.7568433284759521,-0.29065951704978943,0.549694299697876,0.7286513447761536,-0.2844318151473999,0.5379642248153687,0.6767049431800842,-0.2551017105579376,0.45621952414512634,0.7305347323417664,-0.14938248693943024,0.5030295848846436,0.7767990231513977,-0.23795416951179504,0.5557924509048462,0.7539349794387817,-0.248618021607399,0.5507120490074158,0.7237920761108398,-0.24122221767902374,oba
0.6246243119239807,0.6291093230247498,3.302056086340599e-07,0.6362338066101074,0.584105908870697,-0.190346360206604,0.606203556060791,0.5971710681915283,-0.29977989196777344,0.5733555555343628,0.6929957866668701,-0.3681105971336365,0.5421723127365112,0.7881659269332886,-0.4240528345108032,0.4329851567745209,0.5467132925987244,-0.3114076852798462,0.48041412234306335,0.6258864402770996,-0.41751521825790405,0.5069795846939087,0.640414834022522,-0.448587566614151,0.494670033454895,0.6411828398704529,-0.4612618386745453,0.40168648958206177,0.6146465539932251,-0.254711389541626,0.49087226390838623,0.7143493890762329,-0.35012519359588623,0.5706977248191833,0.7008529305458069,-0.3368225395679474,0.5756523013114929,0.6679542064666748,-0.3179900646209717,0.40067043900489807,0.6811636090278625,-0.21103304624557495,0.5034726858139038,0.768799901008606,-0.2972898781299591,0.5736665725708008,0.7462884187698364,-0.26628971099853516,0.5630872845649719,0.7036717534065247,-0.23588190972805023,0.4178364872932434,0.7360095977783203,-0.18449489772319794,0.511834979057312,0.798858106136322,-0.2497258186340332,0.5687844753265381,0.7722952365875244,-0.2485075145959854,0.5699235200881958,0.7392584085464478,-0.2386711686849594,oba
0.6001641750335693,0.5896071195602417,3.5788437457995315e-07,0.5934289693832397,0.5463679432868958,-0.19963164627552032,0.5497962236404419,0.5620291829109192,-0.29196447134017944,0.518706202507019,0.6444687843322754,-0.3471162021160126,0.477541446685791,0.7252976894378662,-0.39024341106414795,0.3809179663658142,0.5344996452331543,-0.21852639317512512,0.34343117475509644,0.5960637331008911,-0.33240216970443726,0.31976836919784546,0.6231970191001892,-0.3893761932849884,0.2728368639945984,0.6385123133659363,-0.4166739881038666,0.38469842076301575,0.5976349711418152,-0.15435996651649475,0.4131063222885132,0.7019649744033813,-0.265368789434433,0.5079684257507324,0.6977553963661194,-0.27448463439941406,0.5201263427734375,0.6579729914665222,-0.25946295261383057,0.4021177291870117,0.6595367789268494,-0.11428993195295334,0.44150084257125854,0.7435213327407837,-0.23151950538158417,0.5265461206436157,0.7212464213371277,-0.22819525003433228,0.5168671607971191,0.6698857545852661,-0.19938325881958008,0.42124515771865845,0.7080450654029846,-0.09079204499721527,0.4649699032306671,0.7599449157714844,-0.1734110713005066,0.522980809211731,0.7390769124031067,-0.18301557004451752,0.526487410068512,0.7078371047973633,-0.17206701636314392,oba
0.5695353746414185,0.5677921772003174,1.5301132805234374e-07,0.569480836391449,0.5289007425308228,-0.18810944259166718,0.5340016484260559,0.539283275604248,-0.2726137936115265,0.5057474374771118,0.6177775263786316,-0.32054582238197327,0.4722209870815277,0.698828399181366,-0.35788068175315857,0.37387752532958984,0.5094090700149536,-0.2067447155714035,0.34768974781036377,0.5674698352813721,-0.31495174765586853,0.3324386179447174,0.5989643335342407,-0.37393733859062195,0.3003811836242676,0.6201850771903992,-0.40365085005760193,0.37415367364883423,0.567931592464447,-0.1475485861301422,0.38714054226875305,0.6749314665794373,-0.2609447240829468,0.47595179080963135,0.6818957924842834,-0.2812954783439636,0.5104067325592041,0.6496639847755432,-0.27337193489074707,0.38736873865127563,0.6280770301818848,-0.11030147969722748,0.41280460357666016,0.7110224366188049,-0.229933500289917,0.4929431676864624,0.7026006579399109,-0.23892948031425476,0.5006475448608398,0.6587313413619995,-0.21722453832626343,0.40517306327819824,0.6732350587844849,-0.08792833983898163,0.43941688537597656,0.7252369523048401,-0.17836730182170868,0.492709755897522,0.7151769995689392,-0.19834427535533905,0.5049980878829956,0.6909704208374023,-0.19376106560230255,oba
0.6075690984725952,0.6202423572540283,-1.8681907132389597e-09,0.6048996448516846,0.5781303644180298,-0.1879672259092331,0.5606886148452759,0.5997703075408936,-0.3045065104961395,0.4979507327079773,0.6640609502792358,-0.3901418447494507,0.46190357208251953,0.7085856199264526,-0.46562430262565613,0.3966744840145111,0.5273735523223877,-0.2748291790485382,0.40156424045562744,0.5946351289749146,-0.39524853229522705,0.4504598379135132,0.63890141248703,-0.44132131338119507,0.47630780935287476,0.652503490447998,-0.4638652205467224,0.37202852964401245,0.5832484364509583,-0.2252790778875351,0.39956018328666687,0.6851220726966858,-0.3560532033443451,0.4820965528488159,0.7220227122306824,-0.3703147768974304,0.5182814598083496,0.7082766890525818,-0.3638613522052765,0.36833426356315613,0.6467676162719727,-0.19212768971920013,0.4107045531272888,0.7389140725135803,-0.31909987330436707,0.4863933026790619,0.7524588704109192,-0.31262728571891785,0.5177482962608337,0.723564624786377,-0.28751689195632935,0.3749200999736786,0.7059042453765869,-0.1736362874507904,0.4305810332298279,0.7732054591178894,-0.270724892616272,0.4900941252708435,0.7726708650588989,-0.2873781621456146,0.5128601789474487,0.7457491159439087,-0.28348180651664734,oba
0.6125566363334656,0.6173177361488342,3.3696642276481725e-07,0.596758246421814,0.5835485458374023,-0.21654678881168365,0.5556532144546509,0.6137576699256897,-0.316041499376297,0.5340554714202881,0.7064753770828247,-0.3752365708351135,0.515519380569458,0.7878094911575317,-0.4207950532436371,0.3874882459640503,0.5522914528846741,-0.2322983741760254,0.36339467763900757,0.6329901218414307,-0.3598387539386749,0.3563883304595947,0.6682389974594116,-0.42194947600364685,0.3241158127784729,0.6836704611778259,-0.4509863257408142,0.3955844044685364,0.6191914081573486,-0.16568239033222198,0.3966594338417053,0.7558548450469971,-0.29697883129119873,0.5057065486907959,0.7644117474555969,-0.30841100215911865,0.539768397808075,0.7155933976173401,-0.2889052927494049,0.41179269552230835,0.6884958744049072,-0.1273597925901413,0.4311450719833374,0.7936531901359558,-0.2702212333679199,0.5283136963844299,0.7791580557823181,-0.27558448910713196,0.5352069139480591,0.7166432738304138,-0.2449103593826294,0.4305090010166168,0.7416674494743347,-0.10642517358064651,0.474740594625473,0.8067479729652405,-0.21780575811862946,0.5355120897293091,0.7934432029724121,-0.24576465785503387,0.5443089008331299,0.7589188814163208,-0.2426868975162506,oba
0.613194465637207,0.6206651329994202,-2.6993603796654497e-07,0.6217888593673706,0.5952065587043762,-0.17272783815860748,0.5819384455680847,0.6128544211387634,-0.2696022391319275,0.527383029460907,0.6790860891342163,-0.3331042528152466,0.4896455407142639,0.7304583787918091,-0.38196510076522827,0.3972030580043793,0.5520415306091309,-0.25619667768478394,0.42581599950790405,0.6469103097915649,-0.36124658584594727,0.5011881589889526,0.6837909817695618,-0.3934493362903595,0.5204566121101379,0.6717270016670227,-0.40839800238609314,0.3752598762512207,0.574924111366272,-0.21030710637569427,0.43369969725608826,0.678101658821106,-0.3208242654800415,0.5144309997558594,0.7069064974784851,-0.3261370360851288,0.5256472229957581,0.6913559436798096,-0.31832051277160645,0.37672194838523865,0.6123214960098267,-0.17947758734226227,0.4381907880306244,0.703721284866333,-0.29246193170547485,0.510483980178833,0.7172210216522217,-0.28628095984458923,0.5151394009590149,0.6901718974113464,-0.26545941829681396,0.39082440733909607,0.6472537517547607,-0.16151994466781616,0.456407755613327,0.7110086679458618,-0.25113117694854736,0.5083495378494263,0.7154489159584045,-0.26853764057159424,0.5101950764656067,0.6996827125549316,-0.2670695185661316,oba
0.5801693201065063,0.560973584651947,-1.1410800198063953e-06,0.4865305721759796,0.6101387143135071,-0.1294207125902176,0.42244577407836914,0.6712875962257385,-0.22343337535858154,0.4417644143104553,0.7779425382614136,-0.28726303577423096,0.5019419193267822,0.8361882567405701,-0.35215461254119873,0.46912434697151184,0.5667144060134888,-0.3043462336063385,0.5153006315231323,0.7064458131790161,-0.3924638330936432,0.5399702191352844,0.7862668037414551,-0.43651577830314636,0.5531615018844604,0.8287569284439087,-0.4671391546726227,0.5550472736358643,0.5669639110565186,-0.27225902676582336,0.5717114210128784,0.704010009765625,-0.35808131098747253,0.5824167728424072,0.7861214280128479,-0.37801623344421387,0.5885302424430847,0.8303917646408081,-0.3981046974658966,0.6188173294067383,0.5746052265167236,-0.23794513940811157,0.6208703517913818,0.7102408409118652,-0.32058459520339966,0.614465057849884,0.7875487208366394,-0.3250611424446106,0.6039303541183472,0.8258229494094849,-0.3281923234462738,0.6663351655006409,0.5927938222885132,-0.21109691262245178,0.6534932851791382,0.703761637210846,-0.2924359142780304,0.6314089298248291,0.7656511068344116,-0.3104286193847656,0.6026146411895752,0.7982707619667053,-0.3214383125305176,oba
0.5746406316757202,0.5101794600486755,7.437790827680146e-07,0.5541539192199707,0.4255366921424866,-0.2379991114139557,0.49173974990844727,0.41398707032203674,-0.36992502212524414,0.43501460552215576,0.49612200260162354,-0.45774170756340027,0.3672333359718323,0.5898662209510803,-0.5335926413536072,0.3060859739780426,0.3965655267238617,-0.33110034465789795,0.2273499220609665,0.4075213074684143,-0.4988608658313751,0.1655931919813156,0.4076405465602875,-0.5948553681373596,0.073874831199646,0.40709975361824036,-0.6522321105003357,0.3166245222091675,0.49278584122657776,-0.269799143075943,0.31646934151649475,0.5737447738647461,-0.434963196516037,0.4288508892059326,0.5681559443473816,-0.45314735174179077,0.4554912745952606,0.5325137972831726,-0.44275400042533875,0.3418023884296417,0.5795873999595642,-0.2333253026008606,0.37864795327186584,0.6459563970565796,-0.3857182264328003,0.4843992590904236,0.6142045259475708,-0.3623438775539398,0.4771392047405243,0.5511664152145386,-0.3204909861087799,0.3699643015861511,0.6401777267456055,-0.21809479594230652,0.4166469871997833,0.6865289211273193,-0.31609317660331726,0.4895646870136261,0.65645432472229,-0.3119748830795288,0.4911719262599945,0.6105495691299438,-0.29484111070632935,oba
0.6274500489234924,0.574553370475769,3.4685155014813063e-07,0.6057385802268982,0.49515071511268616,-0.22244836390018463,0.5619314312934875,0.5014867186546326,-0.32865190505981445,0.5179337859153748,0.6019400358200073,-0.39599931240081787,0.4739527404308319,0.7051456570625305,-0.45044198632240295,0.4279235005378723,0.46713194251060486,-0.2363976687192917,0.38996219635009766,0.5351324081420898,-0.37351319193840027,0.3535667657852173,0.583399772644043,-0.44963520765304565,0.2943067252635956,0.6101018786430359,-0.48970282077789307,0.43240177631378174,0.5621176958084106,-0.17471598088741302,0.39998623728752136,0.6693390607833862,-0.33021634817123413,0.49664363265037537,0.6884019374847412,-0.36651676893234253,0.5437149405479431,0.6542515754699707,-0.3595508933067322,0.44322317838668823,0.643609344959259,-0.1397853046655655,0.43626636266708374,0.7256647348403931,-0.30384349822998047,0.5300382375717163,0.7117366194725037,-0.32172513008117676,0.5468270778656006,0.6463220119476318,-0.2928250730037689,0.4599834680557251,0.699695885181427,-0.12178824841976166,0.4762570858001709,0.7586616277694702,-0.24431845545768738,0.5352392196655273,0.7413781881332397,-0.2718266546726227,0.5510495901107788,0.6980226635932922,-0.26541051268577576,oba
0.6390552520751953,0.6345767974853516,1.8127876444395952e-07,0.6273891925811768,0.5844862461090088,-0.24245575070381165,0.5733928680419922,0.6080662608146667,-0.3393751084804535,0.53339684009552,0.7250810265541077,-0.38718894124031067,0.4907405376434326,0.8205661773681641,-0.41807952523231506,0.3667261302471161,0.5623654723167419,-0.24279120564460754,0.31545475125312805,0.6487635970115662,-0.3629029095172882,0.2811829447746277,0.6991058588027954,-0.42471155524253845,0.22728389501571655,0.7317355871200562,-0.4561615586280823,0.375453382730484,0.632398784160614,-0.16075800359249115,0.3745802938938141,0.7749792337417603,-0.2816912829875946,0.4869691729545593,0.7759000062942505,-0.29578718543052673,0.5236609578132629,0.7190444469451904,-0.28104904294013977,0.3932555615901947,0.7052676677703857,-0.10859901458024979,0.41468849778175354,0.8213789463043213,-0.24883057177066803,0.5168378353118896,0.7980071306228638,-0.2623456120491028,0.5204176902770996,0.7243421673774719,-0.23761804401874542,0.41427555680274963,0.7617910504341125,-0.07589402794837952,0.45318904519081116,0.8368558883666992,-0.18791252374649048,0.5191303491592407,0.8154658675193787,-0.21718774735927582,0.5319100618362427,0.7772361040115356,-0.21457454562187195,oba
0.5907381176948547,0.6139556765556335,3.0055028332753864e-07,0.5825310945510864,0.5674825310707092,-0.257063090801239,0.5318471193313599,0.5903106927871704,-0.36931312084198,0.49762824177742004,0.699515700340271,-0.430300235748291,0.4661000370979309,0.7995410561561584,-0.4745820462703705,0.33239856362342834,0.5519351959228516,-0.2839875817298889,0.2825864553451538,0.6266846656799316,-0.43181708455085754,0.25742632150650024,0.66707444190979,-0.5056074857711792,0.2050498127937317,0.6920347213745117,-0.5402625203132629,0.34320706129074097,0.6236291527748108,-0.19843392074108124,0.34178298711776733,0.7642475962638855,-0.3375917971134186,0.4627315402030945,0.7619013786315918,-0.3433075249195099,0.4912036657333374,0.7047789692878723,-0.31951794028282166,0.3635956943035126,0.6979527473449707,-0.14489984512329102,0.3833458721637726,0.8054142594337463,-0.29839593172073364,0.49058282375335693,0.7824532389640808,-0.2977408468723297,0.48608845472335815,0.7160245180130005,-0.26141098141670227,0.38428863883018494,0.7562373876571655,-0.11196932196617126,0.423897385597229,0.8186407089233398,-0.2262064814567566,0.4905228614807129,0.7979986071586609,-0.2466123402118683,0.5000965595245361,0.7638431191444397,-0.2376491129398346,oba
0.6218397617340088,0.5045455098152161,8.714669661458174e-07,0.5998282432556152,0.4241282045841217,-0.2309447079896927,0.5386991500854492,0.40391552448272705,-0.36732274293899536,0.4811607003211975,0.473410040140152,-0.4622252881526947,0.4030781090259552,0.5570129752159119,-0.5458463430404663,0.33266159892082214,0.3931599259376526,-0.33606579899787903,0.2569546699523926,0.3920622169971466,-0.5099150538444519,0.1929699033498764,0.3838966190814972,-0.6140257120132446,0.10511155426502228,0.3794715404510498,-0.6772779226303101,0.34192758798599243,0.49585655331611633,-0.28068476915359497,0.35615208745002747,0.5528258085250854,-0.449192613363266,0.45753395557403564,0.5353968143463135,-0.47317588329315186,0.47301024198532104,0.5046694278717041,-0.46849772334098816,0.37207967042922974,0.5809520483016968,-0.24881580471992493,0.4347704350948334,0.6252023577690125,-0.3983698785305023,0.5344207286834717,0.5819317698478699,-0.3745685815811157,0.5209176540374756,0.5219628810882568,-0.3359285891056061,0.40805259346961975,0.6370257139205933,-0.2385915219783783,0.4752454161643982,0.6634807586669922,-0.3379005193710327,0.5458417534828186,0.630192756652832,-0.33614063262939453,0.544202446937561,0.5874693393707275,-0.3218424916267395,oba
0.5792747735977173,0.5689972639083862,7.757740831948468e-07,0.5576233863830566,0.4822790026664734,-0.22424069046974182,0.49945497512817383,0.4606078565120697,-0.3551925718784332,0.4330656826496124,0.5221584439277649,-0.4488992691040039,0.35739386081695557,0.596347451210022,-0.5316920280456543,0.3263922333717346,0.4400317668914795,-0.3011230230331421,0.2584708333015442,0.4475655257701874,-0.46733757853507996,0.20613273978233337,0.44334015250205994,-0.560346245765686,0.12740088999271393,0.43791985511779785,-0.611903727054596,0.3343035876750946,0.5368144512176514,-0.24687804281711578,0.31916648149490356,0.6037777662277222,-0.4136817753314972,0.4273056387901306,0.6044037342071533,-0.43393516540527344,0.4532839059829712,0.5725694298744202,-0.42019858956336975,0.3577196002006531,0.6163317561149597,-0.21710999310016632,0.38000544905662537,0.6717395186424255,-0.37018993496894836,0.486924409866333,0.6446765065193176,-0.3449574112892151,0.4913281202316284,0.5838255286216736,-0.297290563583374,0.3833731412887573,0.6709609627723694,-0.20760981738567352,0.418009877204895,0.7080312967300415,-0.3037046492099762,0.48982924222946167,0.6824666857719421,-0.29708266258239746,0.49838894605636597,0.6357973217964172,-0.27476969361305237,oba
0.49233415722846985,0.48453933000564575,6.735949682479259e-07,0.4566808342933655,0.381119966506958,-0.20538516342639923,0.40704503655433655,0.3628093898296356,-0.3457096517086029,0.3351578712463379,0.3852168023586273,-0.442920058965683,0.2721717059612274,0.4167535901069641,-0.5332411527633667,0.4989071786403656,0.4722365140914917,-0.40138769149780273,0.5473743677139282,0.5790441036224365,-0.596408486366272,0.5541476607322693,0.5839152932167053,-0.712989330291748,0.5401270389556885,0.5712375044822693,-0.7749049067497253,0.5215678215026855,0.5797821283340454,-0.3496478796005249,0.5233845710754395,0.6459133625030518,-0.5268704891204834,0.5322725176811218,0.6003382802009583,-0.5668732523918152,0.5357039570808411,0.5399041771888733,-0.5873292684555054,0.518817126750946,0.6435785889625549,-0.30844953656196594,0.5276618599891663,0.688077449798584,-0.4570600092411041,0.5467594861984253,0.6400789022445679,-0.4365793466567993,0.550908625125885,0.5723073482513428,-0.40478453040122986,0.5080806016921997,0.6700050234794617,-0.2839585840702057,0.5243426561355591,0.7038931846618652,-0.3725675046443939,0.5446407198905945,0.663153886795044,-0.36282843351364136,0.5514692068099976,0.609460711479187,-0.34900251030921936,oba
0.6578090190887451,0.6082196235656738,1.7860801335700671e-06,0.7140047550201416,0.5281688570976257,-0.3110528290271759,0.7067892551422119,0.5094262957572937,-0.5085433721542358,0.6821994781494141,0.5805743336677551,-0.6501779556274414,0.6407417058944702,0.6701354384422302,-0.7760496735572815,0.4449709951877594,0.40733492374420166,-0.4944894313812256,0.504530131816864,0.3951396346092224,-0.7175511121749878,0.5464133620262146,0.3943684697151184,-0.8211243748664856,0.5383373498916626,0.4105135202407837,-0.8706480860710144,0.3881028890609741,0.5241111516952515,-0.4131203293800354,0.49417558312416077,0.5846120715141296,-0.6189649701118469,0.5982263088226318,0.5734894275665283,-0.6352245211601257,0.5744836926460266,0.5373799800872803,-0.6191319823265076,0.3901614248752594,0.6404100656509399,-0.35551920533180237,0.563567042350769,0.7178891897201538,-0.5165020227432251,0.6583993434906006,0.6836668848991394,-0.45695197582244873,0.6212605834007263,0.6209362745285034,-0.3914799690246582,0.41421374678611755,0.7292720079421997,-0.3283405303955078,0.5652035474777222,0.7780255079269409,-0.42703762650489807,0.6471996307373047,0.7380852699279785,-0.4015448987483978,0.6423617601394653,0.6827007532119751,-0.36485549807548523,oba
0.5671293139457703,0.5575181841850281,1.586073381076858e-06,0.5937753319740295,0.4764997661113739,-0.20868147909641266,0.6275943517684937,0.4666401147842407,-0.4170922338962555,0.7056379318237305,0.5627284049987793,-0.573771595954895,0.7622764706611633,0.7023833990097046,-0.7257426977157593,0.44251593947410583,0.569500744342804,-0.5914254188537598,0.5956567525863647,0.6441309452056885,-0.8032788634300232,0.6778869032859802,0.6511462926864624,-0.9108055830001831,0.6853135228157043,0.6747643947601318,-0.9655357003211975,0.4387025833129883,0.6792310476303101,-0.549605667591095,0.6265247464179993,0.7187923192977905,-0.715766429901123,0.6902580261230469,0.6815757155418396,-0.7066452503204346,0.6701076626777649,0.6601234674453735,-0.7035312652587891,0.4721101224422455,0.751747190952301,-0.5054616928100586,0.6837624907493591,0.7661347389221191,-0.6166146993637085,0.7197949886322021,0.7174993753433228,-0.5416560173034668,0.6717578172683716,0.6996653079986572,-0.48897427320480347,0.5244346261024475,0.798349142074585,-0.4803573191165924,0.6812463998794556,0.8027680516242981,-0.5619036555290222,0.7280714511871338,0.7504804134368896,-0.536825954914093,0.7090895771980286,0.7182773351669312,-0.5177630186080933,oba
0.6709476709365845,0.5874751806259155,5.247948138276115e-07,0.6225292682647705,0.5120054483413696,-0.26611799001693726,0.5364894270896912,0.5327111482620239,-0.3845415711402893,0.47263017296791077,0.6613872051239014,-0.4524909555912018,0.41282927989959717,0.7646735906600952,-0.5035775899887085,0.3415346145629883,0.47482889890670776,-0.28846290707588196,0.24014410376548767,0.5267608165740967,-0.45139187574386597,0.16929098963737488,0.5735885500907898,-0.549182116985321,0.07947385311126709,0.6093414425849915,-0.6034531593322754,0.36673998832702637,0.5757073760032654,-0.2033766359090805,0.33791396021842957,0.7086832523345947,-0.3546537756919861,0.4579952657222748,0.704025149345398,-0.3822695314884186,0.5028365850448608,0.6493539810180664,-0.377651572227478,0.3981432318687439,0.668052077293396,-0.15106981992721558,0.3918289840221405,0.7840391397476196,-0.30490806698799133,0.5071783065795898,0.7447433471679688,-0.30737438797950745,0.5184986591339111,0.6580459475517273,-0.2768101096153259,0.43104204535484314,0.7342433333396912,-0.12166183441877365,0.4372708201408386,0.8117832541465759,-0.22720620036125183,0.513513445854187,0.7785835266113281,-0.23890045285224915,0.532274603843689,0.7176145911216736,-0.22744615375995636,oba
0.6822010278701782,0.5874738693237305,5.927140591666102e-07,0.6309342384338379,0.4941706359386444,-0.27081772685050964,0.538719117641449,0.5180639624595642,-0.397300124168396,0.4586836099624634,0.649048388004303,-0.47594472765922546,0.4001309275627136,0.7628360390663147,-0.535999596118927,0.3606278896331787,0.4679829776287079,-0.2803364098072052,0.26527249813079834,0.536712646484375,-0.4451027512550354,0.21148265898227692,0.5795658826828003,-0.5342628359794617,0.136473149061203,0.6056153178215027,-0.578641414642334,0.3864966630935669,0.5753092765808105,-0.20093953609466553,0.3626199960708618,0.7136421799659729,-0.3616006076335907,0.4836585521697998,0.7177239656448364,-0.38276880979537964,0.5160740613937378,0.6561104655265808,-0.36718183755874634,0.41532522439956665,0.6734210848808289,-0.15718871355056763,0.4140303134918213,0.7884998321533203,-0.32898151874542236,0.5303117632865906,0.7530372142791748,-0.3288102447986603,0.5296809077262878,0.6614110469818115,-0.288423627614975,0.4450675845146179,0.744260311126709,-0.13625138998031616,0.4579007923603058,0.8155766129493713,-0.25073060393333435,0.5286544561386108,0.7821465730667114,-0.25928500294685364,0.536284863948822,0.7237805128097534,-0.24101608991622925,oba
0.6811287999153137,0.6165804862976074,1.1939363275814685e-07,0.6504942178726196,0.5496311783790588,-0.24693851172924042,0.5691388845443726,0.5755290985107422,-0.34227484464645386,0.49529168009757996,0.7076386213302612,-0.3900863230228424,0.44677117466926575,0.8026948571205139,-0.41715207695961,0.3726920783519745,0.48041200637817383,-0.2068719118833542,0.29318150877952576,0.5731816291809082,-0.3324314057826996,0.23877373337745667,0.6343114376068115,-0.3971526026725769,0.17273946106433868,0.6717642545700073,-0.4252508878707886,0.38244539499282837,0.5726184248924255,-0.1222900003194809,0.34557056427001953,0.7148087024688721,-0.25088298320770264,0.4797598421573639,0.7409471273422241,-0.265864759683609,0.5353695154190063,0.6965928077697754,-0.24148106575012207,0.3936621844768524,0.6580235958099365,-0.07200662791728973,0.3878306448459625,0.7825788855552673,-0.22286991775035858,0.5181716084480286,0.7658337950706482,-0.2355484813451767,0.5390709638595581,0.6846647262573242,-0.19931097328662872,0.4086063802242279,0.7244828939437866,-0.04188324138522148,0.42726123332977295,0.8059667348861694,-0.15364421904087067,0.5145918130874634,0.7875405550003052,-0.17638494074344635,0.5371246337890625,0.7405796647071838,-0.16333253681659698,oba
0.6436383128166199,0.6923976540565491,3.6502777334135317e-07,0.6968502402305603,0.5911871194839478,-0.2227841168642044,0.6652002334594727,0.5596024394035339,-0.3642701506614685,0.6358873844146729,0.6653062701225281,-0.46264898777008057,0.6147656440734863,0.7853994965553284,-0.547888457775116,0.4858650267124176,0.45104584097862244,-0.39132580161094666,0.5290067791938782,0.613061249256134,-0.5513867735862732,0.6126276254653931,0.7101181745529175,-0.6253846287727356,0.6512191295623779,0.7448039054870605,-0.6647779941558838,0.4278503954410553,0.5665169954299927,-0.33675968647003174,0.49322277307510376,0.7226932048797607,-0.4891441762447357,0.6004491448402405,0.7463687062263489,-0.5102348923683167,0.6567003726959229,0.7255692481994629,-0.5172000527381897,0.411838561296463,0.6801674365997314,-0.295335978269577,0.5111658573150635,0.8138608932495117,-0.43125423789024353,0.6064389944076538,0.8214791417121887,-0.4203014373779297,0.6515618562698364,0.7743571996688843,-0.3983694314956665,0.423615962266922,0.76790452003479,-0.272989422082901,0.5269836783409119,0.8580982685089111,-0.3728252947330475,0.6038105487823486,0.8524129986763,-0.3849768042564392,0.6404544711112976,0.8087091445922852,-0.38404300808906555,oba
0.5432561635971069,0.6516902446746826,3.4272636639798293e-07,0.6008189916610718,0.587121844291687,-0.18187573552131653,0.6319280862808228,0.5852271914482117,-0.3194694519042969,0.6792844533920288,0.6557697057723999,-0.4262460470199585,0.7100669741630554,0.7330638766288757,-0.5290173292160034,0.47195401787757874,0.5205840468406677,-0.3685460686683655,0.5962884426116943,0.5931986570358276,-0.5195633769035339,0.6882123947143555,0.6307433843612671,-0.5990586876869202,0.7191943526268005,0.6498981714248657,-0.6485292911529541,0.4395575523376465,0.6157462000846863,-0.3365803062915802,0.5699599981307983,0.7013934254646301,-0.4858098030090332,0.6684865951538086,0.7191511988639832,-0.5292776823043823,0.693288266658783,0.7062020301818848,-0.5609787702560425,0.43717333674430847,0.7049579620361328,-0.31066587567329407,0.5654558539390564,0.783939003944397,-0.4451429545879364,0.655955970287323,0.7903977632522583,-0.45825693011283875,0.6782312989234924,0.7611511945724487,-0.4611680209636688,0.44862473011016846,0.7736907601356506,-0.29808416962623596,0.5592089891433716,0.8332654237747192,-0.402519166469574,0.6306352019309998,0.8229509592056274,-0.42997270822525024,0.6551691889762878,0.7842195630073547,-0.44780364632606506,oba
0.5665634870529175,0.556473970413208,2.556689366883802e-07,0.5515397191047668,0.4994138181209564,-0.09860756248235703,0.5648971796035767,0.5233180522918701,-0.2083660066127777,0.641545295715332,0.6578674912452698,-0.30251172184944153,0.7143034338951111,0.7882344722747803,-0.39825910329818726,0.4782680869102478,0.5211063623428345,-0.2802881896495819,0.5617218017578125,0.6172981858253479,-0.4008989930152893,0.6112596988677979,0.6542328596115112,-0.4825049340724945,0.6346409916877747,0.666458010673523,-0.5366420149803162,0.5055123567581177,0.6212464570999146,-0.2838960587978363,0.5975738763809204,0.7053452134132385,-0.38097208738327026,0.6389327645301819,0.7192056775093079,-0.4042259156703949,0.6492574214935303,0.7037909030914307,-0.4317399263381958,0.5392096638679504,0.7110377550125122,-0.2862328588962555,0.6381376385688782,0.7760339379310608,-0.3639911115169525,0.6645069122314453,0.7775768041610718,-0.34236305952072144,0.6534559726715088,0.7501126527786255,-0.3319932222366333,0.5736842155456543,0.784662127494812,-0.2984502613544464,0.6355901956558228,0.8478249311447144,-0.3526214361190796,0.6581461429595947,0.8364048004150391,-0.3369007706642151,0.6488081812858582,0.8014178276062012,-0.3310890197753906,oba
0.7157749533653259,0.5941578149795532,9.215943919116398e-07,0.750153124332428,0.5606059432029724,-0.328506201505661,0.7341839671134949,0.6026971340179443,-0.5158857703208923,0.7057526111602783,0.7094537615776062,-0.6401265859603882,0.6689262986183167,0.8194044232368469,-0.7403952479362488,0.47820693254470825,0.5121625065803528,-0.4658939242362976,0.48018816113471985,0.6699000597000122,-0.634774386882782,0.5530398488044739,0.6598048806190491,-0.6755174398422241,0.5493667721748352,0.613068699836731,-0.6872527003288269,0.47119981050491333,0.5930671691894531,-0.3588261306285858,0.4906168580055237,0.759325385093689,-0.5369084477424622,0.6313971281051636,0.7123432755470276,-0.5168411135673523,0.6144485473632812,0.6346926093101501,-0.47404909133911133,0.4844592213630676,0.6869182586669922,-0.27871328592300415,0.538411021232605,0.8223373293876648,-0.44056767225265503,0.6609344482421875,0.7617643475532532,-0.38733091950416565,0.632523775100708,0.6862148642539978,-0.32433372735977173,0.49771735072135925,0.7724872827529907,-0.22485604882240295,0.57185959815979,0.8472808599472046,-0.32936805486679077,0.6574279069900513,0.8060683608055115,-0.319877028465271,0.6490964889526367,0.7529721260070801,-0.29615873098373413,oba
0.8017138242721558,0.7685704231262207,4.301752198898612e-07,0.7579607963562012,0.6737298369407654,-0.12823209166526794,0.6545924544334412,0.6260476112365723,-0.18787546455860138,0.5523573756217957,0.6543335318565369,-0.2313900589942932,0.4585544466972351,0.7053323984146118,-0.26390212774276733,0.46870461106300354,0.584006130695343,-0.09161277115345001,0.3295384645462036,0.5798283815383911,-0.16374707221984863,0.23711803555488586,0.5803673267364502,-0.2036043107509613,0.1545209288597107,0.581070601940155,-0.2283814549446106,0.471421480178833,0.6752980947494507,-0.06789712607860565,0.4003918170928955,0.7100696563720703,-0.15163667500019073,0.5119358897209167,0.7186938524246216,-0.1648160070180893,0.55359947681427,0.690481424331665,-0.15522785484790802,0.49217256903648376,0.7596526741981506,-0.0631105974316597,0.4540378451347351,0.8052670955657959,-0.16123513877391815,0.5754185318946838,0.7911223769187927,-0.1553671658039093,0.6077750325202942,0.7453066110610962,-0.12907631695270538,0.522581934928894,0.8322877883911133,-0.07040931284427643,0.5000678300857544,0.8707295656204224,-0.14212633669376373,0.5873330235481262,0.8557238578796387,-0.14090090990066528,0.6213224530220032,0.8212167620658875,-0.12565277516841888,oba
0.8204371929168701,0.7766417860984802,3.155539900490112e-07,0.7634392976760864,0.6866227388381958,-0.10013826936483383,0.6526980996131897,0.6414405107498169,-0.1431325376033783,0.5415499806404114,0.6722650527954102,-0.17563049495220184,0.4595218598842621,0.7283103466033936,-0.19978424906730652,0.4893099367618561,0.6016518473625183,-0.04755430296063423,0.35791030526161194,0.5938148498535156,-0.09999360889196396,0.27076828479766846,0.592642605304718,-0.1322762668132782,0.19494515657424927,0.5955719947814941,-0.15360838174819946,0.4898381531238556,0.6890538930892944,-0.03254237025976181,0.40561145544052124,0.7233417630195618,-0.10282159596681595,0.5070672035217285,0.7315012216567993,-0.12025830894708633,0.552135705947876,0.7128725051879883,-0.11386522650718689,0.5140397548675537,0.7732616662979126,-0.032558623701334,0.4646768569946289,0.8158509135246277,-0.11844389140605927,0.5772982239723206,0.8008937835693359,-0.11960391700267792,0.6171936392784119,0.7682197093963623,-0.09756588190793991,0.551030158996582,0.8484440445899963,-0.041447632014751434,0.5094617605209351,0.8804519176483154,-0.1046191081404686,0.588247537612915,0.8613440990447998,-0.10381177812814713,0.628075122833252,0.8310648798942566,-0.08849013596773148,oba
0.7896233201026917,0.8282475471496582,3.287962044851156e-07,0.7153501510620117,0.7424901723861694,-0.11250805109739304,0.5847251415252686,0.6959945559501648,-0.14997495710849762,0.4531157314777374,0.714702844619751,-0.17528589069843292,0.3562554121017456,0.7632848024368286,-0.1916162073612213,0.4400438666343689,0.6296992301940918,-0.020276233553886414,0.31087222695350647,0.6181017756462097,-0.060991428792476654,0.22135433554649353,0.6123700141906738,-0.08637171983718872,0.14455536007881165,0.6088177561759949,-0.10310725122690201,0.4342483878135681,0.7246238589286804,0.004475685302168131,0.33612367510795593,0.7635412216186523,-0.061386365443468094,0.43719175457954407,0.7786877751350403,-0.0769953653216362,0.4889748692512512,0.7620030045509338,-0.06480562686920166,0.4544365108013153,0.8169771432876587,0.011148206889629364,0.3876403570175171,0.8591281771659851,-0.07822301238775253,0.502619206905365,0.8510765433311462,-0.0832446739077568,0.5504961013793945,0.8240656852722168,-0.05863925814628601,0.491407185792923,0.899644136428833,0.008194726891815662,0.4352273941040039,0.9313322305679321,-0.06348536908626556,0.5173176527023315,0.9176165461540222,-0.068085215985775,0.5660733580589294,0.8882849216461182,-0.05209704861044884,oba
0.7661235928535461,0.8521299958229065,4.5213002408672764e-07,0.7011498808860779,0.7625401616096497,-0.12019111216068268,0.5774809718132019,0.7178068161010742,-0.1691652089357376,0.4519633948802948,0.7443345189094543,-0.2059425264596939,0.3637843728065491,0.8048405647277832,-0.23163580894470215,0.42640385031700134,0.6548313498497009,-0.03285869583487511,0.30205583572387695,0.653199315071106,-0.08466293662786484,0.2173381745815277,0.6502320170402527,-0.11199381947517395,0.1441575586795807,0.6474625468254089,-0.12786148488521576,0.42285430431365967,0.7495328187942505,-0.008305294439196587,0.33684754371643066,0.7876976728439331,-0.08139469474554062,0.4399203956127167,0.799085795879364,-0.092387355864048,0.474592387676239,0.7748289704322815,-0.07552153617143631,0.44497913122177124,0.8391504883766174,-0.003695823485031724,0.39159849286079407,0.8826023936271667,-0.09866629540920258,0.5054033398628235,0.8690495491027832,-0.098979152739048,0.5411098599433899,0.8357056379318237,-0.07055898755788803,0.47929510474205017,0.920680046081543,-0.009910703636705875,0.44011247158050537,0.9520361423492432,-0.08205857872962952,0.5190366506576538,0.9338837265968323,-0.08533456176519394,0.5583731532096863,0.9022327661514282,-0.06877072155475616,oba
0.8282638788223267,0.9172571897506714,3.6260672686694306e-07,0.7567175626754761,0.8384859561920166,-0.1184084489941597,0.6252941489219666,0.7983134984970093,-0.14880938827991486,0.4964505732059479,0.8366028666496277,-0.1628621518611908,0.4104655385017395,0.9055060744285583,-0.168232262134552,0.46810072660446167,0.728540301322937,-0.016134412959218025,0.32057827711105347,0.7209625244140625,-0.034145042300224304,0.21993187069892883,0.7192012071609497,-0.055491961538791656,0.13876667618751526,0.719750702381134,-0.07331592589616776,0.4719802141189575,0.8131237030029297,0.02071094512939453,0.37875139713287354,0.8485451936721802,-0.022090135142207146,0.4500996470451355,0.8520038723945618,-0.04909064993262291,0.5090170502662659,0.8442436456680298,-0.05229460448026657,0.49509888887405396,0.8960748314857483,0.04145704209804535,0.4276052415370941,0.9270462989807129,-0.023608604446053505,0.5062195658683777,0.9165564775466919,-0.05167330428957939,0.5557863116264343,0.9062396883964539,-0.04887254908680916,0.5293415784835815,0.9652700424194336,0.05232866853475571,0.4670320749282837,0.9754422903060913,-0.0033443267457187176,0.5279751420021057,0.9655848741531372,-0.018209224566817284,0.5820570588111877,0.9573891758918762,-0.013623937033116817,oba
0.8665099740028381,0.8365581631660461,6.315030987025239e-07,0.8347619771957397,0.7566267251968384,-0.1816016584634781,0.7471530437469482,0.7143261432647705,-0.28009650111198425,0.6567373871803284,0.7421770691871643,-0.35525262355804443,0.5554482936859131,0.7967783212661743,-0.4185149371623993,0.5263808369636536,0.6478974223136902,-0.1759839802980423,0.3744896650314331,0.6460871696472168,-0.291165292263031,0.26769471168518066,0.6500454545021057,-0.34574493765830994,0.1731087565422058,0.6553516983985901,-0.3744764029979706,0.5282475352287292,0.7481071352958679,-0.1347338706254959,0.48071998357772827,0.7996442914009094,-0.26456308364868164,0.6289582252502441,0.8139535784721375,-0.26983118057250977,0.6689890027046204,0.7796987295150757,-0.24403472244739532,0.5451772809028625,0.8387916088104248,-0.11816547811031342,0.5325440764427185,0.9041677117347717,-0.2541636824607849,0.6727652549743652,0.8881121277809143,-0.2292233258485794,0.6971925497055054,0.8306885957717896,-0.1825064867734909,0.5657563805580139,0.9167484045028687,-0.1184132993221283,0.5791839957237244,0.9719245433807373,-0.21705371141433716,0.6853750348091125,0.9513907432556152,-0.21247972548007965,0.7162190675735474,0.902776300907135,-0.18847081065177917,oba
0.8711401224136353,0.8261938691139221,5.957248845334107e-07,0.8160140514373779,0.7340502142906189,-0.1747923344373703,0.6968568563461304,0.692997395992279,-0.2549361288547516,0.5846495628356934,0.7223641872406006,-0.31260809302330017,0.4708130955696106,0.7762954235076904,-0.3588736951351166,0.4977640211582184,0.622902512550354,-0.1270976960659027,0.34515294432640076,0.6198636889457703,-0.21997155249118805,0.2339276671409607,0.6246036887168884,-0.2720717787742615,0.13814598321914673,0.6291089057922363,-0.3029248118400574,0.5012160539627075,0.7272119522094727,-0.08666326105594635,0.41701850295066833,0.7942104935646057,-0.21139086782932281,0.5413970947265625,0.8028275370597839,-0.23690956830978394,0.6076748967170715,0.7753537893295288,-0.22342026233673096,0.5233314037322998,0.8273024559020996,-0.0700002908706665,0.47985804080963135,0.8956099152565002,-0.20679418742656708,0.6147619485855103,0.8769626617431641,-0.2055240273475647,0.6661147475242615,0.8289409279823303,-0.17051832377910614,0.5544418096542358,0.9107263684272766,-0.06890558451414108,0.5421537160873413,0.9625247716903687,-0.1754034459590912,0.64449542760849,0.943259596824646,-0.18548588454723358,0.6915268301963806,0.8989726305007935,-0.16883759200572968,oba
0.9049645662307739,0.8419355154037476,1.92982369640049e-07,0.8339093923568726,0.7518643140792847,-0.10695415735244751,0.7020809650421143,0.7012378573417664,-0.14632301032543182,0.5673326849937439,0.72767174243927,-0.1748933643102646,0.46229302883148193,0.7750668525695801,-0.19624921679496765,0.5263915657997131,0.6230142116546631,-0.03279963135719299,0.378236323595047,0.6121194362640381,-0.07917330414056778,0.27479884028434753,0.6103276014328003,-0.1139708012342453,0.1886901557445526,0.608456015586853,-0.14003677666187286,0.5195369124412537,0.7186715006828308,-0.01306692510843277,0.41649317741394043,0.7614554762840271,-0.09022542834281921,0.511070966720581,0.7829582691192627,-0.11838437616825104,0.5701027512550354,0.7700967788696289,-0.11592306941747665,0.5414363145828247,0.8145014047622681,-0.008320256136357784,0.47768425941467285,0.8710681200027466,-0.10423824936151505,0.592387855052948,0.8689934015274048,-0.11238953471183777,0.6496334075927734,0.837019681930542,-0.09071216732263565,0.5798397660255432,0.9003576040267944,-0.012463188730180264,0.528545618057251,0.9471343159675598,-0.09046880155801773,0.6154215335845947,0.941068708896637,-0.09482123702764511,0.6713913083076477,0.9060012698173523,-0.07808583229780197,oba
0.8639692068099976,0.8132571578025818,3.096460545748414e-07,0.801295280456543,0.7244896292686462,-0.12488764524459839,0.6767002940177917,0.6756160259246826,-0.1779816746711731,0.5481471419334412,0.7002500295639038,-0.21833419799804688,0.44157662987709045,0.7492253184318542,-0.25044092535972595,0.49435216188430786,0.6057814955711365,-0.055960413068532944,0.3432914912700653,0.5989606380462646,-0.11483416706323624,0.23637595772743225,0.5986304879188538,-0.1533852070569992,0.15096965432167053,0.6003457903862,-0.17898908257484436,0.49164721369743347,0.7008916735649109,-0.03145783767104149,0.38831549882888794,0.7495095729827881,-0.12371077388525009,0.4819786250591278,0.7730950117111206,-0.15286885201931,0.5390809774398804,0.7604790925979614,-0.14675800502300262,0.5136169791221619,0.7947672605514526,-0.024051668122410774,0.45622727274894714,0.855982780456543,-0.1337546855211258,0.5737655162811279,0.8527406454086304,-0.14104080200195312,0.6308976411819458,0.8188467025756836,-0.11454953998327255,0.5476140379905701,0.8775053024291992,-0.027029769495129585,0.5033453702926636,0.9261313080787659,-0.11282332241535187,0.592063307762146,0.9176616668701172,-0.1184203028678894,0.6465521454811096,0.8805510997772217,-0.10055948048830032,oba
0.889887273311615,0.8260198831558228,2.8914084282405383e-07,0.8309189677238464,0.740512490272522,-0.11306223273277283,0.7113209962844849,0.6897909641265869,-0.15311077237129211,0.5841789841651917,0.7099736332893372,-0.1801607310771942,0.4872205853462219,0.7550779581069946,-0.19911549985408783,0.5558134317398071,0.6117786169052124,-0.03707857429981232,0.41778796911239624,0.5970703959465027,-0.08079061657190323,0.31814974546432495,0.591927170753479,-0.11337897181510925,0.23946839570999146,0.587029218673706,-0.13658277690410614,0.5480127334594727,0.7000313997268677,-0.01254065427929163,0.44463682174682617,0.7321837544441223,-0.08054129034280777,0.5138280391693115,0.7598316669464111,-0.10566749423742294,0.5628829002380371,0.7542802095413208,-0.10283565521240234,0.5648251175880432,0.7909166812896729,-0.004166014492511749,0.5029827952384949,0.8371455073356628,-0.09310721606016159,0.6048697233200073,0.8417736887931824,-0.10576648265123367,0.6625097990036011,0.8165690898895264,-0.08812158554792404,0.5968022346496582,0.8711016774177551,-0.005429883487522602,0.5471886396408081,0.9072105288505554,-0.07728269696235657,0.6214504241943359,0.9037209153175354,-0.08560791611671448,0.6769413948059082,0.8746845126152039,-0.0735100507736206,oba
0.9046927690505981,0.8034003973007202,4.583373254263279e-07,0.8637737035751343,0.7167800068855286,-0.13715074956417084,0.7555564045906067,0.669712483882904,-0.19776813685894012,0.6440455317497253,0.6938928365707397,-0.23967960476875305,0.5393581390380859,0.7339948415756226,-0.27161386609077454,0.5803658366203308,0.5960375070571899,-0.09445267170667648,0.44096553325653076,0.5843421220779419,-0.16314470767974854,0.3422779440879822,0.579570472240448,-0.20413434505462646,0.2582261264324188,0.576595664024353,-0.23047946393489838,0.5751791596412659,0.685259997844696,-0.06570666283369064,0.4806743264198303,0.727372944355011,-0.15665137767791748,0.5776878595352173,0.7489653825759888,-0.17850631475448608,0.629982054233551,0.7331289052963257,-0.1709040403366089,0.5908910632133484,0.7743111848831177,-0.055041372776031494,0.5391208529472351,0.8302037715911865,-0.15981371700763702,0.6563786864280701,0.8315105438232422,-0.15994083881378174,0.7022327780723572,0.7940380573272705,-0.13361279666423798,0.618399441242218,0.85101318359375,-0.056292641907930374,0.5837323069572449,0.8984447121620178,-0.1354878693819046,0.6715148687362671,0.8910157680511475,-0.13795973360538483,0.7155410647392273,0.8544778823852539,-0.12198790907859802,oba
0.8781046867370605,0.8109732866287231,2.0882973217339895e-07,0.7911828756332397,0.7194061279296875,-0.09403436630964279,0.654476523399353,0.6727919578552246,-0.11961129307746887,0.5173280835151672,0.6902920603752136,-0.1362437605857849,0.43127673864364624,0.7439062595367432,-0.14713990688323975,0.5193631649017334,0.5870568752288818,0.006677653640508652,0.37996652722358704,0.5750826001167297,-0.014107721857726574,0.2862602770328522,0.5707747340202332,-0.039589934051036835,0.21309208869934082,0.5660304427146912,-0.06102693825960159,0.5098333954811096,0.6782916784286499,0.027790658175945282,0.39846235513687134,0.7118712663650513,-0.022861892357468605,0.4715524911880493,0.73394775390625,-0.05299444496631622,0.5362422466278076,0.7365078926086426,-0.056820761412382126,0.5235445499420166,0.7721227407455444,0.03455564007163048,0.44822579622268677,0.8167570233345032,-0.03768119215965271,0.5448179244995117,0.820359468460083,-0.061018750071525574,0.612160325050354,0.8105056881904602,-0.05368413031101227,0.5547601580619812,0.8545724153518677,0.03336836025118828,0.49321866035461426,0.8856621384620667,-0.02732207253575325,0.5623716711997986,0.8857800960540771,-0.040605708956718445,0.6247321963310242,0.869076669216156,-0.03440006822347641,oba
0.9130116701126099,0.8741768002510071,1.7327035095604515e-07,0.820777416229248,0.7967036962509155,-0.1340714693069458,0.672685980796814,0.7494453191757202,-0.16571131348609924,0.5288164019584656,0.7699285745620728,-0.17809797823429108,0.4316268265247345,0.8293283581733704,-0.18162603676319122,0.5236127972602844,0.6448351144790649,-0.021815400570631027,0.3668215274810791,0.6322152018547058,-0.04723117873072624,0.25580817461013794,0.6352626085281372,-0.07426152378320694,0.16607335209846497,0.6357991695404053,-0.09594409167766571,0.5213755965232849,0.7395132780075073,0.0224203709512949,0.41528892517089844,0.7973053455352783,-0.03862258419394493,0.5040512681007385,0.823839545249939,-0.07068581879138947,0.5874689221382141,0.8252755999565125,-0.07129587233066559,0.5354506969451904,0.8377640247344971,0.04859279841184616,0.4607820212841034,0.8972821235656738,-0.035046715289354324,0.5656032562255859,0.8999667763710022,-0.06297530233860016,0.6427406072616577,0.8861743211746216,-0.053793877363204956,0.5648115873336792,0.9202098250389099,0.0636281669139862,0.5076420903205872,0.9550808668136597,-0.008026471361517906,0.586199939250946,0.9545919895172119,-0.02735564112663269,0.6570122838020325,0.9376304149627686,-0.02102910913527012,oba
0.9408937692642212,0.8633196949958801,3.8522824752362794e-07,0.9034704566001892,0.7751372456550598,-0.1636696755886078,0.7957565784454346,0.7367201447486877,-0.23179785907268524,0.6834269165992737,0.7738425731658936,-0.27795201539993286,0.5701675415039062,0.8185278177261353,-0.3168909549713135,0.568293571472168,0.6480624079704285,-0.11434357613325119,0.40188318490982056,0.6406621932983398,-0.18860791623592377,0.2817692458629608,0.65409916639328,-0.2409650981426239,0.17900913953781128,0.6671246886253357,-0.2761854827404022,0.5611830353736877,0.7406206130981445,-0.07208108901977539,0.4661741852760315,0.81902015209198,-0.185053750872612,0.5629442930221558,0.8458317518234253,-0.22911037504673004,0.644922137260437,0.840903639793396,-0.2308085858821869,0.5754223465919495,0.8382022380828857,-0.04851975291967392,0.5377576351165771,0.9237592816352844,-0.17923922836780548,0.6651932001113892,0.9255750179290771,-0.2005324810743332,0.7427939176559448,0.8949739336967468,-0.17825821042060852,0.602668046951294,0.917418360710144,-0.03747804835438728,0.5848972201347351,0.9736711978912354,-0.14722275733947754,0.6900678873062134,0.9699466824531555,-0.16618771851062775,0.7613328695297241,0.9349725246429443,-0.15178655087947845,oba
0.8861178159713745,0.8659402132034302,1.61478808990978e-07,0.8102846145629883,0.7843941450119019,-0.13663476705551147,0.6821855306625366,0.7464331984519958,-0.1794033795595169,0.5514317750930786,0.7771643400192261,-0.2037387490272522,0.4475601613521576,0.8288429975509644,-0.22044086456298828,0.5098944902420044,0.6478822827339172,-0.04743020236492157,0.3549574613571167,0.639654278755188,-0.09192575514316559,0.24336639046669006,0.6459121704101562,-0.13072709739208221,0.14932775497436523,0.652158796787262,-0.15927864611148834,0.5057814717292786,0.7377204298973083,-0.007496158126741648,0.4039788246154785,0.8031101822853088,-0.09140127152204514,0.49637359380722046,0.8341821432113647,-0.13071945309638977,0.5808125734329224,0.8382112979888916,-0.13282692432403564,0.5195870995521545,0.8320221304893494,0.014738483354449272,0.461247056722641,0.9023841023445129,-0.08631984144449234,0.5716844201087952,0.9067957997322083,-0.11090794950723648,0.6475979089736938,0.8876590132713318,-0.09623333066701889,0.5465836524963379,0.910710334777832,0.025911370292305946,0.5043646693229675,0.9570334553718567,-0.05858062207698822,0.5893527865409851,0.9584404826164246,-0.07664193958044052,0.6571269631385803,0.9336285591125488,-0.06656789034605026,oba
0.9009616374969482,0.8439812660217285,3.1617389595339773e-07,0.8390471935272217,0.753645658493042,-0.1419619619846344,0.7148784399032593,0.7187469601631165,-0.1994345337152481,0.5877131223678589,0.7617774605751038,-0.24066497385501862,0.4773484468460083,0.8174169063568115,-0.2749767601490021,0.5131235122680664,0.6353282928466797,-0.0710878074169159,0.3587337136268616,0.6333184242248535,-0.13446512818336487,0.2475820779800415,0.6431233286857605,-0.18320873379707336,0.1522732377052307,0.65207439661026,-0.2186487466096878,0.5144996643066406,0.7346051931381226,-0.039278071373701096,0.42356520891189575,0.8021693825721741,-0.1466325968503952,0.5293121933937073,0.8228936195373535,-0.19013987481594086,0.6115283966064453,0.816283106803894,-0.1924387663602829,0.5394312143325806,0.8369655609130859,-0.025602472946047783,0.49202167987823486,0.9052121043205261,-0.14798603951931,0.6151219606399536,0.8989826440811157,-0.1663261204957962,0.6882341504096985,0.8702983260154724,-0.14475007355213165,0.5769142508506775,0.9237608909606934,-0.0234829094260931,0.5471590757369995,0.9696656465530396,-0.12606070935726166,0.6435061097145081,0.9608883857727051,-0.14308121800422668,0.7070022821426392,0.9254998564720154,-0.13008733093738556,oba
0.9246100783348083,0.8308618068695068,2.6082150839101814e-07,0.9312524795532227,0.7146164774894714,-0.14618553221225739,0.8484646081924438,0.6580256223678589,-0.2142082005739212,0.753982424736023,0.7032216191291809,-0.26207202672958374,0.6700351238250732,0.7512083649635315,-0.29788440465927124,0.6242762804031372,0.6002655625343323,-0.12583425641059875,0.47710558772087097,0.6047216057777405,-0.23084025084972382,0.3841431438922882,0.6300067901611328,-0.2926512658596039,0.2969954311847687,0.6437810063362122,-0.3260713219642639,0.6248853206634521,0.6963968276977539,-0.09877516329288483,0.5498722791671753,0.7580372095108032,-0.2125123143196106,0.6432751417160034,0.7963434457778931,-0.24484284222126007,0.6892664432525635,0.7701268792152405,-0.24325475096702576,0.6413074731826782,0.7883428335189819,-0.09312326461076736,0.6209200620651245,0.8696327805519104,-0.217367485165596,0.7335091829299927,0.8721063137054443,-0.22521808743476868,0.7725964188575745,0.8037685751914978,-0.2006174474954605,0.6730288863182068,0.8591005802154541,-0.09993867576122284,0.6623292565345764,0.9270352721214294,-0.18672338128089905,0.7446013689041138,0.9216229915618896,-0.19115474820137024,0.7816655039787292,0.8713432550430298,-0.17497475445270538,oba
0.8598072528839111,0.7496441602706909,-2.399377194706176e-07,0.9168350696563721,0.6592203378677368,-0.13974086940288544,0.8584474921226501,0.6106995344161987,-0.233192577958107,0.7187557816505432,0.6369796991348267,-0.3075876235961914,0.5934242010116577,0.6663103103637695,-0.37929677963256836,0.8365532159805298,0.6236686110496521,-0.23176872730255127,0.7713814973831177,0.6850787401199341,-0.35718584060668945,0.7200549244880676,0.7340351343154907,-0.42853331565856934,0.663953423500061,0.7231535911560059,-0.47539132833480835,0.7844039797782898,0.7030881643295288,-0.2199106216430664,0.643100380897522,0.7240177392959595,-0.3549133539199829,0.5957614183425903,0.7430508732795715,-0.40089431405067444,0.5616422891616821,0.7091567516326904,-0.42765310406684875,0.7337534427642822,0.7612304091453552,-0.2189164161682129,0.6359176635742188,0.8121256232261658,-0.3701084554195404,0.6797075867652893,0.8369910717010498,-0.38611310720443726,0.7139483094215393,0.7959396839141846,-0.37629619240760803,0.6960814595222473,0.8055852651596069,-0.22564715147018433,0.6568640470504761,0.867900013923645,-0.3366256654262543,0.7001655101776123,0.8892515897750854,-0.3510645627975464,0.7328256368637085,0.8597610592842102,-0.3520723879337311,oba
0.9201750159263611,0.8033201098442078,2.1458654941852728e-07,0.861050009727478,0.7306768298149109,-0.12407826632261276,0.7418680191040039,0.696466863155365,-0.16792365908622742,0.6233281493186951,0.7235333919525146,-0.19580376148223877,0.5217238068580627,0.7567616701126099,-0.21557918190956116,0.5739309787750244,0.606944739818573,-0.051520124077796936,0.43835118412971497,0.6052786707878113,-0.10372335463762283,0.3385472893714905,0.6123226881027222,-0.14205384254455566,0.25489726662635803,0.6176795363426208,-0.16905935108661652,0.5704435110092163,0.6916630268096924,-0.022392956539988518,0.47465288639068604,0.7425104379653931,-0.10464464873075485,0.5657343864440918,0.771915853023529,-0.13344477117061615,0.6307166814804077,0.761883020401001,-0.12928824126720428,0.589040994644165,0.7799370288848877,-0.01053069718182087,0.5323876738548279,0.8437414169311523,-0.10930630564689636,0.6366105079650879,0.8508543968200684,-0.1209707111120224,0.6897396445274353,0.8176437616348267,-0.1002434715628624,0.6216403245925903,0.8571996092796326,-0.00916871428489685,0.5813204646110535,0.9095724821090698,-0.09047085791826248,0.6625891923904419,0.9072661399841309,-0.10058889538049698,0.7142956852912903,0.8701735734939575,-0.08704708516597748,oba
0.9195379018783569,0.8137959241867065,5.658619102177909e-07,0.8767401576042175,0.7305575609207153,-0.16334305703639984,0.7747851610183716,0.6958127617835999,-0.23683086037635803,0.6713554859161377,0.7339835166931152,-0.2896135747432709,0.5743664503097534,0.7870273590087891,-0.3349660336971283,0.578879177570343,0.6146735548973083,-0.11104293167591095,0.43500179052352905,0.6099689602851868,-0.18758761882781982,0.3267779052257538,0.614960253238678,-0.240652933716774,0.2380722165107727,0.6222438812255859,-0.2765367329120636,0.5806823372840881,0.7064362168312073,-0.07113435864448547,0.4827450215816498,0.7634021639823914,-0.18016062676906586,0.5800254344940186,0.785322904586792,-0.21902143955230713,0.6504582762718201,0.77149498462677,-0.22000367939472198,0.5997897982597351,0.7976658344268799,-0.0515163391828537,0.5477420091629028,0.8667947053909302,-0.17205607891082764,0.6609033346176147,0.8666229248046875,-0.187001571059227,0.720669686794281,0.8276885151863098,-0.16658464074134827,0.625809907913208,0.8733150959014893,-0.04577640816569328,0.595262885093689,0.9298081398010254,-0.14075841009616852,0.6821261644363403,0.9253736734390259,-0.1562170535326004,0.7363044619560242,0.8840833306312561,-0.14668786525726318,oba
0.901337742805481,0.7959197163581848,4.002970115379867e-07,0.8353430032730103,0.7239206433296204,-0.1443903148174286,0.713360607624054,0.6889647245407104,-0.19607360661029816,0.59650057554245,0.708454430103302,-0.2291552871465683,0.4984542727470398,0.7467595934867859,-0.25323835015296936,0.5648937225341797,0.5954490303993225,-0.054086871445178986,0.42938101291656494,0.5966832637786865,-0.10524313896894455,0.3267643451690674,0.5989019870758057,-0.14112640917301178,0.24629393219947815,0.6009418368339539,-0.1645847111940384,0.5646355748176575,0.6829103231430054,-0.014338679611682892,0.46617114543914795,0.7333812713623047,-0.09710712730884552,0.5534075498580933,0.7635636329650879,-0.12367012351751328,0.6191604137420654,0.7564987540245056,-0.11489540338516235,0.5803236365318298,0.771021842956543,0.004726143088191748,0.5194138288497925,0.828707754611969,-0.09669777005910873,0.6212040781974792,0.8359665870666504,-0.11224569380283356,0.6775954365730286,0.8080049753189087,-0.09137290716171265,0.6060731410980225,0.8449869751930237,0.011195680126547813,0.5687099695205688,0.8925508856773376,-0.07219807058572769,0.6452527642250061,0.8925995826721191,-0.08846338093280792,0.698318362236023,0.8612058162689209,-0.07843564450740814,oba
